race_code,kaisai_nen,kaisai_gappi,keibajo_code,bamei,ketto_toroku_bango,barei,seibetsu_code,kishu_code,kishumei_ryakusho,chokyoshi_code,futan_juryo,bataiju,zogen_sa,zogen_fugo,tansho_odds,tansho_ninkijun,kyakushitsu_hantei,kakutei_chakujun,wakuban,umaban,kyori,track_code,tenko_code,shiba_babajotai_code,dirt_babajotai_code,shusso_tosu,kaisai_kai,kaisai_nichime,chichi,haha,chichi_chichi,haha_chichi,shiba_ryo_1chaku,shiba_ryo_2chaku,shiba_ryo_3chaku,dirt_ryo_1chaku,dirt_ryo_2chaku,dirt_ryo_3chaku,shiba_short_1chaku,shiba_middle_1chaku,shiba_long_1chaku,dirt_short_1chaku,dirt_middle_1chaku,dirt_long_1chaku,kyakushitsu_keiko_nige,kyakushitsu_keiko_senko,kyakushitsu_keiko_sashi,kyakushitsu_keiko_oikomi,sogo_1chaku,sogo_2chaku,sogo_3chaku,chokyo_3f,chokyo_lap_3f,chokyo_lap_1f,chokyo_4f,chichi_code,haha_code,chichi_chichi_code,race_date,prev_race_date,weeks_since_last_race,prev_futan_juryo,futan_henka,past3_avg_chakujun,past3_avg_odds,total_races,win_count,win_rate,prev_chakujun,prev_odds,sogo_total,sogo_win_rate,shiba_win_rate,dirt_win_rate,short_win_rate,middle_win_rate,long_win_rate,kishu_win_rate,chokyoshi_win_rate,kishu_keibajo_win_rate,chichi_kyori,haha_kyori,chichi_track,haha_track,kishu_kyori,kishu_track,barei_kyori,bataiju_kyori,weeks_barei,kaishi_nige,kaishi_senko,futan_barei,nick_index,nick_roi,nick_win_rate,nick_place_rate,bataiju_signed,weight_ema3,weight_up_trend,weight_down_trend,weight_big_change,weight_stability,post_win_rate,post_bias,tenko_apt,shiba_baba_apt,dirt_baba_apt,ema3_chakujun,ema3_odds,ema5_chakujun,ema5_odds,ema10_chakujun,ema10_odds,futan_diff,age_futan_interaction,prev_futan,futan_increase,interval_bucket,interval_age,long_rest,tight_schedule,race_month,season,is_spring,is_summer,is_autumn,is_winter,is_inner,is_outer,kaikai_inner_rate,kaikai_outer_rate,inner_advantage,chokyo_pace_est,dist_category,nige_dist_score,oikomi_dist_score,pace_consistency,prev_track,track_change,horse_cluster,cluster_win_rate,cluster_avg_odds,cluster_size,age_from_peak,is_peak_age,before_peak,past_peak,age_experience,wood_4f_last,wood_4f_best30,wood_4f_zscore,wood_trend,wood_sessions14d,wood_pace_balance,hanro_4f_last,hanro_4f_best30,hanro_4f_zscore,hanro_trend,hanro_sessions14d,training_score_v2,training_form,trainer_tozai_x,trainer_win_rate_honnen,trainer_win_rate_ruikei,trainer_form_ratio,trainer_shiba_rate,trainer_dirt_rate,trainer_venue_rate,trainer_venue_rate_ruikei,trainer_best_dist_shiba,trainer_best_dist_dirt,trainer_hot_cold,trainer_specialty_score,trainer_tozai_y,is_debut,jockey_debut_win_rate,trainer_debut_win_rate,sire_debut_win_rate,debut_weight_bonus,debut_score,win_probability,odds_decimal,expected_value
2026031406020502,2026,314,06,エイシンニラク,2023105526,3,1,1161,菊沢一樹,1047,570,470.0,0.0,0.0,3619,14,3,1,7,14,1800,24,1,0,1,16,2,5,サトノクラウン,エイシンヘケト,Marju,エイシンアポロン,0,0,0,1,0,0,0,0,0,0,1,0,0,0,2,1,1,0,0,504,173,163,680,544,2623,136,2026-03-14,2026-02-14 00:00:00,4.0,540.0,30.0,13.0,1992.0,2,0,0.0,14.0,3343.0,1,0.5,0.0,0.5,0,1,0,0.0366581415174765,0.0285714285714285,0.0328867235079171,979200,4721400,13056,62952,2089800,27864,5400,846000.0,12.0,0,0,1710,1.0,1.0,0.0,0.0,0.0,-1.0,0,0,0,1.4142135623730951,0.0769230769230769,-0.0050110398844903,0.5,1.0,1.0,13.0,1992.0,12.666666666666666,1541.6666666666663,12.363636363636362,1132.2727272727273,515.0,1545.0,540.0,30.0,0.0,12.0,0.0,0.0,3.0,0.0,1.0,0.0,0.0,0.0,0.0,1.0,0.0577326801959412,0.0731387340111512,-0.0154060538152099,55.99999377777847,1.0,0.0,0.25,0.7071067811865476,17.0,1.0,2,0.1271399798590131,33.10866062437059,15888.0,1,0,1,0,6,56.5,56.4,-0.0338038212025258,0.1000000000000014,2.0,0.990498812351544,68.0,63.3,-0.573686868731589,-1.0,4.0,0.5047815215435882,B,1.0,0.0,0.0978082191780821,0.0,0.1084142394822006,0.086859688195991,0.0,0.1127098321342925,0.0,0.0,0.0,0.0195616438356164,1.0,0,0.0644834262969585,0.0706031923418278,0.0476190476190476,1.0,0.0,0.9617941639417464,361.9,347.073307930518
2026013110010306,2026,131,10,カシノリアーナ,2023100421,3,2,1215,橋木太希,1090,520,438.0,2.0,-1.0,3882,18,3,1,1,2,1200,17,1,1,0,18,1,3,サトノクラウン,ミュゼミランダ,Marju,ダイワメジャー,1,0,0,0,0,0,1,0,0,0,0,0,0,0,3,3,1,0,0,414,141,134,563,544,13014,136,2026-01-31,2025-10-25 00:00:00,14.0,520.0,0.0,11.333333333333334,2733.6666666666665,5,0,0.0,7.0,2665.0,1,0.5,0.5,0.0,1,0,0,0.0155763239875389,0.018,0.0588235294117647,652800,15616800,9248,221238,1458000,20655,3600,525600.0,42.0,0,0,1560,0.5414029419829269,3.635779816513762,0.036697247706422,0.0825688073394495,-2.0,0.5,0,0,0,3.346640106136296,0.0632111251580278,-0.0187229916495395,0.25,0.1428571428571428,0.1428571428571428,9.1875,2586.25,9.098765432098766,2254.061728395062,8.269380506795983,1727.392527832798,465.0,1395.0,520.0,0.0,3.0,42.0,1.0,0.0,1.0,0.0,0.0,0.0,0.0,1.0,1.0,0.0,0.0700298705609027,0.0643879173290938,0.0056419532318089,68.99998850000192,0.0,0.0,0.0,0.5773502691896257,11.0,1.0,0,0.1286250939143501,37.26016528925619,13310.0,1,0,1,0,15,54.4,54.4,0.1809014952210635,0.0,1.0,0.9153846153846156,56.3,56.1,1.2579075510221098,-10.200000000000005,7.0,0.7086319305154258,A,1.0,0.0,0.0387243735763098,0.0,0.0331125827814569,0.0437601296596434,0.0,0.0,0.0,0.0,0.0,0.0271070615034168,1.0,0,0.0644834262969585,0.0706031923418278,0.0476190476190476,0.4,0.0,0.5266405917520018,388.2,203.4418777181271
2026012506010905,2026,125,06,ヤマニンヘルシェ,2023104361,3,1,1150,石川裕紀,1182,570,476.0,0.0,0.0,1982,16,2,1,6,12,2000,17,1,1,0,18,1,9,レッドファルクス,ヤマニンヌヌース,スウェプトオーヴァーボード,ディープインパクト,1,0,0,0,0,0,0,1,0,0,0,0,0,1,0,1,1,0,0,519,184,161,718,832,13677,271,2026-01-25,0,0.0,0.0,570.0,0.0,0.0,0,0,0.0,0.0,0.0,1,0.5,0.5,0.0,0,1,0,0.056269113149847,0.0799605133267522,0.0607876712328767,1664000,27354000,14144,232509,2300000,19550,6000,952000.0,0.0,0,9,1710,0.7787050528878708,6.24375,0.0625,0.40625,0.0,0.0,0,0,0,0.0,0.0868824531516184,0.004948336344051,1.0,1.0,0.5,0.0,0.0,0.0,0.0,0.0,0.0,515.0,1545.0,0.0,570.0,0.0,0.0,0.0,1.0,1.0,0.0,0.0,0.0,0.0,1.0,0.0,1.0,0.0592105263157894,0.0809399477806788,-0.0217294214648893,51.89999481000052,2.0,0.0,0.5,0.0,0.0,1.0,0,0.1286250939143501,37.26016528925619,13310.0,1,0,1,0,0,52.7,52.7,0.3547105608973021,-20.39999999999999,0.0,0.9424083769633508,71.8,57.1,-1.1685636888225333,14.699999999999996,0.0,0.5187626171021806,B,1.0,0.2,0.104,1.923076923076924,0.1087719298245614,0.1,0.3333333333333333,0.2266666666666666,0.0,0.0,0.7628205128205128,0.1874666666666666,1.0,0,0.0644834262969585,0.0706031923418278,0.0,1.0,0.0,0.9918270803522,198.2,195.58012732580605
2026010408010105,2026,104,08,タイキルッジェーロ,2023102178,3,1,1178,斎藤新,1117,570,504.0,0.0,0.0,1706,13,2,1,4,8,1800,18,2,1,0,18,1,1,リオンディーズ,タイキキララ,キングカメハメハ,キングヘイロー,1,0,0,0,0,0,0,1,0,0,0,0,0,1,0,2,1,0,0,515,184,160,712,814,7501,250,2026-01-04,0,0.0,0.0,570.0,0.0,0.0,0,0,0.0,0.0,0.0,1,0.5,0.5,0.0,0,1,0,0.0604575163398692,0.1204465334900117,0.032,1465200,13501800,14652,135018,2120400,21204,5400,907200.0,0.0,0,1,1710,1.0,1.0,0.0,0.0,0.0,0.0,0,0,0,0.0,0.0901639344262295,0.0082298176186622,1.0,0.3333333333333333,0.3333333333333333,0.0,0.0,0.0,0.0,0.0,0.0,515.0,1545.0,0.0,570.0,0.0,0.0,0.0,1.0,1.0,0.0,0.0,0.0,0.0,1.0,1.0,0.0,0.0673352435530086,0.0847826086956521,-0.0174473651426435,57.22221586419824,1.0,0.0,0.5,0.0,0.0,1.0,0,0.1286250939143501,37.26016528925619,13310.0,1,0,1,0,0,71.6,0.0,-0.5175648427165336,-1.6000000000000083,0.0,0.9697542533081288,71.2,0.0,-1.074635769860806,0.6000000000000085,0.0,0.3785608154664943,C,2.0,0.0,0.1670606776989755,0.0,0.1755971594577146,0.153690596562184,0.2040816326530612,0.2040816326530612,0.0,0.0,0.0,0.1354529518663257,2.0,0,0.0644834262969585,0.0706031923418278,0.106060606060606,0.7,0.0,0.9779050537358681,170.6,165.8306021673391
2026032906030202,2026,329,06,ガルディーノ,2023105402,3,1,1203,石田拓郎,1116,540,488.0,2.0,-1.0,2379,14,1,1,2,3,1200,24,1,0,2,16,3,2,ダイワメジャー,ドロミティ,サンデーサイレンス,Pure Prize,0,0,0,0,0,0,0,0,0,1,0,0,1,1,1,2,1,0,0,467,167,138,643,633,9084,264,2026-03-29,2026-01-10 00:00:00,11.142857142857142,540.0,0.0,12.666666666666666,2364.333333333333,4,0,0.0,16.0,3409.0,1,0.5,0.0,0.0,1,0,0,0.0301624129930394,0.0531996915959907,0.039647577092511,759600,10900800,15192,218016,1443600,28872,3600,585600.0,33.42857142857143,2,2,1620,1.4421303778395147,8.827777777777778,0.1388888888888889,0.2777777777777778,-2.0,2.75,1,0,0,2.8284271247461867,0.052063492063492,-0.0298706247440752,0.25,0.2,0.5,13.125,2751.0,12.0,2623.3703703703704,10.78662659654395,2586.7340345604807,485.0,1455.0,540.0,0.0,2.0,33.42857142857143,0.0,0.0,3.0,0.0,1.0,0.0,0.0,0.0,1.0,0.0,0.0611861861861861,0.0753604193971166,-0.0141742332109304,77.83332036111327,0.0,1.0,0.0,1.1547005383792517,24.0,0.0,1,0.0540766503912781,41.20877533275366,59804.0,1,0,1,0,12,0.0,0.0,0.0,0.0,0.0,0.0,64.3,64.3,0.0055352981990681,-2.799999999999997,0.0,0.4701614461974727,C,1.0,0.0,0.082010582010582,0.0,0.0557275541795665,0.0924784217016029,0.0,0.0597014925373134,0.0,0.0,0.0,0.0164021164021164,1.0,0,0.0644834262969585,0.0706031923418278,0.1642857142857142,1.0,0.0,0.6510772921564794,237.9,153.89128780402643
2026041103010103,2026,411,03,サフランルージュ,2023101820,3,2,1158,野中悠太,1221,550,400.0,0.0,0.0,1132,14,3,1,3,5,1800,17,1,1,0,16,1,1,ワールドプレミア,サフランハーモニー,ディープインパクト,グラスワンダー,1,0,0,0,0,0,0,1,0,0,0,0,0,0,1,0,1,0,0,510,179,168,700,856,5466,292,2026-04-11,0,0.0,0.0,550.0,0.0,0.0,0,0,0.0,0.0,0.0,1,0.5,0.5,0.0,0,1,0,0.0250208507089241,0.037037037037037,0.0423280423280423,1540800,9838800,14552,92922,2084400,19686,5400,720000.0,0.0,0,0,1650,1.0,1.0,0.0,0.0,0.0,0.0,0,0,0,0.0,0.1028938906752411,0.0209597738676738,1.0,1.0,1.0,0.0,0.0,0.0,0.0,0.0,0.0,495.0,1485.0,0.0,550.0,0.0,0.0,0.0,1.0,4.0,1.0,1.0,0.0,0.0,0.0,1.0,0.0,0.0744908896034298,0.0616136919315403,0.0128771976718894,56.66666037037108,1.0,0.0,0.0,0.0,0.0,1.0,0,0.1286250939143501,37.26016528925619,13310.0,1,0,1,0,0,53.1,53.1,0.3138143101499519,-3.1000000000000014,0.0,0.921259842519685,70.0,64.3,-0.8867799319373494,0.5999999999999943,5.0,0.529121836031201,B,1.0,0.0,0.0,1.0,0.0,0.0,0.0,0.0,0.0,0.0,0.1333333333333333,0.0,1.0,0,0.0644834262969585,0.0706031923418278,0.2,0.1,0.0,0.9902158712460787,113.2,111.09243662505611
2026032807010502,2026,328,07,キタノサリスカ,2023105977,3,2,1195,川端海翼,1091,520,426.0,4.0,1.0,1073,11,2,1,8,13,1800,23,1,0,2,13,1,5,タイセイレジェンド,ブラウンキャビア,キングカメハメハ,Kodiac,0,0,0,0,0,0,0,0,0,0,1,0,0,1,0,3,1,0,0,451,150,148,610,619,11269,250,2026-03-28,2026-02-28 00:00:00,4.0,550.0,-30.0,8.0,2264.0,2,0,0.0,10.0,3043.0,1,0.5,0.0,0.0,0,1,0,0.0222717149220489,0.0442367601246105,0.0186915887850467,1114200,20284200,14237,259187,2151000,27485,5400,766800.0,12.0,0,5,1560,1.0,1.0,0.0,0.0,4.0,-2.0,0,0,0,2.8284271247461903,0.0856592877767083,0.003725170969141,0.25,0.25,1.0,8.0,2264.0,7.333333333333333,2004.3333333333333,6.727272727272727,1768.2727272727273,465.0,1395.0,550.0,0.0,0.0,12.0,0.0,0.0,3.0,0.0,1.0,0.0,0.0,0.0,0.0,1.0,0.0678144764581869,0.0759976525821596,-0.0081831761239726,50.1111055432105,1.0,0.0,0.75,0.0,24.0,1.0,1,0.0540766503912781,41.20877533275366,59804.0,1,0,1,0,6,0.0,0.0,0.0,0.0,0.0,0.0,61.0,55.7,0.5221388524885724,5.299999999999997,4.0,0.3493957165309168,D,2.0,0.0188679245283018,0.0786654423018059,0.2398502312605535,0.0671971706454465,0.0847378277153558,0.0,0.0,0.2,0.0,0.0,0.0757330884603611,2.0,0,0.0644834262969585,0.0706031923418278,0.0,0.4,0.0,0.9566265877626882,107.3,101.64603286693644
2026040509020403,2026,405,09,ゴーイングムーン,2023105834,3,2,1213,高杉吏麒,1120,550,478.0,0.0,0.0,984,12,2,1,8,15,1200,24,1,0,3,16,2,4,ダノンプレミアム,ソアリングギフト,ディープインパクト,ドゥラメンテ,0,0,0,0,0,0,0,0,0,1,0,0,0,1,1,1,1,0,0,512,177,163,698,640,7425,292,2026-04-05,2026-03-01 00:00:00,5.0,550.0,0.0,12.5,715.0,2,0,0.0,12.0,378.0,1,0.5,0.0,0.0,1,0,0,0.0918499353169469,0.0690287110568112,0.072829131652661,768000,8910000,15360,178200,1455600,29112,3600,573600.0,15.0,0,4,1650,1.0,1.0,0.0,0.0,0.0,-7.0,0,1,0,9.899494936611664,0.089058524173028,0.0071244073654606,0.3333333333333333,0.5,1.0,12.5,715.0,12.666666666666668,827.3333333333334,12.818181818181817,929.4545454545454,495.0,1485.0,550.0,0.0,1.0,15.0,0.0,0.0,4.0,1.0,1.0,0.0,0.0,0.0,0.0,1.0,0.0674673260332038,0.0743304243153776,-0.0068630982821738,85.33331911111348,0.0,0.0,0.0,0.7071067811865476,24.0,0.0,1,0.0540766503912781,41.20877533275366,59804.0,1,0,1,0,6,57.8,0.0,0.2088490234973313,3.0,0.0,0.9473684210526316,69.8,61.7,-0.8554706256167729,6.899999999999999,0.0,0.2311402032715162,D,2.0,0.06,0.084417999256229,0.7107488986784141,0.0771312584573748,0.0933113129644921,0.0,0.0662983425414364,0.1,0.0,0.1086997063142437,0.0468835998512458,2.0,0,0.0644834262969585,0.0706031923418278,0.0196078431372549,1.0,0.0,0.9742939439941339,98.4,94.87052408902278
2026030806020405,2026,308,06,トーセンブリラーレ,2023105943,3,1,1214,長浜鴻緒,1076,550,510.0,12.0,1.0,1370,12,2,2,2,3,1800,17,1,1,0,16,2,4,トーセンレーヴ,トーセンガーネット,ディープインパクト,アグネスデジタル,1,1,0,0,0,0,0,1,0,0,0,0,0,2,1,1,1,1,0,504,173,166,698,678,8876,292,2026-03-08,2026-01-05 00:00:00,8.857142857142858,550.0,0.0,8.0,361.5,2,0,0.0,11.0,518.0,2,0.3333333333333333,0.3333333333333333,0.0,0,1,0,0.0406926406926406,0.0664359861591695,0.0416666666666666,1220400,15976800,11526,150892,2185200,20638,5400,918000.0,26.571428571428573,0,8,1650,1.0,1.0,0.0,0.0,12.0,-4.0,0,1,1,5.656854249492381,0.0866873065015479,0.0047531896939806,0.3333333333333333,0.5,0.5,8.0,361.5,7.0,309.33333333333337,6.090909090909091,261.9090909090909,495.0,1485.0,550.0,0.0,2.0,26.571428571428573,0.0,0.0,3.0,0.0,1.0,0.0,0.0,0.0,1.0,0.0,0.078883495145631,0.0677799607072691,0.0111035344383619,55.99999377777847,1.0,0.0,0.25,0.7071067811865476,24.0,1.0,1,0.0540766503912781,41.20877533275366,59804.0,1,0,1,0,6,80.7,0.0,-2.508026991417222,6.799999999999997,0.0,0.9914821124361158,69.8,53.5,-0.8554706256167729,16.299999999999997,7.0,0.2518979861698418,D,1.0,0.1,0.0814426992437463,1.227857142857143,0.0631505898681471,0.0946419629444166,0.0,0.0707070707070707,0.0,0.2,0.2815952380952381,0.0762885398487492,1.0,0,0.0644834262969585,0.0706031923418278,0.0802010314792535,0.7,0.0,0.5973135148272268,137.0,80.83195153133008
2026022105010703,2026,221,05,エムノビアンカ,2023104757,3,2,1214,長浜鴻緒,1079,530,512.0,8.0,-1.0,944,12,4,1,4,8,1600,23,1,0,1,16,1,7,マクフィ,ラストマイア,Dubawi,ローエングリン,0,0,0,1,0,0,0,0,0,1,0,0,0,1,0,2,1,0,0,467,164,148,645,770,13931,54,2026-02-21,2025-11-16 00:00:00,13.857142857142858,550.0,-20.0,11.0,1241.0,1,0,0.0,11.0,1241.0,1,0.5,0.0,0.5,1,0,0,0.0406926406926406,0.0629865534324133,0.0317460317460317,1232000,22289600,17710,320413,1942400,27922,4800,819200.0,41.57142857142857,0,7,1590,1.0,1.0,0.0,0.0,-8.0,0.0,0,0,0,0.0,0.0526717557251908,-0.0292623610823764,0.3333333333333333,0.5,1.0,11.0,1241.0,11.0,1241.0,11.0,1241.0,475.0,1425.0,550.0,0.0,3.0,41.57142857142857,1.0,0.0,2.0,0.0,0.0,0.0,0.0,1.0,1.0,0.0,0.0606701940035273,0.0690003365870077,-0.0083301425834804,58.37499270312592,1.0,0.0,0.5,0.0,11.0,1.0,2,0.1271399798590131,33.10866062437059,15888.0,1,0,1,0,3,52.8,52.8,0.3444864982104651,0.8999999999999986,0.0,0.9637305699481864,64.5,57.7,-0.0257740081215082,-3.0,0.0,0.4617957809609279,C,1.0,0.0,0.1102265768524188,0.0,0.1220930232558139,0.0970245795601552,0.0,0.143581081081081,0.0,0.0,0.0,0.0220453153704837,1.0,0,0.0644834262969585,0.0706031923418278,0.0,0.7,0.0,0.8563978366090743,94.4,79.84395577589662
2026032209011006,2026,322,09,セイントエルモズ,2023101132,3,1,1178,斎藤新,1068,570,546.0,6.0,1.0,693,11,2,1,7,10,1800,24,2,0,1,13,1,10,サンダースノー,セイントヘレナ,Helmet,ディープスカイ,0,0,0,1,0,0,0,0,0,1,1,0,0,1,0,2,2,0,0,493,165,163,664,554,7289,97,2026-03-22,2025-11-02 00:00:00,20.0,560.0,10.0,6.5,759.0,2,1,0.3333333333333333,12.0,859.0,2,0.6666666666666666,0.0,0.5,1,1,0,0.0604575163398692,0.0623714873200822,0.0258823529411764,997200,13120200,13296,174936,2120400,28272,5400,982800.0,60.0,0,10,1710,2.4864948872586123,5.041379310344827,0.2413793103448276,0.4482758620689655,6.0,-3.0,0,1,0,4.242640687119285,0.0763250883392226,-0.0056090284683446,1.0,0.6666666666666666,1.0,6.5,759.0,4.666666666666667,725.6666666666667,3.0,695.3636363636363,515.0,1545.0,560.0,10.0,3.0,60.0,1.0,0.0,3.0,0.0,1.0,0.0,0.0,0.0,0.0,1.0,0.0675718345437322,0.0804567869192836,-0.0128849523755514,54.77777169135871,1.0,0.0,0.5,0.0,24.0,0.0,2,0.1271399798590131,33.10866062437059,15888.0,1,0,1,0,6,56.5,56.1,-0.0338038212025258,-0.2999999999999971,3.0,0.8836633663366337,66.4,53.8,-0.3232124181669815,5.300000000000004,6.0,0.4145870263517225,C,1.0,0.088235294117647,0.1003014524527267,0.8797010607521698,0.0992248062015503,0.101516919486581,0.0561797752808988,0.0561797752808988,0.0,0.3333333333333333,0.2135718581040815,0.1481501781309948,1.0,0,0.0644834262969585,0.0706031923418278,0.032258064516129,0.1,0.0,0.9677383625349905,69.3,66.06426852367484
2026022105010704,2026,221,05,ナムラダリア,2023106231,3,2,1143,原田和真,1131,550,446.0,0.0,0.0,646,8,3,1,4,7,1600,23,1,0,1,16,1,7,インディチャンプ,ナムラボルテージ,ステイゴールド,グランデラ,0,0,0,1,0,0,0,0,0,1,0,0,0,0,1,1,1,0,0,406,149,122,559,417,9214,276,2026-02-21,0,0.0,0.0,550.0,0.0,0.0,0,0,0.0,0.0,0.0,1,0.5,0.0,0.5,1,0,0,0.0143487858719646,0.0220082530949105,0.0048780487804878,667200,14742400,9591,211922,1828800,26289,4800,713600.0,0.0,0,0,1650,1.0,1.0,0.0,0.0,0.0,0.0,0,0,0,0.0,0.0526717557251908,-0.0292623610823764,0.5,1.0,1.0,0.0,0.0,0.0,0.0,0.0,0.0,495.0,1485.0,0.0,550.0,0.0,0.0,0.0,1.0,2.0,0.0,0.0,0.0,0.0,1.0,1.0,0.0,0.0606701940035273,0.0690003365870077,-0.0083301425834804,50.7499936562508,1.0,0.0,0.25,0.0,0.0,1.0,2,0.1271399798590131,33.10866062437059,15888.0,1,0,1,0,0,49.7,0.0,0.6614324415024297,-2.5999999999999943,0.0,0.96398891966759,55.9,52.4,1.3205261636632617,-8.899999999999999,8.0,0.7078071259839992,A,1.0,0.0384615384615384,0.0343441724515893,1.1198854337152209,0.0230832646331409,0.0433070866141732,0.0,0.0077220077220077,0.25,0.0,0.198956628477905,0.0818688344903178,1.0,0,0.0644834262969585,0.0706031923418278,0.0588235294117647,0.7,0.0,0.9787167965384048,64.6,62.22510505638095
2026032206020805,2026,322,06,セイウンラピス,2023105689,3,3,1085,松岡正海,1190,570,480.0,0.0,0.0,1312,12,3,4,7,14,1600,18,1,1,0,16,2,8,ミッキーアイル,ヒシラストレディ,ディープインパクト,Posse,1,0,0,0,0,0,1,0,0,0,0,0,0,0,1,1,1,0,0,468,148,170,608,787,10287,292,2026-03-22,0,0.0,0.0,570.0,0.0,0.0,0,0,0.0,0.0,0.0,1,0.5,0.5,0.0,1,0,0,0.0400977995110024,0.0490196078431372,0.0389105058365758,1259200,16459200,14166,185166,1736000,19530,4800,768000.0,0.0,0,0,1710,1.0,1.0,0.0,0.0,0.0,0.0,0,0,0,0.0,0.0483870967741935,-0.0335470200333737,0.5,0.5,0.5,0.0,0.0,0.0,0.0,0.0,0.0,515.0,1545.0,0.0,570.0,0.0,0.0,0.0,1.0,3.0,0.0,1.0,0.0,0.0,0.0,0.0,1.0,0.0868094701240135,0.0598859315589353,0.0269235385650781,58.49999268750092,1.0,0.0,0.25,0.0,0.0,1.0,0,0.1286250939143501,37.26016528925619,13310.0,1,0,1,0,0,56.9,56.9,-0.074700071949876,-15.6,1.0,0.9051094890510948,0.0,0.0,0.0,0.0,0.0,0.5644879145681286,B,1.0,0.1875,0.0548780487804878,3.0,0.0373831775700934,0.0716417910447761,0.2727272727272727,0.0266666666666666,0.0,0.3333333333333333,0.7345170454545454,0.2473392461197339,1.0,0,0.0644834262969585,0.0706031923418278,0.0652173913043478,1.0,0.0,0.4764402680307985,131.2,61.50896316564076
2026032907010602,2026,329,07,メイショウペイト,2023106564,3,1,1156,加藤祥太,1084,570,528.0,2.0,-1.0,630,9,3,1,1,1,1900,23,1,0,1,14,1,6,アメリカンペイトリオット,メイショウクノイチ,War Front,エンパイアメーカー,0,0,0,1,0,0,0,0,0,0,1,0,0,0,1,2,1,0,0,527,185,168,723,405,13211,220,2026-03-29,2026-03-14 00:00:00,2.142857142857143,570.0,0.0,12.0,2496.0,1,0,0.0,12.0,2496.0,1,0.5,0.0,0.5,0,1,0,0.027359781121751,0.0553290623179965,0.0225988700564971,769500,25100900,9315,303853,2196400,26588,5700,1003200.0,6.428571428571429,0,0,1710,1.0,1.0,0.0,0.0,-2.0,0.0,0,0,0,0.0,0.094017094017094,0.0120829772095267,0.3333333333333333,0.5,1.0,12.0,2496.0,12.0,2496.0,12.0,2496.0,515.0,1545.0,570.0,0.0,0.0,6.428571428571429,0.0,0.0,3.0,0.0,1.0,0.0,0.0,0.0,1.0,0.0,0.0678144764581869,0.0759976525821596,-0.0081831761239726,55.47367837119175,2.0,0.0,1.0,0.0,11.0,1.0,2,0.1271399798590131,33.10866062437059,15888.0,1,0,1,0,3,66.4,66.4,-0.2438436757373966,13.900000000000006,1.0,0.9691358024691358,72.3,56.8,-1.2468369546239737,3.3999999999999915,7.0,0.32318848161446,D,2.0,0.0909090909090909,0.0926193921852387,0.981534090909091,0.0893054024255788,0.0962827544180377,0.0,0.0,0.1428571428571428,0.3333333333333333,0.2658416655703197,0.1648335745296671,2.0,0,0.0644834262969585,0.0706031923418278,0.0,0.4,0.0,0.9256247039783249,63.0,57.31435635063447
2026041909020803,2026,419,09,バロニアル,2023103213,3,1,1034,酒井学,1216,570,508.0,0.0,0.0,642,9,1,1,1,1,1400,24,1,0,1,16,2,8,ダノンスマッシュ,ラブフール,ロードカナロア,ゼンノロブロイ,0,0,0,1,0,0,0,0,0,1,0,0,1,0,1,1,1,0,0,507,180,162,701,638,14068,328,2026-04-19,2026-03-28 00:00:00,3.142857142857143,570.0,0.0,9.0,1009.0,2,0,0.0,5.0,1623.0,1,0.5,0.0,0.5,1,0,0,0.0426330150068212,0.1290322580645161,0.0423183072677092,893200,19695200,15312,337632,1447600,24816,4200,711200.0,9.428571428571429,8,0,1710,1.0,1.0,0.0,0.0,0.0,-1.0,0,0,0,1.4142135623730951,0.0588235294117647,-0.0231105873958026,0.5,0.3333333333333333,0.5,9.0,1009.0,10.333333333333334,804.3333333333334,11.545454545454543,618.2727272727273,515.0,1545.0,570.0,0.0,0.0,9.428571428571429,0.0,0.0,4.0,1.0,1.0,0.0,0.0,0.0,1.0,0.0,0.0674673260332038,0.0743304243153776,-0.0068630982821738,72.42856108163413,0.0,1.0,0.0,0.7071067811865476,24.0,0.0,2,0.1271399798590131,33.10866062437059,15888.0,1,0,1,0,6,0.0,0.0,0.0,0.0,0.0,0.0,70.1,56.9,-0.9024345850976364,4.599999999999994,4.0,0.3253456579346524,D,2.0,0.0666666666666666,0.0,1.0,0.0,0.0833333333333333,0.1111111111111111,0.1111111111111111,0.0,0.1666666666666666,0.261111111111111,0.1055555555555555,2.0,0,0.0644834262969585,0.0706031923418278,0.037037037037037,0.7,0.0,0.8632568840917141,64.2,54.421091958688045
2026010408010106,2026,104,08,ジュウリョクピエロ,2023102979,3,2,1193,今村聖奈,1158,530,470.0,2.0,-1.0,556,7,2,1,2,2,2000,17,2,1,0,7,1,1,オルフェーヴル,ハッピーヴァリュー,ステイゴールド,ゼンノロブロイ,2,0,0,1,0,0,0,2,0,0,1,0,0,2,1,1,3,0,0,456,163,147,638,451,9720,276,2026-01-04,2025-12-20 00:00:00,2.142857142857143,550.0,-20.0,5.0,110.0,3,1,0.25,7.0,301.0,3,0.75,0.6666666666666666,0.5,0,3,0,0.0637799882972498,0.088724584103512,0.0473372781065088,902000,19440000,7667,165240,2386000,20281,6000,940000.0,6.428571428571429,0,2,1590,1.0,1.0,0.0,0.0,-2.0,-4.5,0,1,0,6.0,0.0825688073394495,0.0006346905318822,1.0,1.0,1.0,5.5,157.75,4.333333333333333,113.2222222222222,2.983471074380165,74.14049586776859,475.0,1425.0,550.0,0.0,0.0,6.428571428571429,0.0,0.0,1.0,0.0,0.0,0.0,0.0,1.0,1.0,0.0,0.0852842809364548,0.0619946091644204,0.0232896717720343,45.59999544000046,2.0,0.0,0.5,1.0,24.0,1.0,0,0.1286250939143501,37.26016528925619,13310.0,1,0,1,0,9,51.8,51.8,0.52468113924249,-1.6000000000000014,0.0,0.9385026737967914,63.8,60.6,0.0838085640005082,-1.6000000000000083,0.0,0.4977476163445877,C,2.0,0.0,0.1215943491422805,0.0,0.0971786833855799,0.144390243902439,0.0925925925925925,0.0925925925925925,0.0,0.0,0.0,0.0706151661247524,2.0,0,0.0644834262969585,0.0706031923418278,0.0895522388059701,1.0,0.0,0.9900407115872607,55.6,54.046263564251696
2026040406030309,2026,404,06,ケントン,2023103824,3,1,1169,武藤雅,1112,570,492.0,2.0,-1.0,564,12,2,1,8,12,2200,18,2,2,0,12,3,3,リアルスティール,エーティーロゼッタ,ディープインパクト,ディープスカイ,0,0,0,1,0,0,0,1,0,0,1,0,0,2,1,1,2,0,0,485,164,159,658,813,3127,292,2026-04-04,2026-01-24 00:00:00,10.0,570.0,0.0,8.0,93.0,4,1,0.2,12.0,159.0,2,0.6666666666666666,0.0,0.5,0,2,0,0.0437070012140833,0.0621336459554513,0.0471464019851116,1788600,6879400,14634,56286,2571800,21042,6600,1082400.0,30.0,0,6,1710,1.900190947952715,5.46,0.2,0.2,-2.0,2.25,1,0,0,5.744562646538029,0.065891472868217,-0.0160426439393502,1.0,1.0,0.5,8.125,147.75,6.37037037037037,170.33333333333337,4.298271975957926,214.3591284748309,515.0,1545.0,570.0,0.0,2.0,30.0,0.0,0.0,4.0,1.0,1.0,0.0,0.0,0.0,0.0,1.0,0.0800942285041225,0.0644230769230769,0.0156711515810455,44.090905082644994,2.0,0.0,0.5,0.5773502691896258,24.0,1.0,2,0.1271399798590131,33.10866062437059,15888.0,1,0,1,0,12,54.4,53.0,0.1809014952210635,-1.1000000000000014,2.0,0.9123711340206188,65.8,65.6,-0.2292844992052521,0.2000000000000028,4.0,0.521088829050461,B,1.0,0.1136363636363636,0.0694698354661791,1.6357655502392343,0.0623461853978671,0.0736791080950072,0.1428571428571428,0.0573770491803278,0.25,0.125,0.4915883458646616,0.1603225385218072,1.0,0,0.0644834262969585,0.0706031923418278,0.1296296296296296,1.0,0.0,0.9742134794777785,56.4,53.9456402425467
2026041909020805,2026,419,09,ダノンシーホーク,2023103470,3,1,1191,松本大輝,1058,570,476.0,4.0,-1.0,528,10,2,1,8,13,2200,17,1,1,0,13,2,8,ダノンスマッシュ,ダノンジャンヌ,ロードカナロア,ディープインパクト,1,0,0,0,0,0,0,1,0,0,0,0,0,1,0,2,1,0,0,456,153,150,624,638,7885,328,2026-04-19,2026-02-01 00:00:00,11.0,570.0,0.0,10.0,397.0,2,0,0.0,11.0,243.0,1,0.5,0.5,0.0,0,1,0,0.0516406670252824,0.1270221689634511,0.0495867768595041,1403600,17347000,10846,134045,2620200,20247,6600,1047200.0,33.0,0,8,1710,0.0,0.0,0.0,0.1363636363636363,-4.0,5.0,1,0,0,5.656854249492381,0.0930232558139534,0.0110891390063861,0.5,1.0,1.0,10.0,397.0,9.666666666666668,448.33333333333337,9.363636363636363,495.0,515.0,1545.0,570.0,0.0,2.0,33.0,0.0,0.0,4.0,1.0,1.0,0.0,0.0,0.0,0.0,1.0,0.0876288659793814,0.0701932858596134,0.017435580119768,41.45454168595076,2.0,0.0,1.0,0.0,24.0,1.0,0,0.1286250939143501,37.26016528925619,13310.0,1,0,1,0,6,52.9,52.9,0.4667785846892109,0.0,1.0,0.9071618037135276,62.4,54.4,0.3029737082445403,-0.1000000000000014,2.0,0.4749511085439011,C,2.0,0.25,0.1735928458705944,1.4401515151515152,0.159286946520989,0.1856519631604459,0.1428571428571428,0.1490514905149051,0.2,0.5,0.558742784992785,0.2561471406026903,2.0,0,0.0644834262969585,0.0706031923418278,0.037037037037037,1.0,0.0,0.9875272755625221,52.8,51.14144014970116
2026031409010702,2026,314,09,シャープインサイト,2023106289,3,1,1144,菱田裕二,1209,570,432.0,4.0,1.0,1512,11,3,8,1,1,1400,24,1,0,1,16,1,7,サンダースノー,プレシャスクルー,Helmet,ノヴェリスト,0,0,0,1,0,0,0,0,0,1,0,0,0,2,3,1,1,0,0,474,168,152,662,554,11664,97,2026-03-14,2026-03-01 00:00:00,1.8571428571428568,570.0,0.0,12.333333333333334,1266.0,4,0,0.0,11.0,2969.0,1,0.5,0.0,0.5,1,0,0,0.0657388214391471,0.058282208588957,0.0644007155635062,775600,16329600,13296,279936,1601600,27456,4200,604800.0,5.571428571428571,0,14,1710,1.0,1.0,0.0,0.0,4.0,-1.0,0,0,0,3.415650255319866,0.0588235294117647,-0.0231105873958026,0.25,0.1666666666666666,0.25,11.125,1760.375,10.037037037037038,1425.4444444444446,8.28174305033809,1172.096919609316,515.0,1545.0,570.0,0.0,0.0,5.57142857142857,0.0,0.0,3.0,0.0,1.0,0.0,0.0,0.0,1.0,0.0,0.0675718345437322,0.0804567869192836,-0.0128849523755514,67.71427604081771,0.0,0.0,0.0,0.5773502691896258,24.0,0.0,2,0.1271399798590131,33.10866062437059,15888.0,1,0,1,0,12,0.0,0.0,0.0,0.0,0.0,0.0,66.2,62.9,-0.291903111846405,3.3000000000000043,0.0,0.3089861592378131,D,2.0,0.0232558139534883,0.0758293838862559,0.3066860465116279,0.0632911392405063,0.0833333333333333,0.0,0.125,0.0,0.1666666666666666,0.0,0.0651658767772511,2.0,0,0.0644834262969585,0.0706031923418278,0.032258064516129,0.4,0.0,0.31742563115381667,151.2,46.994755430457076
2026021405010507,2026,214,05,トラスコンガーデン,2023100935,3,2,1075,田辺裕信,1152,550,446.0,4.0,-1.0,1752,12,4,1,5,10,1400,11,1,1,0,16,1,5,ダノンスマッシュ,ジャルディナージュ,ロードカナロア,Bernardini,2,0,1,0,0,0,2,0,0,0,0,0,0,2,1,3,2,0,1,492,171,160,680,638,6417,328,2026-02-14,2026-01-11 00:00:00,4.857142857142857,550.0,0.0,6.333333333333333,602.0,5,1,0.1666666666666666,11.0,1466.0,3,0.5,0.5,0.0,2,0,0,0.1011764705882353,0.0755885997521685,0.0944935418082936,893200,8983800,7018,70587,1505000,11825,4200,624400.0,14.57142857142857,0,10,1650,1.0,1.0,0.0,0.0,-4.0,4.875,1,0,0,4.979959839195487,0.0820770519262981,0.0001429351187308,0.5,0.3333333333333333,0.3333333333333333,7.875,894.25,6.654320987654322,726.2962962962963,5.702411037497438,555.8332764155454,495.0,1485.0,550.0,0.0,1.0,14.57142857142857,0.0,0.0,2.0,0.0,0.0,0.0,0.0,1.0,0.0,1.0,0.08,0.0671607225567392,0.0128392774432607,70.28570424489939,0.0,0.0,0.0,1.0,18.0,1.0,0,0.1286250939143501,37.26016528925619,13310.0,1,0,1,0,15,52.1,52.1,0.4160549370183278,0.0,1.0,0.925531914893617,68.0,54.3,-0.573686868731589,13.700000000000005,3.0,0.3120690686583632,D,1.0,0.0588235294117647,0.0796365579903794,0.7386498223450455,0.059620596205962,0.0926743159752868,0.3333333333333333,0.0595238095238095,0.0,0.0,0.3234438741939729,0.1825939782647425,1.0,0,0.0644834262969585,0.0706031923418278,0.037037037037037,0.7,0.0,0.2660808281490301,175.2,45.61736109171007
2026030809010605,2026,308,09,ノーブルクラウド,2023103069,3,2,1095,吉田隼人,1067,550,456.0,14.0,-1.0,1593,16,2,15,7,14,1800,24,2,0,1,16,1,6,カレンブラックヒル,ノーブルスノー,ダイワメジャー,クロフネ,0,0,0,1,0,0,0,0,0,0,1,0,0,2,1,1,1,0,0,407,143,135,555,467,9575,285,2026-03-08,2026-01-11 00:00:00,8.0,550.0,0.0,3.6666666666666665,577.0,3,1,0.25,1.0,82.0,1,0.5,0.0,0.5,0,1,0,0.0996202161846333,0.0872056015276893,0.1074681238615664,840600,17235000,11208,229800,1971000,26280,5400,820800.0,24.0,0,12,1650,1.1028775434200218,1.0954545454545457,0.0909090909090909,0.1818181818181818,-14.0,-3.0,0,1,1,4.0,0.0763250883392226,-0.0056090284683446,0.5,0.25,0.25,3.0,453.25,3.6666666666666674,602.2222222222224,4.2727272727272725,748.5950413223139,495.0,1485.0,550.0,0.0,1.0,24.0,0.0,0.0,3.0,0.0,1.0,0.0,0.0,0.0,0.0,1.0,0.0675718345437322,0.0804567869192836,-0.0128849523755514,45.22221719753143,1.0,0.0,0.25,1.0,24.0,0.0,2,0.1271399798590131,33.10866062437059,15888.0,1,0,1,0,9,53.2,0.0,0.3035902474631142,-0.2999999999999971,0.0,0.8929503916449087,55.5,0.0,1.3831447763044136,-6.200000000000003,0.0,0.5991964381932195,B,1.0,0.0769230769230769,0.1492663656884875,0.5153409917115022,0.1328923631990378,0.1637426900584795,0.1052631578947368,0.1052631578947368,0.0,0.1666666666666666,0.13718809711497,0.1324848520850659,1.0,0,0.0644834262969585,0.0706031923418278,0.075,0.7,0.0,0.2818354052673657,159.3,43.89638005909136
2026020708020302,2026,207,08,サイモンゼスト,2023102919,3,1,1034,酒井学,429,570,506.0,0.0,0.0,456,6,1,1,8,9,1900,24,2,0,1,9,2,3,サトノアラジン,ダノンエレガント,ディープインパクト,ブライアンズタイム,0,0,0,1,0,0,0,0,0,0,1,0,2,1,0,2,1,0,0,382,135,125,527,541,7876,292,2026-02-07,2026-01-31 00:00:00,1.0,570.0,0.0,13.0,240.5,2,0,0.0,9.0,399.0,1,0.5,0.0,0.5,0,1,0,0.0426330150068212,0.0984528832630098,0.0389221556886227,1027900,14964400,12984,189024,1964600,24816,5700,961400.0,3.0,6,3,1710,0.7937448672868848,1.3411764705882352,0.0588235294117647,0.1764705882352941,0.0,4.0,1,0,0,5.656854249492381,0.0862068965517241,0.0042727797441568,1.0,0.25,0.3333333333333333,13.0,240.5,14.333333333333334,187.66666666666669,15.545454545454543,139.63636363636363,515.0,1545.0,570.0,0.0,0.0,3.0,0.0,1.0,2.0,0.0,0.0,0.0,0.0,1.0,0.0,1.0,0.0646117368109069,0.0831721470019342,-0.0185604101910272,40.210522083102944,2.0,1.0,1.0,0.0,24.0,0.0,2,0.1271399798590131,33.10866062437059,15888.0,1,0,1,0,6,70.5,52.0,-0.4596622881632548,1.0999999999999943,8.0,0.9630350194552528,52.7,52.7,1.8214750647924776,-11.700000000000005,0.0,0.6897195393183523,A,0.0,0.0625,0.1324368378158109,0.4719230769230769,0.1418709009319986,0.1188463451019393,0.0,0.1374819102749638,0.0,0.0,0.0472003205128205,0.0264873675631621,0.0,0,0.0644834262969585,0.0706031923418278,0.0,0.7,0.0,0.9784426518961603,45.6,43.61698492646491
2026022105010705,2026,221,05,ゴールデンパゴーダ,2023101116,3,2,1179,菅原明良,1192,550,396.0,2.0,1.0,436,8,1,1,6,9,2400,11,1,1,0,14,1,7,バゴ,カリビアンゴールド,Nashwan,ステイゴールド,1,0,0,0,0,0,0,0,1,0,0,0,1,2,0,0,1,0,0,472,155,156,658,712,3655,151,2026-02-21,2025-11-09 00:00:00,14.857142857142858,550.0,0.0,4.0,419.0,1,0,0.0,4.0,419.0,1,0.5,0.5,0.0,0,0,1,0.0808792146820315,0.1159217877094972,0.0755225893459204,1708800,8772000,7832,40205,2829600,12969,7200,950400.0,44.57142857142857,7,14,1650,0.8667005051754685,0.2137254901960784,0.0560224089635854,0.1988795518207282,2.0,0.0,0,0,0,0.0,0.0963455149501661,0.0144113981425988,1.0,0.3333333333333333,0.3333333333333333,4.0,419.0,4.0,419.0,4.0,419.0,495.0,1485.0,550.0,0.0,3.0,44.57142857142857,1.0,0.0,2.0,0.0,0.0,0.0,0.0,1.0,0.0,1.0,0.08,0.0671607225567392,0.0128392774432607,39.33333005555584,3.0,0.25,0.0,0.0,11.0,0.0,0,0.1286250939143501,37.26016528925619,13310.0,1,0,1,0,3,54.1,0.0,0.403612161540179,-0.2999999999999971,0.0,0.945736434108527,65.8,0.0,-0.2292844992052521,0.7000000000000028,0.0,0.3950845568181019,C,1.0,0.32,0.1726457399103139,1.853506493506493,0.1760299625468165,0.1675977653631284,0.2,0.2368421052631578,0.0,0.4,0.7659350649350649,0.2545291479820628,1.0,0,0.0644834262969585,0.0706031923418278,0.0,0.1,0.0,0.9877387364993422,43.6,42.06540891137132
2026032807010501,2026,328,07,リサシテーション,2023106651,3,1,1212,柴田裕一,1066,550,466.0,8.0,1.0,453,8,4,1,3,6,1400,23,1,0,2,16,1,5,リオンディーズ,リヴァイバル,キングカメハメハ,ワイルドラッシュ,0,0,0,0,0,0,0,0,0,2,0,0,0,1,0,4,2,0,0,476,161,155,653,814,14471,250,2026-03-28,2026-01-18 00:00:00,9.857142857142858,570.0,-20.0,8.666666666666666,1280.3333333333333,3,0,0.0,13.0,1753.0,2,0.6666666666666666,0.0,0.0,2,0,0,0.0417690417690417,0.0719156850588964,0.037037037037037,1139600,20259400,18722,332833,1696800,27876,4200,652400.0,29.571428571428573,0,5,1650,1.0150624095768934,3.05,0.0909090909090909,0.1363636363636363,8.0,-0.5,0,0,0,1.1547005383792557,0.0670470756062767,-0.0148870412012905,0.4,1.0,1.0,9.75,1398.5,8.333333333333332,1165.4444444444443,6.900826446280991,903.7272727272727,495.0,1485.0,570.0,0.0,2.0,29.571428571428573,0.0,0.0,3.0,0.0,1.0,0.0,0.0,0.0,1.0,0.0,0.0678144764581869,0.0759976525821596,-0.0081831761239726,67.99999028571567,0.0,0.0,0.0,1.1547005383792517,17.0,1.0,1,0.0540766503912781,41.20877533275366,59804.0,1,0,1,0,9,53.9,0.0,0.4141398987316844,-12.300000000000004,0.0,0.8944591029023747,65.3,55.1,-0.151011233403812,3.699999999999996,0.0,0.5576745860720629,B,2.0,0.0512820512820512,0.1127582017010935,0.4547966401414677,0.1004319654427645,0.1228457799381352,0.0,0.0,0.2,0.1428571428571428,0.1032914416393697,0.1389307411907654,2.0,0,0.0644834262969585,0.0706031923418278,0.106060606060606,1.0,0.0,0.9299120091025919,45.3,41.12501401234741
2026011108010402,2026,111,08,ハッピーラブソング,2023100566,3,2,1213,高杉吏麒,1113,550,460.0,0.0,0.0,408,9,3,1,5,10,1800,24,1,0,1,16,1,4,バンドワゴン,ハッピーアモーレ,ホワイトマズル,ハーツクライ,0,0,0,1,0,0,0,0,0,0,1,0,0,0,1,0,1,0,0,402,139,130,548,716,9686,313,2026-01-11,0,0.0,0.0,550.0,0.0,0.0,0,0,0.0,0.0,0.0,1,0.5,0.0,0.5,0,1,0,0.0918499353169469,0.0886945658963148,0.0705882352941176,1288800,17434800,17184,232464,2183400,29112,5400,828000.0,0.0,0,0,1650,1.0,1.0,0.0,0.0,0.0,0.0,0,0,0,0.0,0.0876095118898623,0.005675395082295,1.0,1.0,1.0,0.0,0.0,0.0,0.0,0.0,0.0,495.0,1485.0,0.0,550.0,0.0,0.0,0.0,1.0,1.0,0.0,0.0,0.0,0.0,1.0,0.0,1.0,0.0625,0.0825410544511668,-0.0200410544511668,44.66666170370426,1.0,0.0,0.0,0.0,0.0,1.0,2,0.1271399798590131,33.10866062437059,15888.0,1,0,1,0,0,0.0,0.0,0.0,0.0,0.0,0.0,0.0,0.0,0.0,0.0,0.0,0.0,C,2.0,0.0,0.1002728512960436,0.0,0.0926331145149525,0.1069827033952594,0.0186335403726708,0.0186335403726708,0.0,0.0,0.0,0.0293713404455441,2.0,0,0.0644834262969585,0.0706031923418278,0.0802010314792535,1.0,0.0,0.9937175389214687,40.8,39.54367558799592
2026042505020111,2026,425,05,ヨカオウ,2023102707,3,1,5203,岩田康誠,431,570,460.0,8.0,-1.0,2567,16,2,15,7,14,2400,11,1,1,0,18,2,1,キズナ,ヨカヨカ,ディープインパクト,スクワートルスクワート,1,1,0,0,0,0,0,1,0,0,0,0,2,1,1,1,1,1,0,461,156,154,632,471,13800,292,2026-04-25,2026-04-04 00:00:00,3.0,570.0,0.0,3.333333333333333,181.3333333333333,5,1,0.1666666666666666,7.0,110.0,2,0.3333333333333333,0.3333333333333333,0.0,0,1,0,0.0830639948287007,0.0433925049309664,0.0586797066014669,1130400,33120000,5181,151800,12487200,57233,7200,1104000.0,9.0,2,1,1710,1.0,1.0,0.0,0.0,-8.0,0.625,0,0,0,3.162277660168386,0.0687679083094555,-0.0131662084981117,0.3333333333333333,0.25,0.1666666666666666,4.8125,139.9375,5.024691358024692,157.01234567901238,6.096373198552009,169.99405778293828,515.0,1545.0,570.0,0.0,0.0,9.0,0.0,0.0,4.0,1.0,1.0,0.0,0.0,0.0,0.0,1.0,0.072125583368689,0.0771735591012699,-0.0050479757325809,38.41666346527805,3.0,0.5,0.75,0.5773502691896253,18.0,1.0,0,0.1286250939143501,37.26016528925619,13310.0,1,0,1,0,15,52.7,52.7,0.477306321880716,-6.099999999999994,2.0,0.9574468085106383,63.2,51.7,0.1777364829622355,-0.5,6.0,0.702438748474586,A,2.0,0.0188679245283018,0.0799415570862032,0.2360214788905857,0.0788177339901477,0.0809225957779515,0.0847457627118644,0.0847457627118644,0.0,0.25,0.0,0.1333611927731728,2.0,0,0.0644834262969585,0.0706031923418278,0.1257861635220125,1.0,0.0,0.14936790115921786,256.7,37.34274022757122
2026011006010305,2026,110,06,バルドル,2023104920,3,1,1184,原優介,1150,570,454.0,0.0,0.0,1205,14,3,6,4,6,2000,17,1,1,0,15,1,3,リオンリオン,アドマイヤルミナス,ルーラーシップ,エピファネイア,1,0,0,0,0,0,0,0,1,0,0,0,0,1,2,0,1,0,0,484,169,153,653,815,1513,322,2026-01-10,0,0.0,0.0,570.0,0.0,0.0,0,0,0.0,0.0,0.0,1,0.5,0.5,0.0,0,0,1,0.0318489289740699,0.0747004933051444,0.0296762589928057,1630000,3026000,13855,25721,2368000,20128,6000,908000.0,0.0,0,3,1710,1.0,1.0,0.0,0.0,0.0,0.0,0,0,0,0.0,0.0739371534195933,-0.0079969633879739,0.3333333333333333,0.3333333333333333,0.3333333333333333,0.0,0.0,0.0,0.0,0.0,0.0,515.0,1545.0,0.0,570.0,0.0,0.0,0.0,1.0,1.0,0.0,0.0,0.0,0.0,1.0,1.0,0.0,0.0592105263157894,0.0809399477806788,-0.0217294214648893,48.399995160000486,2.0,0.0,0.0,0.0,0.0,1.0,0,0.1286250939143501,37.26016528925619,13310.0,1,0,1,0,0,53.9,53.9,0.2320218086552515,-1.0,1.0,0.9441624365482234,65.3,61.2,-0.151011233403812,4.099999999999994,2.0,0.3748628084448338,C,1.0,0.0,0.0910672853828306,0.0,0.0958904109589041,0.0868621064060803,0.0760869565217391,0.0760869565217391,0.0,0.0,0.0,0.0562569353374357,1.0,0,0.0644834262969585,0.0706031923418278,0.0802010314792535,0.7,0.0,0.268524000411746,120.5,31.357142049615398
2026022209010203,2026,222,09,ビズロード,2023100235,3,3,1144,菱田裕二,1085,570,464.0,2.0,1.0,308,6,2,1,8,11,1800,24,1,0,1,11,1,2,トランセンド,ディーブラッド,ワイルドラッシュ,ディープインパクト,0,0,0,1,0,0,0,0,0,0,1,0,0,1,1,0,1,0,0,483,159,162,648,669,8493,329,2026-02-22,2026-02-07 00:00:00,2.142857142857143,570.0,0.0,4.0,257.0,1,0,0.0,4.0,257.0,1,0.5,0.0,0.5,0,1,0,0.0657388214391471,0.0555555555555555,0.0644007155635062,1204200,15287400,16056,203832,2059200,27456,5400,835200.0,6.428571428571429,0,2,1710,1.614708540266741,1.0083333333333333,0.1458333333333333,0.2916666666666667,2.0,0.0,0,0,0,0.0,0.0851498637602179,0.0032157469526506,1.0,0.5,0.5,4.0,257.0,4.0,257.0,4.0,257.0,515.0,1545.0,570.0,0.0,0.0,6.428571428571429,0.0,0.0,2.0,0.0,0.0,0.0,0.0,1.0,0.0,1.0,0.0675718345437322,0.0804567869192836,-0.0128849523755514,53.66666070370437,1.0,0.0,0.0,0.0,24.0,0.0,2,0.1271399798590131,33.10866062437059,15888.0,1,0,1,0,3,0.0,0.0,0.0,0.0,0.0,0.0,0.0,0.0,0.0,0.0,0.0,0.0,C,2.0,0.1111111111111111,0.0980207351555136,1.1335470085470083,0.0796661608497723,0.1109919571045576,0.0559210526315789,0.0559210526315789,0.0,0.2,0.301118749062828,0.1075646733468922,2.0,0,0.0644834262969585,0.0706031923418278,0.1333333333333333,1.0,0.0,0.989893935069881,30.8,29.488733200152335
2026021405010503,2026,214,05,スカイレックス,2023106646,3,1,1179,菅原明良,1086,570,492.0,0.0,0.0,1544,9,3,8,6,12,1600,23,1,0,1,16,1,5,ヴァンゴッホ,スカイキューティー,American Pharoah,スペシャルウィーク,0,0,0,1,0,0,0,0,0,0,1,0,1,1,2,0,1,1,0,512,173,164,688,858,6679,5,2026-02-14,2026-01-25 00:00:00,2.857142857142857,570.0,0.0,5.0,72.0,1,0,0.0,5.0,72.0,2,0.3333333333333333,0.0,0.5,0,1,0,0.0808792146820315,0.0921810699588477,0.0755225893459204,1372800,10686400,19734,153617,1886400,27117,4800,787200.0,8.571428571428571,5,5,1710,1.0,1.0,0.0,0.0,0.0,0.0,0,0,0,0.0,0.081081081081081,-0.0008530357264862,0.25,0.25,0.3333333333333333,5.0,72.0,5.0,72.0,5.0,72.0,515.0,1545.0,570.0,0.0,0.0,8.571428571428571,0.0,0.0,2.0,0.0,0.0,0.0,0.0,1.0,0.0,1.0,0.0606701940035273,0.0690003365870077,-0.0083301425834804,63.99999200000101,1.0,0.75,0.0,0.0,24.0,1.0,2,0.1271399798590131,33.10866062437059,15888.0,1,0,1,0,3,0.0,0.0,0.0,0.0,0.0,0.0,68.8,53.5,-0.6989240940138927,3.899999999999992,18.0,0.382114713924595,C,1.0,0.125,0.1255686988171064,0.9954710144927535,0.1129381220250973,0.139568345323741,0.0,0.1201353637901861,0.3333333333333333,0.125,0.2415006038647343,0.1251137397634212,1.0,0,0.0644834262969585,0.0706031923418278,0.0384615384615384,1.0,0.0,0.1910389651122188,154.4,28.496416213326583
2026041909020806,2026,419,09,ロードストラダーレ,2023104886,3,1,1032,池添謙一,1056,570,498.0,4.0,-1.0,524,13,2,14,8,15,1200,24,2,0,1,15,2,8,ロードカナロア,ティズウインディ,キングカメハメハ,Tiznow,0,0,0,1,0,0,0,0,0,1,0,0,1,4,0,1,1,0,0,516,178,165,696,845,8216,250,2026-04-19,2026-03-29 00:00:00,3.0,570.0,0.0,6.666666666666667,776.6666666666666,5,1,0.1666666666666666,4.0,1323.0,1,0.5,0.0,0.5,1,0,0,0.0943994364212751,0.0287398673544583,0.0754257907542579,1014000,9859200,20280,197184,1238400,24768,3600,597600.0,9.0,8,32,1710,1.0,1.0,0.0,0.0,-4.0,2.375,1,0,0,7.127411872482191,0.089058524173028,0.0071244073654606,0.5,0.1666666666666666,0.5,6.9375,915.3125,7.679012345679013,702.9012345679013,8.955809029437878,475.55358240557337,515.0,1545.0,570.0,0.0,0.0,9.0,0.0,0.0,4.0,1.0,1.0,0.0,0.0,0.0,0.0,1.0,0.0674673260332038,0.0743304243153776,-0.0068630982821738,85.99998566666905,0.0,1.0,0.0,1.5275252316519468,24.0,0.0,2,0.1271399798590131,33.10866062437059,15888.0,1,0,1,0,15,51.7,0.0,0.456951187765678,-0.3999999999999986,0.0,0.946524064171123,69.6,54.3,-0.8241613192961964,15.299999999999995,4.0,0.3059563711636932,D,1.0,0.0454545454545454,0.0514705882352941,0.8831168831168832,0.0480535279805352,0.0540665434380776,0.0,0.0303030303030303,0.25,0.1666666666666666,0.1419372294372294,0.0852941176470588,1.0,0,0.0644834262969585,0.0706031923418278,0.0952380952380952,1.0,0.0,0.5606173571212737,52.4,28.37634951315474
2026042508030108,2026,425,08,ジャストビート,2023101090,3,2,1157,鮫島克駿,1042,550,418.0,6.0,-1.0,995,6,1,6,6,6,1800,18,1,1,0,6,3,1,デクラレーションオブウォー,ステルス,War Front,ディープインパクト,1,0,0,0,0,0,0,1,0,0,0,0,0,1,2,5,1,0,0,388,131,129,531,660,6903,220,2026-04-25,2026-03-28 00:00:00,4.0,550.0,0.0,6.333333333333333,1013.6666666666666,8,1,0.1111111111111111,6.0,285.0,1,0.5,0.5,0.0,0,1,0,0.0888144938952343,0.0524737631184407,0.0682451253481894,1188000,12425400,11880,124254,2082600,20826,5400,752400.0,12.0,0,1,1650,1.2262202250490988,0.8895734597156398,0.1090047393364928,0.3412322274881517,-6.0,-0.875,0,0,0,3.741657386773949,0.0863309352517985,0.0043968184442312,0.1428571428571428,0.1111111111111111,0.1111111111111111,5.96875,736.0703125,5.921353452217651,773.8715134887976,6.329446434272064,681.2178325422401,495.0,1485.0,550.0,0.0,0.0,12.0,0.0,0.0,4.0,1.0,1.0,0.0,0.0,0.0,0.0,1.0,0.0952380952380952,0.0689655172413793,0.0262725779967159,43.11110632098819,1.0,0.0,1.25,0.5773502691896257,18.0,0.0,0,0.1286250939143501,37.26016528925619,13310.0,1,0,1,0,24,70.6,70.6,-0.4649261567590071,-6.200000000000003,0.0,0.9360465116279072,53.1,53.1,1.7588564521513257,-2.0,2.0,0.6210729669489425,B,2.0,0.0727272727272727,0.0883355176933158,0.8233072565416778,0.0799759470835838,0.0947955390334572,0.2,0.0765864332603938,0.3333333333333333,0.0869565217391304,0.2748516320474777,0.2176671035386632,2.0,0,0.0644834262969585,0.0706031923418278,0.0,0.1,0.0,0.2889367304083854,99.5,27.74920467563435
2026012508010903,2026,125,08,シャンデヴィーニュ,2023107384,3,2,1195,川端海翼,1212,520,448.0,2.0,1.0,917,11,1,7,1,1,1400,24,1,0,1,12,1,9,ミスターメロディ,シュペトレーゼ,Scat Daddy,ディープインパクト,0,0,0,1,0,0,0,0,0,0,1,0,3,0,4,0,1,0,0,481,167,153,660,785,6001,183,2026-01-25,2025-11-16 00:00:00,10.0,550.0,-30.0,9.0,232.3333333333333,3,0,0.0,10.0,148.0,1,0.5,0.0,0.5,0,1,0,0.0222717149220489,0.0433333333333333,0.0136986301369863,1099000,8401400,18840,144024,1673000,28680,4200,627200.0,30.0,27,0,1560,0.9307800428209924,1.1,0.0769230769230769,0.2307692307692307,2.0,-2.0,0,0,0,8.326663997864534,0.0594479830148619,-0.0224861337927053,0.1666666666666666,0.2,0.2,9.25,211.25,8.88888888888889,197.33333333333337,8.512396694214875,169.49586776859502,465.0,1395.0,550.0,0.0,2.0,30.0,0.0,0.0,1.0,0.0,0.0,0.0,0.0,1.0,1.0,0.0,0.0625,0.0825410544511668,-0.0200410544511668,68.71427589796059,0.0,3.0,0.0,0.0,24.0,0.0,2,0.1271399798590131,33.10866062437059,15888.0,1,0,1,0,9,56.0,0.0,0.3035986582208788,0.0,0.0,0.9375,66.0,53.3,-0.2605938055258285,10.1,4.0,0.3179209748702723,D,2.0,0.0833333333333333,0.059171597633136,1.4083333333333334,0.04,0.0672268907563025,0.1111111111111111,0.0,0.0,0.2,0.3845833333333333,0.1273898750821827,2.0,0,0.0644834262969585,0.0706031923418278,0.0285714285714285,0.7,0.0,0.3006222444961088,91.7,26.567059820293178
2026030110011205,2026,301,10,ラヴリーティアラ,2023107290,3,2,1220,田山旺佑,1105,520,418.0,0.0,0.0,976,14,4,9,5,10,1200,17,1,1,0,18,1,12,サトノクラウン,ラヴアンドドラゴン,Marju,ディープインパクト,1,0,0,0,0,0,1,0,0,0,0,0,0,0,1,1,1,0,0,486,168,156,674,544,14189,136,2026-03-01,0,0.0,0.0,520.0,0.0,0.0,0,0,0.0,0.0,0.0,1,0.5,0.5,0.0,1,0,0,0.0519031141868512,0.1197252208047105,0.05,652800,17026800,9248,241213,1464000,20740,3600,501600.0,0.0,0,0,1560,0.4178195763457579,0.2259136212624584,0.0299003322259136,0.2159468438538206,0.0,0.0,0,0,0,0.0,0.0647727272727272,-0.01716138953484,0.5,0.5,0.5,0.0,0.0,0.0,0.0,0.0,0.0,465.0,1395.0,0.0,520.0,0.0,0.0,0.0,1.0,3.0,0.0,1.0,0.0,0.0,0.0,0.0,1.0,0.0700298705609027,0.0643879173290938,0.0056419532318089,80.99998650000225,0.0,0.0,0.0,0.0,0.0,1.0,0,0.1286250939143501,37.26016528925619,13310.0,1,0,1,0,0,0.0,0.0,0.0,0.0,0.0,0.0,67.4,57.4,-0.4797589497698617,10.000000000000009,3.0,0.2860070306317124,D,2.0,0.0571428571428571,0.181378476420798,0.315047619047619,0.1908713692946058,0.1633011413520632,0.0,0.0,0.1111111111111111,0.0,0.000679365079365,0.0696090286174929,2.0,0,0.0644834262969585,0.0706031923418278,0.0476190476190476,0.1,0.0,0.2785315380868255,97.6,26.184678117274167
2026041203010205,2026,412,03,マイネルクオリア,2023106410,3,1,1135,杉原誠人,1027,570,502.0,0.0,0.0,276,10,4,1,5,10,1800,17,1,1,0,16,1,2,ベンバトル,マイネランデブー,Dubawi,アグネスデジタル,1,0,0,0,0,0,0,1,0,0,0,0,0,0,0,1,1,0,0,516,181,166,701,759,12360,54,2026-04-12,0,0.0,0.0,570.0,0.0,0.0,0,0,0.0,0.0,0.0,1,0.5,0.5,0.0,0,1,0,0.0392918825561312,0.0766839378238342,0.0409356725146198,1366200,22248000,12903,210120,2043000,19295,5400,903600.0,0.0,0,0,1710,1.0,1.0,0.0,0.0,0.0,0.0,0,0,0,0.0,0.0560471976401179,-0.0258869191674493,1.0,1.0,1.0,0.0,0.0,0.0,0.0,0.0,0.0,515.0,1545.0,0.0,570.0,0.0,0.0,0.0,1.0,4.0,1.0,1.0,0.0,0.0,0.0,0.0,1.0,0.0744908896034298,0.0616136919315403,0.0128771976718894,57.33332696296368,1.0,0.0,0.25,0.0,0.0,1.0,0,0.1286250939143501,37.26016528925619,13310.0,1,0,1,0,0,51.7,51.2,0.456951187765678,-17.5,0.0,0.9705882352941176,69.8,54.8,-0.8554706256167729,-0.2999999999999971,10.0,0.6383765163960097,B,1.0,0.0666666666666666,0.1138356899946304,0.5856394129979036,0.1087321578505457,0.1176287051482059,0.0,0.0,0.1666666666666666,0.25,0.1523178163794182,0.1546849829962412,1.0,0,0.0644834262969585,0.0706031923418278,0.0476190476190476,0.7,0.0,0.9748009791034971,27.6,25.90450702325652
2026011206010505,2026,112,06,スローモーション,2023100971,3,2,1142,長岡禎仁,1174,550,388.0,0.0,0.0,274,8,2,1,8,15,1200,24,1,0,1,16,1,5,ミスチヴィアスアレックス,ルーナクオーレ,Into Mischief,ディープインパクト,0,0,0,1,0,0,0,0,0,1,0,0,0,1,2,0,1,0,0,435,153,137,610,786,14631,108,2026-01-12,0,0.0,0.0,550.0,0.0,0.0,0,0,0.0,0.0,0.0,1,0.5,0.0,0.5,1,0,0,0.0437017994858611,0.0415601023017902,0.03125,943200,17557200,18864,351144,1370400,27408,3600,465600.0,0.0,0,5,1650,1.0,1.0,0.0,0.0,0.0,0.0,0,0,0,0.0,0.0736906211936662,-0.008243495613901,0.3333333333333333,0.5,1.0,0.0,0.0,0.0,0.0,0.0,0.0,495.0,1485.0,0.0,550.0,0.0,0.0,0.0,1.0,1.0,0.0,0.0,0.0,0.0,1.0,0.0,1.0,0.0551495016611295,0.0763076923076923,-0.0211581906465627,72.49998791666867,0.0,0.0,0.0,0.0,0.0,1.0,2,0.1271399798590131,33.10866062437059,15888.0,1,0,1,0,0,52.9,52.5,0.3342624355236274,0.3999999999999986,0.0,0.936,0.0,0.0,0.0,0.0,0.0,0.3997493210361059,C,1.0,0.0,0.0551248923341946,0.0,0.0518234165067178,0.0578125,0.0267857142857142,0.0267857142857142,0.0,0.0,0.0,0.024417835609696,1.0,0,0.0644834262969585,0.0706031923418278,0.0714285714285714,0.1,0.0,0.9743751230415145,27.4,25.697878371337495
2026031409010704,2026,314,09,メランコリニスタ,2023105210,3,2,1180,団野大成,1130,550,450.0,2.0,-1.0,298,8,1,1,7,13,1400,17,1,1,0,18,1,7,ミッキーアイル,ポエティックレガシー,ディープインパクト,Lope de Vega,2,0,0,0,0,0,2,0,0,0,0,0,2,1,2,0,2,0,0,485,171,157,665,787,12174,292,2026-03-14,2026-01-12 00:00:00,8.714285714285714,550.0,0.0,6.0,155.0,3,0,0.0,7.0,170.0,2,0.6666666666666666,0.6666666666666666,0.0,2,0,0,0.0753212228622064,0.0857480780603193,0.0752248569092395,1101800,17043600,13379,206958,1652000,20060,4200,630000.0,26.14285714285714,14,7,1650,1.0,1.0,0.0,0.0,-2.0,-2.5,0,1,0,3.055050463303885,0.065359477124183,-0.0165746396833842,0.5,0.4,0.4,6.25,158.75,6.333333333333333,168.22222222222226,6.553719008264462,182.57024793388427,495.0,1485.0,550.0,0.0,2.0,26.14285714285714,0.0,0.0,3.0,0.0,1.0,0.0,0.0,0.0,0.0,1.0,0.0976253298153034,0.0712166172106825,0.0264087126046209,69.28570438775651,0.0,2.0,0.0,0.5773502691896258,17.0,0.0,0,0.1286250939143501,37.26016528925619,13310.0,1,0,1,0,9,53.3,0.0,0.4457231103062004,0.6999999999999957,0.0,0.9481865284974093,66.5,66.5,-0.3388670713272687,11.799999999999995,0.0,0.2531166344702188,D,2.0,0.0606060606060606,0.1272040302267002,0.4764476447644764,0.1296900489396411,0.1245674740484429,0.3333333333333333,0.1264367816091954,0.3333333333333333,0.1428571428571428,0.2550830083008301,0.2921074727120067,2.0,0,0.0644834262969585,0.0706031923418278,0.0652173913043478,0.7,0.0,0.8859043996816632,29.8,25.399951110513566
2026041106030511,2026,411,06,レザベーション,2023103268,3,1,1184,原優介,1149,570,458.0,0.0,0.0,435,6,2,1,2,3,1600,18,1,1,0,15,3,5,ダノンプレミアム,プレノタート,ディープインパクト,ジャングルポケット,2,1,0,0,0,0,2,0,0,0,0,0,0,4,0,1,2,1,0,416,150,123,572,640,11684,292,2026-04-11,2026-03-07 00:00:00,5.0,570.0,0.0,3.0,77.33333333333333,4,1,0.2,1.0,28.0,3,0.5,0.5,0.0,2,0,0,0.0318489289740699,0.0773109243697479,0.0296762589928057,1024000,18694400,11520,210312,1894400,21312,4800,732800.0,15.0,0,20,1710,1.0,1.0,0.0,0.0,0.0,-1.25,0,0,0,1.914854215512676,0.0818713450292397,-6.277177832754444e-05,0.5,0.4,0.4,2.25,121.0,2.8518518518518525,211.6296296296297,3.40045078888054,337.5634861006761,515.0,1545.0,570.0,0.0,1.0,15.0,0.0,0.0,4.0,1.0,1.0,0.0,0.0,0.0,1.0,0.0,0.0800942285041225,0.0644230769230769,0.0156711515810455,51.99999350000082,1.0,0.0,0.25,0.0,18.0,0.0,0,0.1286250939143501,37.26016528925619,13310.0,1,0,1,0,12,0.0,0.0,0.0,0.0,0.0,0.0,57.2,54.1,1.1170156725795166,-11.5,6.0,0.6825796237835692,A,2.0,0.1632653061224489,0.1028597785977859,1.5872609133339437,0.1064962726304579,0.1000813669650122,0.0,0.0,0.3333333333333333,0.4285714285714285,0.4327933864128611,0.1491433842909857,2.0,0,0.0644834262969585,0.0706031923418278,0.0196078431372549,0.7,0.0,0.6012964486684826,43.5,25.156395517078995
2026012506010904,2026,125,06,トーアエレクトラム,2023103846,3,2,1179,菅原明良,1068,550,484.0,0.0,0.0,418,9,3,1,2,4,1800,24,1,0,1,16,1,9,オルフェーヴル,ジョーヌダンブル,ステイゴールド,アグネスデジタル,0,0,0,1,0,0,0,0,0,0,1,0,0,0,1,1,1,0,0,478,163,157,649,451,6557,276,2026-01-25,0,0.0,0.0,550.0,0.0,0.0,0,0,0.0,0.0,0.0,1,0.5,0.0,0.5,0,1,0,0.0808792146820315,0.0623714873200822,0.0695296523517382,811800,11802600,10824,157368,2122200,28296,5400,871200.0,0.0,0,0,1650,0.8540427897528439,1.7297297297297298,0.081081081081081,0.2162162162162162,0.0,0.0,0,0,0,0.0,0.0747051114023591,-0.0072290054052081,0.5,0.5,0.5,0.0,0.0,0.0,0.0,0.0,0.0,495.0,1485.0,0.0,550.0,0.0,0.0,0.0,1.0,1.0,0.0,0.0,0.0,0.0,1.0,1.0,0.0,0.0551495016611295,0.0763076923076923,-0.0211581906465627,53.1111052098772,1.0,0.0,0.25,0.0,0.0,1.0,2,0.1271399798590131,33.10866062437059,15888.0,1,0,1,0,0,0.0,0.0,0.0,0.0,0.0,0.0,0.0,0.0,0.0,0.0,0.0,0.0,C,1.0,0.0,0.1002208724461623,0.0,0.1002087682672233,0.1002344665885111,0.0,0.1128048780487804,0.0,0.0,0.0,0.0200441744892324,1.0,0,0.0644834262969585,0.0706031923418278,0.0895522388059701,1.0,0.0,0.6091204593344274,41.8,24.46123520017906
2026032107010311,2026,321,07,プルヴォワール,2023110075,3,2,1142,長岡禎仁,1152,550,438.0,4.0,-1.0,4220,17,3,16,6,12,1400,11,1,1,0,17,1,3,Dabirsim,Almahroosa,Hat Trick,Green Tune,1,0,0,0,0,0,1,0,0,0,0,0,0,2,4,0,1,0,1,384,136,122,538,66,28,94,2026-03-21,2026-03-01 00:00:00,2.857142857142857,550.0,0.0,3.6666666666666665,314.6666666666667,5,1,0.1666666666666666,1.0,212.0,2,0.3333333333333333,0.5,0.0,1,0,0,0.0437017994858611,0.0755885997521685,0.0505415162454873,92400,39200,726,308,1598800,12562,4200,613200.0,8.571428571428571,0,6,1650,1.0,1.0,0.0,0.0,-4.0,-0.125,0,0,0,4.560701700396556,0.0684931506849315,-0.0134409661226358,0.2,0.2,0.1666666666666666,2.9375,303.1875,4.111111111111112,310.44444444444446,5.563007991257425,267.376955126016,495.0,1485.0,550.0,0.0,0.0,8.571428571428571,0.0,0.0,3.0,0.0,1.0,0.0,0.0,0.0,0.0,1.0,0.0819415448851774,0.0685449957947855,0.0133965490903919,54.85713502040928,0.0,0.0,0.0,0.5773502691896257,17.0,1.0,0,0.1286250939143501,37.26016528925619,13310.0,1,0,1,0,15,0.0,0.0,0.0,0.0,0.0,0.0,53.8,0.0,1.6492738800293103,0.0,0.0,0.4481038215008548,C,1.0,0.0857142857142857,0.0799364743250397,1.0722800378429518,0.061744966442953,0.0917832167832167,0.0,0.0,0.2,0.1666666666666666,0.2775683065446036,0.1159555320275277,1.0,0,0.0644834262969585,0.0706031923418278,0.0802010314792535,0.4,0.0,0.06025949707984932,422.0,24.42950776769641
2026032109010906,2026,321,09,ハンザキ,2023101004,3,2,1091,丹内祐次,1129,550,448.0,2.0,1.0,1338,12,2,9,5,10,1400,24,1,0,1,16,1,9,ハクサンムーン,ミッキーアップル,アドマイヤムーン,クロフネ,0,0,0,1,0,0,0,0,0,1,0,0,1,2,2,1,1,0,0,554,190,172,747,706,12928,236,2026-03-21,2026-01-25 00:00:00,7.857142857142857,550.0,0.0,3.6666666666666665,480.6666666666667,5,1,0.1666666666666666,1.0,34.0,1,0.5,0.0,0.5,1,0,0,0.0705355476768053,0.0760667903525046,0.0166666666666666,988400,18099200,16944,310272,1527400,26184,4200,627200.0,23.57142857142857,9,18,1650,1.0,1.0,0.0,0.0,2.0,0.0,0,0,0,2.8284271247461903,0.0642398286937901,-0.0176942881137771,0.2,0.3333333333333333,0.3333333333333333,3.0,261.875,3.987654320987656,303.33333333333337,5.141930196024861,276.08530838057504,495.0,1485.0,550.0,0.0,1.0,23.57142857142857,0.0,0.0,3.0,0.0,1.0,0.0,0.0,0.0,0.0,1.0,0.0675718345437322,0.0804567869192836,-0.0128849523755514,79.14284583673631,0.0,1.0,0.0,0.9999999999999998,24.0,0.0,2,0.1271399798590131,33.10866062437059,15888.0,1,0,1,0,15,74.8,0.0,-0.6860086377806184,2.200000000000003,0.0,0.947080291970803,74.7,0.0,-1.6225486304708867,20.40000000000001,0.0,0.1826670796759977,D,2.0,0.1428571428571428,0.1151195784353465,1.2409456740442657,0.1144726083401471,0.1157556270096463,0.0,0.1050420168067226,0.0,0.3333333333333333,0.3225855130784708,0.1230239156870693,2.0,0,0.0644834262969585,0.0706031923418278,0.0802010314792535,0.7,0.0,0.18928651158880788,133.8,24.326535250582495
2026031406020505,2026,314,06,ホウオウギンガ,2023105617,3,2,1117,丸田恭介,1102,550,434.0,0.0,0.0,252,6,3,1,4,8,1600,18,1,1,0,16,2,5,モーリス,ホウオウヒミコ,スクリーンヒーロー,ロードカナロア,1,0,0,0,0,0,1,0,0,0,0,0,0,0,1,0,1,0,0,500,171,162,682,803,11974,272,2026-03-14,0,0.0,0.0,550.0,0.0,0.0,0,0,0.0,0.0,0.0,1,0.5,0.5,0.0,1,0,0,0.031893419459023,0.1001878522229179,0.0348692403486924,1284800,19158400,14454,215532,1787200,20106,4800,694400.0,0.0,0,0,1650,0.9038638722691648,0.7684210526315789,0.0789473684210526,0.2105263157894736,0.0,0.0,0,0,0,0.0,0.0949796472184531,0.0130455304108858,1.0,1.0,1.0,0.0,0.0,0.0,0.0,0.0,0.0,495.0,1485.0,0.0,550.0,0.0,0.0,0.0,1.0,3.0,0.0,1.0,0.0,0.0,0.0,1.0,0.0,0.0868094701240135,0.0598859315589353,0.0269235385650781,62.49999218750098,1.0,0.0,0.0,0.0,0.0,1.0,0,0.1286250939143501,37.26016528925619,13310.0,1,0,1,0,0,51.0,0.0,0.5285196265735413,0.0,0.0,0.9812332439678284,68.2,0.0,-0.6049961750521654,14.6,0.0,0.2477694340027068,D,1.0,0.2580645161290322,0.1388695045359386,1.8583238774517747,0.1490645745322872,0.1248966087675765,0.1428571428571428,0.168,0.0,0.3333333333333333,0.6773118665524241,0.1992024723357591,1.0,0,0.0644834262969585,0.0706031923418278,0.2419354838709677,0.4,0.0,0.9914616401271767,25.2,23.984833331204854
2026041809020706,2026,418,09,シャンデヴィーニュ,2023107384,3,2,1216,吉村誠之,1216,550,444.0,0.0,0.0,1169,12,1,14,1,1,1800,24,1,0,1,14,2,7,ミスターメロディ,シュペトレーゼ,Scat Daddy,ディープインパクト,0,0,0,1,0,0,0,0,0,0,1,0,3,0,4,0,1,0,0,481,167,153,660,785,6001,183,2026-04-18,2026-03-14 00:00:00,5.0,550.0,0.0,6.666666666666667,656.6666666666666,6,1,0.1428571428571428,1.0,337.0,1,0.5,0.0,0.5,0,1,0,0.0651056539120502,0.1290322580645161,0.0758196721311475,1413000,10801800,18840,144024,2188800,29184,5400,799200.0,15.0,21,0,1650,0.9307800428209924,1.1,0.0769230769230769,0.2307692307692307,0.0,-1.0,0,0,0,5.830951894845301,0.0733262486716259,-0.0086078681359413,0.1666666666666666,0.2,0.2,5.53125,488.53125,6.670781893004117,465.7654320987655,7.481245071436995,372.23026867265634,495.0,1485.0,550.0,0.0,1.0,15.0,0.0,0.0,4.0,1.0,1.0,0.0,0.0,0.0,1.0,0.0,0.0674673260332038,0.0743304243153776,-0.0068630982821738,53.44443850617351,1.0,2.25,0.0,1.1547005383792517,24.0,0.0,2,0.1271399798590131,33.10866062437059,15888.0,1,0,1,0,18,56.0,0.0,0.3035986582208788,0.0,0.0,0.9375,66.0,53.3,-0.2605938055258285,10.1,4.0,0.3179209748702723,D,2.0,0.0666666666666666,0.0,1.0,0.0,0.0833333333333333,0.1111111111111111,0.1111111111111111,0.0,0.1666666666666666,0.261111111111111,0.1055555555555555,2.0,0,0.0644834262969585,0.0706031923418278,0.0285714285714285,0.7,0.0,0.21328387431883056,116.9,23.932884907871294
2026041203010204,2026,412,03,タガノアルブラック,2023104333,3,2,1178,斎藤新,1120,550,448.0,0.0,0.0,249,9,2,1,7,14,1200,17,1,1,0,16,1,2,デクラレーションオブウォー,ラーダー,War Front,ハービンジャー,1,0,0,0,0,0,1,0,0,0,0,0,0,1,0,0,1,0,0,545,192,176,743,660,14229,220,2026-04-12,0,0.0,0.0,550.0,0.0,0.0,0,0,0.0,0.0,0.0,1,0.5,0.5,0.0,1,0,0,0.0604575163398692,0.0690287110568112,0.1041666666666666,792000,17074800,11220,241893,1413600,20026,3600,537600.0,0.0,0,2,1650,1.0,1.0,0.0,0.0,0.0,0.0,0,0,0,0.0,0.0485436893203883,-0.0333904274871789,1.0,1.0,1.0,0.0,0.0,0.0,0.0,0.0,0.0,495.0,1485.0,0.0,550.0,0.0,0.0,0.0,1.0,4.0,1.0,1.0,0.0,0.0,0.0,0.0,1.0,0.0744908896034298,0.0616136919315403,0.0128771976718894,90.83331819444696,0.0,0.0,0.0,0.0,0.0,1.0,0,0.1286250939143501,37.26016528925619,13310.0,1,0,1,0,0,53.1,53.1,0.4562508474977054,-2.0,0.0,0.905511811023622,74.3,55.9,-1.5599300178297335,5.299999999999997,0.0,0.2853093575319825,D,2.0,0.0727272727272727,0.0846325167037861,0.8593301435406698,0.077027027027027,0.0939044481054365,0.0,0.0,0.1,0.1111111111111111,0.2123530581870752,0.0925760950259836,2.0,0,0.0644834262969585,0.0706031923418278,0.0,0.7,0.0,0.9954659494223814,24.9,23.787102140617296
2026032806030104,2026,328,06,グランドスウェル,2023102833,3,1,1160,荻野極,1048,570,508.0,6.0,-1.0,363,5,2,1,2,4,1800,24,1,0,3,16,3,1,サトノダイヤモンド,ホットスウェル,ディープインパクト,Fusaichi Pegasus,0,0,0,0,0,1,0,0,0,0,1,0,0,1,1,4,1,0,1,476,166,155,648,546,12034,292,2026-03-28,2026-03-07 00:00:00,3.0,570.0,0.0,7.0,276.0,5,0,0.0,7.0,379.0,2,0.3333333333333333,0.0,0.0,0,1,0,0.0728729492560091,0.0547112462006079,0.1009463722397476,982800,21661200,13104,288816,2088000,27840,5400,914400.0,9.0,0,1,1710,1.0,1.0,0.0,0.0,-6.0,0.0,0,0,0,4.979959839195488,0.0747051114023591,-0.0072290054052081,0.1666666666666666,0.25,0.5,7.8125,464.8125,7.888888888888889,682.3580246913583,7.954647906563758,1010.3388429752064,515.0,1545.0,570.0,0.0,0.0,9.0,0.0,0.0,3.0,0.0,1.0,0.0,0.0,0.0,1.0,0.0,0.0611861861861861,0.0753604193971166,-0.0141742332109304,52.888883012346334,1.0,0.0,1.0,0.0,24.0,0.0,1,0.0540766503912781,41.20877533275366,59804.0,1,0,1,0,15,54.1,0.0,0.211573683281576,0.6000000000000014,0.0,0.8969072164948454,64.8,64.8,-0.0727379676023719,-3.200000000000003,0.0,0.4690493750406435,C,1.0,0.0652173913043478,0.0879945429740791,0.7411526794742164,0.0792337831954723,0.0975725844835792,0.25,0.0926315789473684,0.5,0.0714285714285714,0.2776225985844287,0.2925989085948158,1.0,0,0.0644834262969585,0.0706031923418278,0.0217391304347826,0.7,0.0,0.6824351472206429,36.3,23.772395844109337
2026041803010304,2026,418,03,アンティーム,2023106788,3,1,1124,国分恭介,1129,570,496.0,0.0,0.0,249,8,2,1,5,9,1700,24,1,0,1,15,1,3,エスポワールシチー,アンティグラビティ,ゴールドアリュール,エンパイアメーカー,0,0,0,1,0,0,0,0,0,0,1,0,0,1,0,0,1,0,0,394,144,125,546,433,1885,258,2026-04-18,0,0.0,0.0,570.0,0.0,0.0,0,0,0.0,0.0,0.0,1,0.5,0.0,0.5,0,1,0,0.0394671928959052,0.0760667903525046,0.0625,736100,3204500,10392,45240,1910800,26976,5100,843200.0,0.0,0,3,1710,1.0,1.0,0.0,0.0,0.0,0.0,0,0,0,0.0,0.0701219512195122,-0.0118121655880551,1.0,1.0,1.0,0.0,0.0,0.0,0.0,0.0,0.0,515.0,1545.0,0.0,570.0,0.0,0.0,0.0,1.0,4.0,1.0,1.0,0.0,0.0,0.0,0.0,1.0,0.0642265193370165,0.0716004813477737,-0.0073739620107571,46.35293572318404,1.0,0.0,0.0,0.0,0.0,1.0,2,0.1271399798590131,33.10866062437059,15888.0,1,0,1,0,0,63.5,52.9,-0.0911914864605695,10.6,2.0,0.9,54.6,53.0,1.5240366547470054,-18.9,1.0,0.6417913174083544,B,2.0,0.1219512195121951,0.1149193548387096,1.0611895592640137,0.1149144254278728,0.1149241819632881,0.0,0.0,0.0,0.1875,0.256357866210241,0.0792338709677419,2.0,0,0.0644834262969585,0.0706031923418278,0.0833333333333333,1.0,0.0,0.9946246078952777,24.9,23.766152736592414
2026031406020506,2026,314,06,サンダーヴィント,2023105013,3,1,5203,岩田康誠,1088,570,448.0,4.0,-1.0,435,10,3,1,2,3,1800,24,1,0,1,16,2,5,アドマイヤマーズ,ジェラスガール,ダイワメジャー,Petionville,0,0,0,2,0,0,0,0,0,1,1,0,0,0,3,3,2,0,0,532,180,176,712,396,6355,285,2026-03-14,2026-02-15 00:00:00,3.857142857142857,570.0,0.0,5.0,159.0,4,1,0.2,5.0,60.0,2,0.6666666666666666,0.0,0.6666666666666666,1,1,0,0.0830639948287007,0.0921273031825795,0.0923076923076923,712800,11439000,9504,152520,9365400,124872,5400,806400.0,11.571428571428571,0,0,1710,1.0,1.0,0.0,0.0,-4.0,1.25,0,0,0,1.914854215512676,0.0747051114023591,-0.0072290054052081,0.3333333333333333,0.4,0.6666666666666666,5.75,132.625,5.888888888888889,120.14814814814817,6.203606311044327,92.3756574004508,515.0,1545.0,570.0,0.0,0.0,11.571428571428571,0.0,0.0,3.0,0.0,1.0,0.0,0.0,0.0,1.0,0.0,0.0577326801959412,0.0731387340111512,-0.0154060538152099,59.11110454321061,1.0,0.0,0.75,0.5773502691896258,23.0,1.0,2,0.1271399798590131,33.10866062437059,15888.0,1,0,1,0,12,53.8,0.0,0.2422458713420892,2.0999999999999943,0.0,0.90537084398977,71.2,71.2,-1.074635769860806,16.5,0.0,0.2257219612932041,D,1.0,0.1052631578947368,0.1142290249433106,0.9215097296591354,0.0857142857142857,0.1372247823860727,0.0,0.0767195767195767,0.0,0.3636363636363636,0.2045078577336641,0.1319367140795712,1.0,0,0.0644834262969585,0.0706031923418278,0.0652173913043478,0.7,0.0,0.5652288716928997,43.5,23.587455918641137
2026041206030603,2026,412,06,タイセイブルーム,2023100533,3,1,1214,長浜鴻緒,1079,550,490.0,2.0,-1.0,247,6,2,1,7,12,1200,24,1,0,2,14,3,6,マテラスカイ,クイーンズシアター,Speightstown,ディープインパクト,0,0,0,0,0,0,0,0,0,1,0,0,0,2,0,1,1,0,0,442,154,140,603,777,4204,199,2026-04-12,2026-03-21 00:00:00,3.142857142857143,570.0,-20.0,8.0,530.0,2,0,0.0,10.0,212.0,1,0.5,0.0,0.0,1,0,0,0.0406926406926406,0.0629865534324133,0.0416666666666666,932400,5044800,18648,100896,1456800,29136,3600,588000.0,9.428571428571429,0,12,1650,1.0,1.0,0.0,0.0,-2.0,-3.0,0,1,0,4.242640687119285,0.0726052471018914,-0.0093288697056759,0.3333333333333333,0.3333333333333333,1.0,8.0,530.0,7.333333333333333,636.0,6.727272727272727,732.3636363636363,495.0,1485.0,570.0,0.0,0.0,9.428571428571429,0.0,0.0,4.0,1.0,1.0,0.0,0.0,0.0,0.0,1.0,0.0611861861861861,0.0753604193971166,-0.0141742332109304,73.66665438889093,0.0,0.0,0.0,1.4142135623730951,24.0,0.0,1,0.0540766503912781,41.20877533275366,59804.0,1,0,1,0,6,54.0,54.0,0.2217977459684137,0.3999999999999986,0.0,0.9207161125319692,60.3,56.5,0.631721424610589,2.299999999999997,3.0,0.4073943091418877,C,1.0,0.0526315789473684,0.1101978691019787,0.4776097702820587,0.1221064814814814,0.0969813744380218,0.0769230769230769,0.1207627118644067,0.2,0.25,0.0881588267310861,0.1355011122819342,1.0,0,0.0644834262969585,0.0706031923418278,0.0333333333333333,1.0,0.0,0.9740853348143859,24.7,23.05990776991533
2026031409010701,2026,314,09,シャンデヴィーニュ,2023107384,3,2,1171,西村淳也,1216,550,444.0,0.0,0.0,337,9,1,1,4,5,1800,24,1,0,1,13,1,7,ミスターメロディ,シュペトレーゼ,Scat Daddy,ディープインパクト,0,0,0,1,0,0,0,0,0,0,1,0,3,0,4,0,1,0,0,481,167,153,660,785,6001,183,2026-03-14,2026-02-10 00:00:00,4.571428571428571,520.0,30.0,9.666666666666666,593.6666666666666,5,0,0.0,12.0,716.0,1,0.5,0.0,0.5,0,1,0,0.0960348384139353,0.1290322580645161,0.0723039215686274,1413000,10801800,18840,144024,2107800,28104,5400,799200.0,13.714285714285714,21,0,1650,0.9307800428209924,1.1,0.0769230769230769,0.2307692307692307,0.0,-2.0,0,0,0,6.228964600958979,0.0906735751295336,0.0087394583219663,0.1666666666666666,0.2,0.2,10.0625,640.0625,9.506172839506174,530.1481481481482,8.921521753978551,380.0592172665801,495.0,1485.0,520.0,30.0,1.0,13.714285714285714,0.0,0.0,3.0,0.0,1.0,0.0,0.0,0.0,1.0,0.0,0.0675718345437322,0.0804567869192836,-0.0128849523755514,53.44443850617351,1.0,2.25,0.0,1.1547005383792517,24.0,0.0,2,0.1271399798590131,33.10866062437059,15888.0,1,0,1,0,15,56.0,0.0,0.3035986582208788,0.0,0.0,0.9375,66.0,53.3,-0.2605938055258285,10.1,4.0,0.3179209748702723,D,2.0,0.0,0.0,1.0,0.0,0.0,0.0,0.0,0.0,0.0,0.1333333333333333,0.0,2.0,0,0.0644834262969585,0.0706031923418278,0.0285714285714285,0.7,0.0,0.7011272012319839,33.7,22.62798668151786
2026030109010403,2026,301,09,シャローファースト,2023107258,3,1,1174,岩田望来,1164,570,524.0,4.0,1.0,280,7,1,1,8,12,2000,24,1,0,1,12,1,4,クリソベリル,ミセスワタナベ,ゴールドアリュール,Tapizar,0,0,0,1,0,0,0,0,0,0,1,0,2,1,3,2,1,0,0,508,174,163,693,492,12921,258,2026-03-01,2026-01-10 00:00:00,7.142857142857143,570.0,0.0,6.666666666666667,323.6666666666667,6,0,0.0,6.0,153.0,1,0.5,0.0,0.5,0,1,0,0.1212061489948758,0.1029411764705882,0.1282051282051282,984000,25842000,11808,310104,2348000,28176,6000,1048000.0,21.42857142857143,8,4,1710,1.0,1.0,0.0,0.0,4.0,0.5,0,0,0,3.0331501776206045,0.08,-0.0019341168075673,0.2,0.1428571428571428,0.1666666666666666,6.5625,283.1875,6.518518518518519,319.60082304526753,6.573526398470049,323.822739380693,515.0,1545.0,570.0,0.0,1.0,21.42857142857143,0.0,0.0,3.0,0.0,1.0,0.0,0.0,0.0,0.0,1.0,0.0675718345437322,0.0804567869192836,-0.0128849523755514,50.79999492000052,2.0,1.0,1.0,1.0,24.0,0.0,2,0.1271399798590131,33.10866062437059,15888.0,1,0,1,0,18,84.7,62.5,-1.2071316287601306,22.200000000000003,4.0,1.0316957210776545,69.3,52.9,-0.7771973598153328,16.4,7.0,0.3587904044998823,C,2.0,0.1785714285714285,0.1511035653650254,1.1817817014446228,0.1777378815080789,0.1272141706924315,0.0,0.1487603305785124,0.3333333333333333,0.5,0.3380584537185661,0.180220713073005,2.0,0,0.0644834262969585,0.0706031923418278,0.0384615384615384,0.4,0.0,0.8407126028902333,28.0,22.53995288092653
2026012406010804,2026,124,06,テイクオンミー,2023102019,3,1,641,柴田善臣,1094,570,504.0,6.0,1.0,233,6,1,1,2,3,1800,24,1,0,1,15,1,8,シルバーステート,チリツバキ,ディープインパクト,Siyouni,0,0,0,1,0,0,0,0,0,0,1,0,1,2,0,0,1,0,0,486,162,164,649,570,8131,292,2026-01-24,2025-12-27 00:00:00,4.0,560.0,10.0,6.0,191.0,2,0,0.0,4.0,224.0,1,0.5,0.0,0.5,0,1,0,0.0521148036253776,0.0427631578947368,0.0479616306954436,1026000,14635800,13680,195144,1153800,15384,5400,907200.0,12.0,8,16,1710,1.0,1.0,0.0,0.0,6.0,1.0,0,0,0,1.4142135623730951,0.0747051114023591,-0.0072290054052081,0.5,0.3333333333333333,1.0,6.0,191.0,6.666666666666667,180.0,7.272727272727272,169.99999999999997,515.0,1545.0,560.0,10.0,0.0,12.0,0.0,0.0,1.0,0.0,0.0,0.0,0.0,1.0,1.0,0.0,0.0551495016611295,0.0763076923076923,-0.0211581906465627,53.99999400000067,1.0,0.75,0.0,0.0,24.0,0.0,2,0.1271399798590131,33.10866062437059,15888.0,1,0,1,0,6,51.3,49.9,0.4978474385130289,-18.200000000000003,3.0,0.9389920424403182,64.9,64.9,-0.0883926207626612,-9.299999999999995,1.0,0.6286090988510523,B,1.0,0.1,0.0649766182623677,1.5390151515151516,0.0588571428571428,0.0696065715520968,0.1428571428571428,0.0679886685552408,0.0,0.0,0.4538564213564213,0.0844238950810449,1.0,0,0.0644834262969585,0.0706031923418278,0.0519480519480519,0.7,0.0,0.9874174199251747,23.3,22.00682588425657
2026021510010801,2026,215,10,サムシングニュー,2023102364,3,1,1221,舟山瑠泉,1097,540,474.0,2.0,-1.0,227,6,2,1,8,15,1700,24,2,0,2,16,1,8,エイシンフラッシュ,ウェディングベール,King's Best,タートルボウル,0,0,0,0,1,0,0,0,0,0,1,0,0,2,1,1,1,1,0,460,162,144,625,429,2409,113,2026-02-15,2026-01-17 00:00:00,4.142857142857143,540.0,0.0,6.0,903.3333333333334,3,0,0.0,2.0,210.0,2,0.3333333333333333,0.0,0.0,0,1,0,0.0675675675675675,0.1087888531618435,0.0793650793650793,729300,4095300,10296,57816,2075700,29304,5100,805800.0,12.42857142857143,0,16,1620,1.0,1.0,0.0,0.0,-2.0,1.0,0,0,0,2.309401076758499,0.0835266821345707,0.0015925653270034,1.0,0.5,1.0,5.0,730.0,6.000000000000001,787.1111111111112,6.909090909090908,788.6033057851238,485.0,1455.0,540.0,0.0,1.0,12.42857142857143,0.0,0.0,2.0,0.0,0.0,0.0,0.0,1.0,0.0,1.0,0.0709219858156028,0.0746128578132332,-0.0036908719976303,54.11764069204228,1.0,0.0,0.25,1.0,24.0,0.0,1,0.0540766503912781,41.20877533275366,59804.0,1,0,1,0,9,53.9,53.9,0.2320218086552515,0.0,1.0,0.9307692307692308,62.5,55.6,0.2873190550842521,0.2000000000000028,6.0,0.5268141085257354,B,1.0,0.2777777777777778,0.1482031482031482,1.8743041638833224,0.1594382486575795,0.1194503171247357,0.0,0.0,0.5,0.3333333333333333,0.7021636335514092,0.2537422037422037,1.0,0,0.0644834262969585,0.0706031923418278,0.0263157894736842,1.0,0.0,0.9949426004786507,22.7,21.58519703086537
2026032206020803,2026,322,06,ヒナノムサシ,2023101645,3,1,641,柴田善臣,1056,570,526.0,6.0,-1.0,2402,13,2,7,3,3,1200,24,1,0,1,14,2,8,ミッキーアイル,シルクリバー,ディープインパクト,タニノギムレット,0,0,0,1,0,0,0,0,0,1,0,0,3,2,0,0,1,0,0,498,169,161,671,787,6127,292,2026-03-22,2026-02-21 00:00:00,4.142857142857143,570.0,0.0,6.666666666666667,408.6666666666667,3,1,0.25,14.0,589.0,1,0.5,0.0,0.5,1,0,0,0.0521148036253776,0.0287398673544583,0.0479616306954436,944400,7352400,18888,147048,769200,15384,3600,631200.0,12.42857142857143,24,16,1710,1.9973830170813704,1.0185185185185186,0.1481481481481481,0.3518518518518518,-6.0,5.5,1,0,0,6.429100507328653,0.0513141426783479,-0.0306199741292193,0.2,0.3333333333333333,0.3333333333333333,8.5,453.75,7.111111111111111,456.7777777777778,6.041322314049586,480.404958677686,515.0,1545.0,570.0,0.0,1.0,12.42857142857143,0.0,0.0,3.0,0.0,1.0,0.0,0.0,0.0,1.0,0.0,0.0577326801959412,0.0731387340111512,-0.0154060538152099,82.99998616666898,0.0,3.0,0.0,0.0,23.0,1.0,2,0.1271399798590131,33.10866062437059,15888.0,1,0,1,0,9,68.6,52.9,-1.270915406309873,1.5,2.0,0.9326732673267328,67.1,0.0,-0.4327949902889959,-2.9000000000000057,0.0,0.4186417800991998,C,1.0,0.0689655172413793,0.0516741365673609,1.3346235045742436,0.0482295482295482,0.054292343387471,0.0,0.0360655737704918,0.3333333333333333,0.1666666666666666,0.2829110954726718,0.1103348273134721,1.0,0,0.0644834262969585,0.0706031923418278,0.0652173913043478,0.4,0.0,0.09281640830581565,240.2,21.29450127505692
2026030109010411,2026,301,09,グレースジェンヌ,2023105336,3,2,1174,岩田望来,1168,550,442.0,6.0,-1.0,1598,13,2,14,2,2,1600,18,1,1,0,15,1,4,モーリス,モルガナイト,スクリーンヒーロー,アグネスデジタル,1,0,0,0,0,0,1,0,0,0,0,0,0,2,1,1,1,0,0,502,184,150,700,803,13565,272,2026-03-01,2026-01-25 00:00:00,5.0,550.0,0.0,4.0,101.0,2,1,0.3333333333333333,7.0,171.0,1,0.5,0.5,0.0,1,0,0,0.1212061489948758,0.1502808988764045,0.1282051282051282,1284800,21704000,14454,244170,1878400,21132,4800,707200.0,15.0,0,8,1650,1.306706803278844,1.944642857142857,0.125,0.2857142857142857,-6.0,2.0,0,0,0,2.8284271247461903,0.0912778904665314,0.0093437736589641,0.3333333333333333,0.25,0.25,4.0,101.0,3.0,77.66666666666667,2.090909090909091,56.45454545454545,495.0,1485.0,550.0,0.0,1.0,15.0,0.0,0.0,3.0,0.0,1.0,0.0,0.0,0.0,1.0,0.0,0.0907103825136612,0.073234524847428,0.0174758576662331,62.74999215625099,1.0,0.0,0.25,0.7071067811865476,17.0,1.0,0,0.1286250939143501,37.26016528925619,13310.0,1,0,1,0,6,0.0,0.0,0.0,0.0,0.0,0.0,70.0,0.0,-0.8867799319373494,2.0,0.0,0.3241355853184939,D,2.0,0.2,0.2198364008179959,0.9097674418604652,0.2316602316602316,0.2065217391304347,0.2740740740740741,0.2740740740740741,0.3333333333333333,0.0,0.4555676141257536,0.2810043172006362,2.0,0,0.0644834262969585,0.0706031923418278,0.2419354838709677,0.7,0.0,0.13894065793466287,159.8,21.202717137959127
2026011106010405,2026,111,06,エスシービクトリア,2023101793,3,1,1218,遠藤汰月,1190,540,492.0,0.0,0.0,501,9,1,1,1,2,1800,24,1,0,1,16,1,4,マクフィ,リアライズキボンヌ,Dubawi,アフリート,0,0,0,1,1,0,0,0,0,0,1,0,1,1,1,0,1,2,0,396,135,133,535,770,14240,54,2026-01-11,0,0.0,0.0,540.0,0.0,0.0,0,0,0.0,0.0,0.0,3,0.25,0.0,0.3333333333333333,0,1,0,0.0133333333333333,0.0490196078431372,0.0058479532163742,1386000,25632000,18480,341760,2192400,29232,5400,885600.0,0.0,4,4,1620,1.0,1.0,0.0,0.0,0.0,0.0,0,0,0,0.0,0.0561797752808988,-0.0257543415266684,0.3333333333333333,0.3333333333333333,0.5,0.0,0.0,0.0,0.0,0.0,0.0,485.0,1455.0,0.0,540.0,0.0,0.0,0.0,1.0,1.0,0.0,0.0,0.0,0.0,1.0,1.0,0.0,0.0551495016611295,0.0763076923076923,-0.0211581906465627,43.99999511111166,1.0,0.75,0.0,0.0,0.0,1.0,1,0.0540766503912781,41.20877533275366,59804.0,1,0,1,0,0,0.0,0.0,0.0,0.0,0.0,0.0,53.5,0.0,1.6962378395101738,0.0,0.0,0.44947360365238,C,1.0,0.0,0.047923322683706,0.0,0.0351437699680511,0.060702875399361,0.0266666666666666,0.0266666666666666,0.0,0.0,0.0,0.0229179978700745,1.0,0,0.0644834262969585,0.0706031923418278,0.0,1.0,0.0,0.43533564645387995,50.1,20.810315887339385
2026041106030507,2026,411,06,マーシャルアン,2023102819,3,1,1217,上里直汰,1124,540,468.0,12.0,1.0,1688,14,3,16,7,13,1200,24,1,0,2,16,3,5,タワーオブロンドン,ダブルミステリー,Raven's Pass,ダイワメジャー,0,0,0,0,0,0,0,0,0,1,0,0,0,1,3,0,1,0,0,471,160,153,635,627,7910,175,2026-04-11,2025-09-21 00:00:00,28.857142857142858,520.0,20.0,6.666666666666667,821.6666666666666,3,1,0.25,1.0,227.0,1,0.5,0.0,0.0,1,0,0,0.0393258426966292,0.0495114006514657,0.0393700787401574,752400,9492000,15048,189840,1460400,29208,3600,561600.0,86.57142857142857,0,5,1620,0.4685546493614536,0.7566666666666667,0.0333333333333333,0.2,12.0,6.0,1,0,1,6.928203230275509,0.0726052471018914,-0.0093288697056759,0.5,0.5,0.5,5.25,673.0,7.222222222222222,723.0,9.256198347107436,725.6446280991735,485.0,1455.0,520.0,20.0,3.0,86.57142857142857,1.0,0.0,4.0,1.0,1.0,0.0,0.0,0.0,0.0,1.0,0.0611861861861861,0.0753604193971166,-0.0141742332109304,78.49998691666885,0.0,0.0,0.0,0.5773502691896258,24.0,0.0,1,0.0540766503912781,41.20877533275366,59804.0,1,0,1,0,9,52.8,52.8,0.3444864982104651,-1.2000000000000028,0.0,0.9634464751958226,63.5,55.6,0.1307725234813719,4.0,4.0,0.4105283881326786,C,1.0,0.0392156862745098,0.0777866880513231,0.5041439256114817,0.0652385589094449,0.0865712338104976,0.1666666666666666,0.0748031496062992,0.2,0.0,0.1395854389865911,0.1588906709435979,1.0,0,0.0644834262969585,0.0706031923418278,0.0363636363636363,1.0,0.0,0.12869750130400542,168.8,20.724138220116117
2026020705010301,2026,207,05,チームユートピア,2023105429,3,2,1184,原優介,1153,550,462.0,4.0,-1.0,218,6,2,1,6,11,1400,23,2,0,1,16,1,3,Vino Rosso,シンシアズフューリー,Curlin,Utopia,0,0,0,1,0,0,0,0,0,1,0,0,0,2,1,0,1,0,0,524,180,174,706,364,6187,32,2026-02-07,2025-12-13 00:00:00,8.0,550.0,0.0,6.0,223.0,1,0,0.0,6.0,223.0,1,0.5,0.0,0.5,1,0,0,0.0318489289740699,0.0916214587100663,0.036077705827937,509600,8661800,8372,142301,1657600,27232,4200,646800.0,24.0,0,6,1650,1.0,1.0,0.0,0.0,-4.0,0.0,0,0,0,0.0,0.0669565217391304,-0.0149775950684368,1.0,0.3333333333333333,0.3333333333333333,6.0,223.0,6.0,223.0,6.0,223.0,495.0,1485.0,550.0,0.0,1.0,24.0,0.0,0.0,2.0,0.0,0.0,0.0,0.0,1.0,0.0,1.0,0.0606701940035273,0.0690003365870077,-0.0083301425834804,74.85713216326683,0.0,0.0,0.0,0.0,24.0,1.0,2,0.1271399798590131,33.10866062437059,15888.0,1,0,1,0,3,52.0,51.7,0.4262789997051655,0.2999999999999971,2.0,0.9731903485254692,70.6,56.2,-0.9807078508990766,3.3999999999999915,8.0,0.4246624918401778,C,1.0,0.1111111111111111,0.1185378590078329,0.9373470386686246,0.102803738317757,0.1264728986645718,0.082901554404145,0.082901554404145,0.0,0.1428571428571428,0.2656615707031128,0.1080154918607819,1.0,0,0.0644834262969585,0.0706031923418278,0.0802010314792535,1.0,0.0,0.9795810857028453,21.8,20.35486766832203
2026041103010104,2026,411,03,ベルゼビュート,2023105083,3,1,1161,菊沢一樹,1088,570,476.0,0.0,0.0,215,6,3,1,7,13,1150,24,1,0,1,16,1,1,オーヴァルエース,マリーンウィナー,ヘニーヒューズ,フジキセキ,0,0,0,1,0,0,0,0,0,1,0,0,0,0,1,0,1,0,0,533,180,170,714,456,12670,311,2026-04-11,0,0.0,0.0,570.0,0.0,0.0,0,0,0.0,0.0,0.0,1,0.5,0.0,0.5,1,0,0,0.0366581415174765,0.0921273031825795,0.0398293029871977,524400,14570500,10944,304080,1335150,27864,3450,547400.0,0.0,0,0,1710,1.0,1.0,0.0,0.0,0.0,0.0,0,0,0,0.0,0.0548926014319809,-0.0270415153755863,1.0,1.0,1.0,0.0,0.0,0.0,0.0,0.0,0.0,515.0,1545.0,0.0,570.0,0.0,0.0,0.0,1.0,4.0,1.0,1.0,0.0,0.0,0.0,0.0,1.0,0.0642265193370165,0.0716004813477737,-0.0073739620107571,92.69563605293284,0.0,0.0,0.0,0.0,0.0,1.0,2,0.1271399798590131,33.10866062437059,15888.0,1,0,1,0,0,50.9,50.9,0.5387436892603791,-2.8000000000000043,0.0,0.9619565217391306,71.4,54.3,-1.1059450761813825,0.3000000000000113,7.0,0.5459566262148038,B,1.0,0.1034482758620689,0.1141488162344983,0.906257982120051,0.085551330798479,0.1370558375634517,0.0,0.0,0.0,0.2727272727272727,0.270195713424552,0.1617223531823306,1.0,0,0.0644834262969585,0.0706031923418278,0.0802010314792535,1.0,0.0,0.9903774022264159,21.5,20.293114147867943
2026013110010302,2026,131,10,ロザーンジュ,2023103661,3,2,1193,今村聖奈,1158,530,428.0,2.0,-1.0,348,8,1,3,2,3,2000,17,1,1,0,18,1,3,フィエールマン,ハーズシャドウ,ディープインパクト,オルフェーヴル,1,0,1,0,0,0,0,1,0,0,0,0,1,0,1,3,1,0,1,488,150,178,644,733,9855,292,2026-01-31,2025-12-14 00:00:00,6.857142857142857,530.0,0.0,7.0,348.0,2,0,0.0,5.0,440.0,2,0.3333333333333333,0.3333333333333333,0.0,0,1,0,0.0637799882972498,0.088724584103512,0.0714285714285714,1466000,19710000,12461,167535,2386000,20281,6000,856000.0,20.57142857142857,3,0,1590,1.0,1.0,0.0,0.0,-2.0,-8.0,0,1,0,11.31370849898476,0.098314606741573,0.0163804899340057,0.3333333333333333,0.3333333333333333,0.2,7.0,348.0,7.666666666666668,317.33333333333337,8.272727272727273,289.45454545454544,475.0,1425.0,530.0,0.0,1.0,20.57142857142857,0.0,0.0,1.0,0.0,0.0,0.0,0.0,1.0,1.0,0.0,0.0700298705609027,0.0643879173290938,0.0056419532318089,48.79999512000049,2.0,0.5,1.5,0.0,11.0,1.0,1,0.0540766503912781,41.20877533275366,59804.0,1,0,1,0,6,54.5,54.5,0.3825566871571685,-1.1000000000000014,1.0,0.942211055276382,64.4,57.9,-0.0101193549612211,6.500000000000007,2.0,0.3258627555223816,D,2.0,0.1764705882352941,0.1220610305152576,1.4457569913211188,0.0978147762747138,0.1445086705202312,0.0,0.0,0.0,0.4,0.4829017731302166,0.2054427213606803,2.0,0,0.0644834262969585,0.0706031923418278,0.0344827586206896,0.4,0.0,0.5994936073087442,34.8,19.862377534344297
2026012506010911,2026,125,06,エヒト,2017100464,9,1,1179,菅原明良,427,570,476.0,12.0,1.0,2679,14,2,3,8,16,2200,18,1,1,0,16,1,9,ルーラーシップ,ヒーラ,キングカメハメハ,ディープインパクト,6,3,4,0,0,0,0,5,1,0,0,0,0,6,15,14,6,3,4,397,146,121,543,825,10355,250,2026-01-25,2025-05-10 00:00:00,37.142857142857146,570.0,0.0,7.666666666666667,1526.6666666666667,35,6,0.1666666666666666,8.0,1619.0,13,0.4285714285714285,0.4285714285714285,0.0,0,5,1,0.0808792146820315,0.0937829293993677,0.0695296523517382,1815000,22781000,14850,186390,2593800,21222,19800,1047200.0,334.28571428571433,0,54,5130,0.972078005173488,0.6367052023121387,0.0852601156069364,0.2622832369942196,12.0,-2.423926589661278,0,1,1,209.5547661113915,0.065891472868217,-0.0160426439393502,0.1739130434782608,0.1818181818181818,0.1621621621621621,7.792475020862184,1336.9973630954628,7.822927866433844,1191.6191757896654,7.587818280055313,943.9881291308038,515.0,4635.0,570.0,0.0,3.0,334.28571428571433,1.0,0.0,1.0,0.0,0.0,0.0,0.0,1.0,0.0,1.0,0.0797101449275362,0.0594214229867083,0.0202887219408278,36.09090580991766,2.0,0.0,7.0,0.0,11.0,1.0,0,0.1286250939143501,37.26016528925619,13310.0,5,0,0,1,315,0.0,0.0,0.0,0.0,0.0,0.0,54.3,54.3,1.57100061422787,-9.700000000000005,8.0,0.6958208512483127,A,2.0,0.1111111111111111,0.1347917001769342,0.8243171572527181,0.1305147058823529,0.1395191330849983,0.1274787535410765,0.1274787535410765,0.3333333333333333,0.0,0.2633810184527865,0.190697716805925,2.0,0,0.0644834262969585,0.0706031923418278,0.0492957746478873,1.0,0.0,0.0777636371642452,267.9,19.832878396301286
2026010506010206,2026,105,06,キンググローリー,2023100021,3,1,1179,菅原明良,1079,570,468.0,2.0,1.0,295,8,2,5,1,2,2000,17,1,1,0,18,1,2,ダノンプレミアム,ハーフムーン２,ディープインパクト,Duke of Marmalade,2,0,0,0,0,0,0,2,0,0,0,0,1,4,2,1,2,0,1,479,164,157,645,640,9894,292,2026-01-05,2025-10-12 00:00:00,12.142857142857142,560.0,10.0,4.0,90.33333333333331,3,0,0.0,4.0,57.0,3,0.5,0.6666666666666666,0.0,0,2,0,0.0808792146820315,0.0629865534324133,0.0695296523517382,1280000,19788000,10880,168198,2358000,20043,6000,936000.0,36.42857142857143,2,8,1710,1.0,1.0,0.0,0.0,2.0,2.5,1,0,0,5.773502691896254,0.081419624217119,-0.0005144925904483,0.2857142857142857,0.2857142857142857,0.25,4.0,82.0,4.0,99.44444444444446,4.0,119.2561983471074,515.0,1545.0,560.0,10.0,3.0,36.42857142857143,0.0,0.0,1.0,0.0,0.0,0.0,0.0,1.0,1.0,0.0,0.0592105263157894,0.0809399477806788,-0.0217294214648893,47.89999521000048,2.0,0.5,0.5,1.0,11.0,1.0,0,0.1286250939143501,37.26016528925619,13310.0,1,0,1,0,9,51.4,51.4,0.4876233758261912,-5.100000000000001,1.0,0.9460916442048516,64.5,55.6,-0.0257740081215082,8.899999999999999,2.0,0.3684706065580533,C,1.0,0.0,0.1108715737603942,0.0,0.1228788765359859,0.0975292587776332,0.1220043572984749,0.1220043572984749,0.0,0.0,0.0,0.0831764934013163,1.0,0,0.0644834262969585,0.0706031923418278,0.0196078431372549,1.0,0.0,0.692118796447526,29.5,19.417504495202017
2026041209020605,2026,412,09,リサシテーション,2023106651,3,1,1144,菱田裕二,1066,570,464.0,2.0,-1.0,218,8,4,1,4,8,1400,24,1,0,2,16,2,6,リオンディーズ,リヴァイバル,キングカメハメハ,ワイルドラッシュ,0,0,0,0,0,0,0,0,0,2,0,0,0,1,0,4,2,0,0,476,161,155,653,814,14471,250,2026-04-12,2026-03-28 00:00:00,2.142857142857143,550.0,20.0,7.333333333333333,1255.6666666666667,4,1,0.2,1.0,453.0,2,0.6666666666666666,0.0,0.0,2,0,0,0.0657388214391471,0.0719156850588964,0.0644007155635062,1139600,20259400,19536,347304,1601600,27456,4200,649600.0,6.428571428571429,0,6,1710,1.0150624095768934,3.05,0.0909090909090909,0.1363636363636363,-2.0,3.75,1,0,0,3.785938897200179,0.0770925110132158,-0.0048416057943514,0.4,1.0,1.0,5.375,925.75,5.888888888888888,927.9629629629628,5.827948910593538,821.7768595041322,515.0,1545.0,550.0,20.0,0.0,6.428571428571429,0.0,0.0,4.0,1.0,1.0,0.0,0.0,0.0,1.0,0.0,0.0674673260332038,0.0743304243153776,-0.0068630982821738,67.99999028571567,0.0,0.0,0.0,0.0,23.0,1.0,1,0.0540766503912781,41.20877533275366,59804.0,1,0,1,0,12,53.9,0.0,0.4141398987316844,-12.300000000000004,0.0,0.8944591029023747,65.3,55.1,-0.151011233403812,3.699999999999996,0.0,0.5576745860720629,B,2.0,0.0652173913043478,0.1128093158660844,0.5781206171107994,0.1003777657852131,0.1229616571176729,0.0,0.08,0.2,0.2222222222222222,0.0778973819541841,0.0892285298398835,2.0,0,0.0644834262969585,0.0706031923418278,0.106060606060606,1.0,0.0,0.915380453095013,21.8,18.955293877471284
2026011008010305,2026,110,08,ダンデノン,2023103886,3,2,1102,北村友一,1180,550,472.0,8.0,-1.0,228,7,1,1,3,6,1600,17,1,1,0,18,1,3,シルバーステート,インザスポットライト,ディープインパクト,Exceed And Excel,1,0,0,0,0,0,1,0,0,0,0,0,1,1,1,0,1,0,0,493,170,155,673,570,2183,292,2026-01-10,2025-10-18 00:00:00,12.0,550.0,0.0,6.0,149.0,1,0,0.0,6.0,149.0,1,0.5,0.5,0.0,1,0,0,0.0998910279694878,0.116580310880829,0.0995542347696879,912000,3492800,9690,37111,1763200,18734,4800,755200.0,36.0,3,3,1650,1.0,1.0,0.0,0.0,-8.0,0.0,0,0,0,0.0,0.0754716981132075,-0.0064624186943597,0.3333333333333333,0.3333333333333333,0.3333333333333333,6.0,149.0,6.0,149.0,6.0,149.0,495.0,1485.0,550.0,0.0,2.0,36.0,0.0,0.0,1.0,0.0,0.0,0.0,0.0,1.0,1.0,0.0,0.0852842809364548,0.0619946091644204,0.0232896717720343,61.624992296875966,1.0,0.75,0.0,0.0,11.0,1.0,0,0.1286250939143501,37.26016528925619,13310.0,1,0,1,0,3,52.5,0.0,0.4878340590722214,0.0,0.0,0.925531914893617,67.3,0.0,-0.4641042966095724,1.7000000000000028,0.0,0.3581921180718272,C,2.0,0.0,0.1819526627218935,0.0,0.165079365079365,0.1966759002770083,0.25,0.25,0.0,0.0,0.0229166666666666,0.1613905325443787,2.0,0,0.0644834262969585,0.0706031923418278,0.0519480519480519,1.0,0.0,0.8556376108201331,22.8,18.508537526699037
2026041906030811,2026,419,06,ラージアンサンブル,2023105560,3,1,1213,高杉吏麒,1147,570,470.0,2.0,-1.0,1934,18,3,8,5,10,2000,17,1,1,0,18,3,8,ベンバトル,ナスノフォルテ,Dubawi,ジャスタウェイ,1,0,0,0,0,0,0,2,0,0,0,0,0,0,3,3,2,0,0,467,158,153,634,759,9139,54,2026-04-19,2026-02-21 00:00:00,8.142857142857142,570.0,0.0,2.6666666666666665,105.66666666666669,5,2,0.3333333333333333,1.0,143.0,2,0.6666666666666666,0.5,0.0,0,2,0,0.0918499353169469,0.0824800910125142,0.0909090909090909,1518000,18278000,12903,155363,2426000,20621,6000,940000.0,24.428571428571427,0,0,1710,1.0,1.0,0.0,0.0,-2.0,1.125,0,0,0,2.683281572999745,0.0682226211849192,-0.013711495622648,0.25,0.25,0.4,2.8125,154.5625,3.592592592592593,197.8148148148149,4.73130250665938,274.26869749334054,515.0,1545.0,570.0,0.0,2.0,24.428571428571427,0.0,0.0,4.0,1.0,1.0,0.0,0.0,0.0,0.0,1.0,0.0743550834597875,0.081242532855436,-0.0068874493956485,46.69999533000047,2.0,0.0,1.5,0.5773502691896258,17.0,0.0,0,0.1286250939143501,37.26016528925619,13310.0,1,0,1,0,15,51.5,51.5,0.4773993131393534,-0.2999999999999971,1.0,0.9299191374663072,63.4,53.2,0.1464271766416601,0.3999999999999986,4.0,0.4990282726186128,C,1.0,0.0862068965517241,0.1177024482109227,0.7324137931034483,0.1091445427728613,0.1255645889792231,0.0909090909090909,0.1012658227848101,0.25,0.25,0.1942262277951933,0.14399503509673,1.0,0,0.0644834262969585,0.0706031923418278,0.0476190476190476,1.0,0.0,0.09821170913076768,193.4,17.99414454589047
2026041803010302,2026,418,03,ララオウ,2023105981,3,2,1220,田山旺佑,1105,520,496.0,0.0,0.0,189,8,2,1,7,14,2000,17,1,1,0,16,1,3,エタリオウ,ミスキララ,ステイゴールド,ファスリエフ,1,0,0,0,0,0,0,1,0,0,0,0,0,1,0,0,1,0,0,475,170,152,658,434,12857,276,2026-04-18,0,0.0,0.0,520.0,0.0,0.0,0,0,0.0,0.0,0.0,1,0.5,0.5,0.0,0,1,0,0.0519031141868512,0.1197252208047105,0.2352941176470588,868000,25714000,7378,218569,2440000,20740,6000,992000.0,0.0,0,3,1560,1.0,1.0,0.0,0.0,0.0,0.0,0,0,0,0.0,0.060200668896321,-0.0217334479112462,1.0,1.0,1.0,0.0,0.0,0.0,0.0,0.0,0.0,465.0,1395.0,0.0,520.0,0.0,0.0,0.0,1.0,4.0,1.0,1.0,0.0,0.0,0.0,0.0,1.0,0.0744908896034298,0.0616136919315403,0.0128771976718894,47.49999525000048,2.0,0.0,0.0,0.0,0.0,1.0,0,0.1286250939143501,37.26016528925619,13310.0,1,0,1,0,0,0.0,0.0,0.0,0.0,0.0,0.0,65.8,54.1,-0.2292844992052521,-7.400000000000006,5.0,0.6266458687731801,B,2.0,0.081967213114754,0.180863827234553,0.4531984884321561,0.1900411146642302,0.1633187772925764,0.0,0.0,0.2,0.1666666666666666,0.1722808004122471,0.1866046790641871,2.0,0,0.0644834262969585,0.0706031923418278,0.0802010314792535,1.0,0.0,0.9956984938404455,18.9,17.81870153358442
2026011206010501,2026,112,06,ムーンブランシュ,2023104849,3,2,1162,木幡巧也,1106,550,478.0,4.0,-1.0,791,9,3,2,6,11,1200,24,1,0,1,16,1,5,ドレフォン,ミチャチスインテンタ,Gio Ponti,Paynter,0,0,0,1,1,0,0,0,0,1,0,0,0,1,2,1,1,1,0,398,140,128,548,685,12926,85,2026-01-12,2025-10-25 00:00:00,11.285714285714286,550.0,0.0,15.0,219.0,1,0,0.0,15.0,219.0,2,0.3333333333333333,0.0,0.3333333333333333,1,0,0,0.0420475319926873,0.0616302186878727,0.0407055630936228,822000,15511200,16440,310224,1394400,27888,3600,573600.0,33.85714285714286,0,5,1650,1.0,1.0,0.0,0.0,-4.0,0.0,0,0,0,0.0,0.0784671532846715,-0.0034669635228957,0.5,0.25,0.3333333333333333,15.0,219.0,15.0,219.0,15.0,219.0,495.0,1485.0,550.0,0.0,2.0,33.85714285714286,0.0,0.0,1.0,0.0,0.0,0.0,0.0,1.0,0.0,1.0,0.0551495016611295,0.0763076923076923,-0.0211581906465627,66.33332227777962,0.0,0.0,0.0,0.0,23.0,1.0,1,0.0540766503912781,41.20877533275366,59804.0,1,0,1,0,3,0.0,0.0,0.0,0.0,0.0,0.0,0.0,0.0,0.0,0.0,0.0,0.0,C,1.0,0.0,0.0978117585025046,0.0,0.0954407294832826,0.0996275605214152,0.1133501259445843,0.1133501259445843,0.0,0.0,0.0,0.0762374146727931,1.0,0,0.0644834262969585,0.0706031923418278,0.056338028169014,1.0,0.0,0.2360087752617061,79.1,17.66829412320095
2026013105010107,2026,131,05,ムーランオランジュ,2023100741,3,1,1122,三浦皇成,1085,570,490.0,2.0,1.0,1469,15,3,16,3,6,1600,23,1,0,1,16,1,1,カリフォルニアクローム,マネーペニー,Lucky Pulpit,Monarchos,0,0,0,1,0,0,0,0,0,1,0,0,1,1,1,1,1,0,0,471,165,156,648,465,12587,128,2026-01-31,2025-11-15 00:00:00,11.0,560.0,10.0,2.5,123.0,2,1,0.3333333333333333,1.0,79.0,1,0.5,0.0,0.5,1,0,0,0.0919452887537994,0.0555555555555555,0.0835543766578249,744000,20139200,10695,289501,1795200,25806,4800,784000.0,33.0,1,1,1710,1.0,1.0,0.0,0.0,2.0,3.0,1,0,0,4.242640687119285,0.0595710881652104,-0.0223630286423568,0.5,0.25,0.3333333333333333,2.5,123.0,3.0000000000000004,137.66666666666669,3.454545454545454,151.0,515.0,1545.0,560.0,10.0,2.0,33.0,0.0,0.0,1.0,0.0,0.0,0.0,0.0,1.0,1.0,0.0,0.0606701940035273,0.0690003365870077,-0.0083301425834804,58.874992640625926,1.0,0.75,0.25,0.7071067811865476,23.0,0.0,2,0.1271399798590131,33.10866062437059,15888.0,1,0,1,0,6,52.9,52.9,0.4667785846892109,-13.000000000000009,2.0,0.9375,64.8,53.3,-0.0727379676023719,0.8999999999999986,8.0,0.6948261846650328,A,2.0,0.125,0.0980453972257251,1.27491961414791,0.0798479087452471,0.1109316101238556,0.0769230769230769,0.0769230769230769,0.0,0.3333333333333333,0.3640971535163657,0.1580706179066834,2.0,0,0.0644834262969585,0.0706031923418278,0.03125,1.0,0.0,0.12609397973995318,146.9,17.52320562379912
2026032106020711,2026,321,06,ヒルデグリム,2023106457,3,2,1009,柴田大知,1125,550,440.0,2.0,1.0,4028,16,3,16,2,4,1800,17,1,1,0,16,2,7,ゴールドシップ,ナーゲルリング,ステイゴールド,レッドスパーダ,1,0,0,0,0,0,1,0,0,0,0,0,0,1,4,0,1,0,0,532,188,172,737,526,9267,276,2026-03-21,2025-11-23 00:00:00,16.857142857142858,550.0,0.0,8.0,331.0,4,1,0.2,7.0,429.0,1,0.5,0.5,0.0,1,0,0,0.0284910306014773,0.0529573590096286,0.0254154447702834,946800,16680600,8942,157539,1816200,17153,5400,792000.0,50.57142857142857,0,7,1650,1.0,1.0,0.0,0.0,2.0,-5.25,0,1,0,5.416025603090645,0.0866873065015479,0.0047531896939806,0.3333333333333333,0.25,0.2,6.875,430.875,5.814814814814815,467.4444444444445,4.132982719759579,540.0698722764839,495.0,1485.0,550.0,0.0,3.0,50.57142857142857,1.0,0.0,3.0,0.0,1.0,0.0,0.0,0.0,1.0,0.0,0.078883495145631,0.0677799607072691,0.0111035344383619,59.11110454321061,1.0,0.0,0.0,0.5773502691896257,11.0,1.0,0,0.1286250939143501,37.26016528925619,13310.0,1,0,1,0,12,52.9,0.0,0.3342624355236274,0.0,0.0,0.9389920424403182,73.7,65.9,-1.4660020988680065,7.799999999999997,0.0,0.2169909264857889,D,1.0,0.0555555555555555,0.0561261922230374,0.989832970225127,0.0454170107349298,0.0646864686468646,0.0,0.0502092050209205,0.0,0.4,0.1792332365044783,0.1312252384446074,1.0,0,0.0644834262969585,0.0706031923418278,0.025,0.7,0.0,0.04566284384145687,402.8,17.39299349933883
2026010508010204,2026,105,08,リピース,2023107412,3,2,1160,荻野極,1210,550,412.0,6.0,-1.0,1633,10,1,11,1,1,1800,24,1,0,1,11,1,2,サンダースノー,キモンクイーン,Helmet,クロフネ,0,0,0,1,1,0,0,0,0,0,1,0,2,1,0,2,1,1,0,478,163,154,658,554,3903,97,2026-01-05,2025-11-02 00:00:00,9.142857142857142,550.0,0.0,6.333333333333333,969.0,4,1,0.2,16.0,2140.0,2,0.3333333333333333,0.0,0.3333333333333333,0,1,0,0.0728729492560091,0.04,0.0735294117647058,997200,7025400,13296,93672,2088000,27840,5400,741600.0,27.428571428571427,4,2,1650,0.4553620692831531,0.1,0.0416666666666666,0.1666666666666666,-6.0,-2.75,0,1,0,3.415650255319866,0.0631067961165048,-0.0188273206910624,0.2,0.25,0.3333333333333333,9.75,1232.625,8.814814814814817,979.851851851852,8.778362133734033,762.4252441773103,495.0,1485.0,550.0,0.0,2.0,27.428571428571427,0.0,0.0,1.0,0.0,0.0,0.0,0.0,1.0,1.0,0.0,0.0625,0.0825410544511668,-0.0200410544511668,53.1111052098772,1.0,1.5,0.5,1.5275252316519468,24.0,0.0,2,0.1271399798590131,33.10866062437059,15888.0,1,0,1,0,12,0.0,0.0,0.0,0.0,0.0,0.0,0.0,0.0,0.0,0.0,0.0,0.0,C,2.0,0.0,0.04,0.0,0.0348837209302325,0.0449438202247191,0.0454545454545454,0.0454545454545454,0.0,0.0,0.0,0.0307272727272727,2.0,0,0.0644834262969585,0.0706031923418278,0.032258064516129,0.1,0.0,0.10969725491163446,163.3,16.913561727069908
2026013105010104,2026,131,05,ユキノグラス,2023102646,3,1,1197,佐々木大,1076,570,450.0,0.0,0.0,178,4,1,1,6,11,1400,23,1,0,1,16,1,1,サンダースノー,ウォーターメアヌイ,Helmet,ダイワメジャー,0,0,0,1,0,0,0,0,0,1,0,0,1,0,0,0,1,0,0,485,155,167,660,554,2459,97,2026-01-31,0,0.0,0.0,570.0,0.0,0.0,0,0,0.0,0.0,0.0,1,0.5,0.0,0.5,1,0,0,0.0848259547144305,0.0664359861591695,0.055045871559633,775600,3442600,12742,56557,1675800,27531,4200,630000.0,0.0,1,0,1710,1.0,1.0,0.0,0.0,0.0,0.0,0,0,0,0.0,0.0669565217391304,-0.0149775950684368,1.0,1.0,1.0,0.0,0.0,0.0,0.0,0.0,0.0,515.0,1545.0,0.0,570.0,0.0,0.0,0.0,1.0,1.0,0.0,0.0,0.0,0.0,1.0,0.0,1.0,0.0606701940035273,0.0690003365870077,-0.0083301425834804,69.28570438775651,0.0,1.0,0.0,0.0,0.0,1.0,2,0.1271399798590131,33.10866062437059,15888.0,1,0,1,0,0,69.6,54.6,-1.373156033178249,14.999999999999991,4.0,1.003960396039604,66.0,53.7,-0.2605938055258285,12.299999999999995,9.0,0.3690156297044644,C,1.0,0.0714285714285714,0.081239041496201,0.8792394655704008,0.0626740947075208,0.094662638469285,0.0654911838790932,0.0654911838790932,0.0,0.0,0.2045625140765401,0.0489934002387868,1.0,0,0.0644834262969585,0.0706031923418278,0.032258064516129,0.7,0.0,0.9961262569442128,17.8,16.731047373606987
2026013105010105,2026,131,05,リッツパーティー,2023104224,3,1,641,柴田善臣,1051,570,494.0,0.0,0.0,205,7,1,1,2,3,1800,11,1,1,0,16,1,1,ミッキーロケット,ハッピーパーティー,キングカメハメハ,クロフネ,1,0,0,0,0,0,0,1,0,0,0,0,1,1,0,0,1,0,0,487,165,158,664,790,9709,250,2026-01-31,0,0.0,0.0,570.0,0.0,0.0,0,0,0.0,0.0,0.0,1,0.5,0.5,0.0,0,1,0,0.0521148036253776,0.0674810936591041,0.0505050505050505,1422000,17476200,8690,106799,1153800,7051,5400,889200.0,0.0,1,1,1710,1.0,1.0,0.0,0.0,0.0,0.0,0,0,0,0.0,0.0816733067729083,-0.0002608100346589,0.5,0.5,0.5,0.0,0.0,0.0,0.0,0.0,0.0,515.0,1545.0,0.0,570.0,0.0,0.0,0.0,1.0,1.0,0.0,0.0,0.0,0.0,1.0,1.0,0.0,0.08,0.0671607225567392,0.0128392774432607,54.1111050987661,1.0,0.75,0.0,0.0,0.0,1.0,0,0.1286250939143501,37.26016528925619,13310.0,1,0,1,0,0,52.6,52.6,0.3649346235841398,0.0,1.0,0.8968253968253969,66.4,55.6,-0.3232124181669815,-1.5,6.0,0.5553835643246671,B,1.0,0.1875,0.0704807483141179,2.6603009259259256,0.0663008687700045,0.0742738589211618,0.0690423162583518,0.0690423162583518,0.0,0.2,0.60721394766147,0.1086173077919995,1.0,0,0.0644834262969585,0.0706031923418278,0.0802010314792535,1.0,0.0,0.8599249152058134,20.5,16.628460761719175
2026041209020609,2026,412,09,ジュウリョクピエロ,2023102979,3,2,1193,今村聖奈,1158,550,466.0,4.0,-1.0,189,7,3,1,8,14,2000,17,1,1,0,14,2,6,オルフェーヴル,ハッピーヴァリュー,ステイゴールド,ゼンノロブロイ,2,0,0,1,0,0,0,2,0,0,1,0,0,2,1,1,3,0,0,456,163,147,638,451,9720,276,2026-04-12,2026-01-04 00:00:00,14.0,530.0,20.0,5.0,285.6666666666667,4,2,0.4,1.0,556.0,3,0.75,0.6666666666666666,0.5,0,3,0,0.0637799882972498,0.088724584103512,0.0415704387990762,902000,19440000,7667,165240,2386000,20281,6000,932000.0,42.0,0,12,1650,1.0,1.0,0.0,0.0,-4.0,-3.25,0,1,0,6.324555320336759,0.1089324618736383,0.026998345066071,0.5,1.0,1.0,3.25,356.875,3.2222222222222223,260.8148148148148,2.622839969947407,161.75131480090158,495.0,1485.0,530.0,20.0,3.0,42.0,1.0,0.0,4.0,1.0,1.0,0.0,0.0,0.0,0.0,1.0,0.0876288659793814,0.0701932858596134,0.017435580119768,45.59999544000046,2.0,0.0,0.5,1.0,17.0,0.0,0,0.1286250939143501,37.26016528925619,13310.0,1,0,1,0,12,51.8,51.8,0.52468113924249,-1.6000000000000014,0.0,0.9385026737967914,63.8,60.6,0.0838085640005082,-1.6000000000000083,0.0,0.4977476163445877,C,2.0,0.2075471698113207,0.1238329238329238,1.6760257562144354,0.1018518518518518,0.1439322671683913,1.0,0.1067961165048543,0.5,0.2352941176470588,0.7452106419087552,0.6747665847665848,2.0,0,0.0644834262969585,0.0706031923418278,0.0895522388059701,1.0,0.0,0.9268285809988923,18.9,16.517060180879064
2026030806020401,2026,308,06,ステイグローリアス,2023105716,3,2,1085,松岡正海,1189,550,474.0,0.0,0.0,175,7,2,1,8,16,1800,24,1,0,2,16,2,4,ゴールドドリーム,グロリアスブレイク,ゴールドアリュール,Distorted Humor,0,0,0,0,0,0,0,0,0,0,1,0,0,1,0,0,1,0,0,442,155,139,607,527,4722,258,2026-03-08,0,0.0,0.0,550.0,0.0,0.0,0,0,0.0,0.0,0.0,1,0.5,0.0,0.0,0,1,0,0.0400977995110024,0.0277227722772277,0.0389105058365758,948600,8499600,12648,113328,1953000,26040,5400,853200.0,0.0,0,4,1650,1.0,1.0,0.0,0.0,0.0,0.0,0,0,0,0.0,0.0874794969928922,0.0055453801853249,1.0,1.0,1.0,0.0,0.0,0.0,0.0,0.0,0.0,495.0,1485.0,0.0,550.0,0.0,0.0,0.0,1.0,3.0,0.0,1.0,0.0,0.0,0.0,0.0,1.0,0.0577326801959412,0.0731387340111512,-0.0154060538152099,49.1111056543216,1.0,0.0,0.0,0.0,0.0,1.0,1,0.0540766503912781,41.20877533275366,59804.0,1,0,1,0,0,51.2,0.0,0.5080715011998659,0.0,0.0,0.9567567567567568,60.7,60.7,0.569102811969436,-7.299999999999997,6.0,0.6814175841341045,A,1.0,0.0344827586206896,0.0342857142857142,1.0057471264367814,0.0416666666666666,0.0298165137614678,0.0,0.0222222222222222,0.0,0.25,0.1650383141762451,0.0818571428571428,1.0,0,0.0644834262969585,0.0706031923418278,0.05,1.0,0.0,0.9934526221028039,17.5,16.385420886799068
2026013108020104,2026,131,08,エルリオ,2023100614,3,2,1180,団野大成,1174,550,438.0,0.0,0.0,618,8,3,10,8,11,1800,24,1,0,1,11,2,1,キセキ,ゴールドカルラ,ルーラーシップ,ゼンノロブロイ,0,0,0,0,0,0,0,0,0,0,0,0,0,0,1,4,1,0,0,513,171,170,696,472,5182,322,2026-01-31,2026-01-18 00:00:00,1.8571428571428568,550.0,0.0,11.0,2046.6666666666667,3,0,0.0,11.0,3344.0,1,0.5,0.0,0.0,0,0,0,0.0753212228622064,0.0415601023017902,0.0709071949947862,849600,9327600,11328,124368,2124000,28320,5400,788400.0,5.571428571428571,0,0,1650,1.0,1.0,0.0,0.0,0.0,-4.0,0,1,0,5.033222956847159,0.0912087912087912,0.0092746744012238,0.2,0.5,0.5,11.0,2371.0,11.0,2210.8888888888887,11.0,2136.5867768595035,495.0,1485.0,550.0,0.0,0.0,5.57142857142857,0.0,0.0,1.0,0.0,0.0,0.0,0.0,1.0,0.0,1.0,0.0646117368109069,0.0831721470019342,-0.0185604101910272,56.99999366666737,1.0,0.0,1.0,0.0,18.0,1.0,1,0.0540766503912781,41.20877533275366,59804.0,1,0,1,0,9,56.9,56.9,-0.074700071949876,1.0,1.0,0.9952267303102624,69.6,0.0,-0.8241613192961964,-0.1000000000000085,0.0,0.3679498760886563,C,1.0,0.0666666666666666,0.0554134697357203,1.2030769230769232,0.0513307984790874,0.0587326120556414,0.0,0.0,0.0,0.0,0.2458205128205128,0.011082693947144,1.0,0,0.0644834262969585,0.0706031923418278,0.0344827586206896,0.4,0.0,0.27674324204610146,61.8,16.10273235844907
2026010408010102,2026,104,08,タガノエルー,2023104324,3,1,1181,秋山稔樹,1018,570,460.0,0.0,0.0,497,9,2,1,1,2,1800,24,1,0,1,16,1,1,モズアスコット,タガノバトラ,Frankel,フレンチデピュティ,0,0,0,1,1,0,0,0,0,0,1,0,0,3,2,1,1,2,0,513,177,168,689,799,7617,76,2026-01-04,2025-11-16 00:00:00,7.0,560.0,10.0,9.5,2167.0,2,0,0.0,9.0,3589.0,3,0.25,0.0,0.3333333333333333,0,1,0,0.042016806722689,0.0566801619433198,0.0294117647058823,1438200,13710600,19176,182808,2125800,28344,5400,828000.0,21.0,0,3,1710,1.5316445761445583,3.451851851851852,0.1481481481481481,0.2222222222222222,0.0,1.0,0,0,0,1.4142135623730951,0.0631067961165048,-0.0188273206910624,0.25,0.25,0.3333333333333333,9.5,2167.0,9.666666666666668,1693.0,9.818181818181818,1262.090909090909,515.0,1545.0,560.0,10.0,1.0,21.0,0.0,0.0,1.0,0.0,0.0,0.0,0.0,1.0,1.0,0.0,0.0625,0.0825410544511668,-0.0200410544511668,56.99999366666737,1.0,0.0,0.25,0.7071067811865476,17.0,1.0,1,0.0540766503912781,41.20877533275366,59804.0,1,0,1,0,6,0.0,0.0,0.0,0.0,0.0,0.0,68.9,55.0,-0.714578747174182,2.300000000000012,8.0,0.421658119874086,C,2.0,0.0,0.0950487174388546,0.0,0.0913865546218487,0.0998619420156465,0.0690161527165932,0.0690161527165932,0.0,0.0,0.0,0.0535178198460675,2.0,0,0.0644834262969585,0.0706031923418278,0.06,1.0,0.0,0.34342655143885015,49.7,16.068299606510852
2026040509020401,2026,405,09,ジーティーアリア,2023105358,3,2,1102,北村友一,1180,550,450.0,6.0,-1.0,171,8,2,1,2,3,1400,24,1,0,3,15,2,4,コントレイル,ヴァラディヤ,ディープインパクト,Siyouni,0,0,0,0,0,0,0,0,0,1,0,0,0,2,1,0,1,0,0,489,166,162,670,516,15452,292,2026-04-05,2026-01-05 00:00:00,12.857142857142858,550.0,0.0,7.5,146.0,2,0,0.0,8.0,138.0,1,0.5,0.0,0.0,1,0,0,0.0998910279694878,0.116580310880829,0.1077586206896551,722400,21632800,12384,370848,1542800,26448,4200,630000.0,38.57142857142857,0,8,1650,1.0,1.0,0.0,0.0,-6.0,-1.0,0,0,0,1.4142135623730951,0.0557532621589561,-0.0261808546486111,0.5,1.0,1.0,7.5,146.0,7.333333333333334,148.66666666666669,7.181818181818182,151.0909090909091,495.0,1485.0,550.0,0.0,3.0,38.57142857142857,0.0,0.0,4.0,1.0,1.0,0.0,0.0,0.0,1.0,0.0,0.0674673260332038,0.0743304243153776,-0.0068630982821738,69.85713287755244,0.0,0.0,0.0,0.7071067811865476,17.0,1.0,1,0.0540766503912781,41.20877533275366,59804.0,1,0,1,0,6,55.8,55.8,0.3141263954123842,2.0,0.0,0.8863636363636362,67.0,54.5,-0.4171403371287088,3.1000000000000014,0.0,0.2694954266999405,D,2.0,0.1860465116279069,0.1834733893557422,1.014024498491035,0.1686746987951807,0.1963350785340314,0.0,0.144927536231884,0.3333333333333333,0.2857142857142857,0.2998638972720279,0.1366946778711484,2.0,0,0.0644834262969585,0.0706031923418278,0.1204819277108433,0.7,0.0,0.993319089295018,17.1,15.98575642694481
2026010506010207,2026,105,06,ストロングエース,2023102477,3,1,1192,横山琉人,1020,570,480.0,4.0,-1.0,1420,10,2,10,8,10,2000,17,1,1,0,10,1,2,ヤマカツエース,フラヴィニー,キングカメハメハ,キンシャサノキセキ,1,1,0,1,0,0,0,1,0,0,1,0,0,2,1,6,2,1,0,514,184,166,690,804,11091,250,2026-01-05,2025-12-13 00:00:00,3.2857142857142856,560.0,10.0,4.0,542.6666666666666,4,1,0.2,9.0,1293.0,3,0.5,0.3333333333333333,0.5,0,2,0,0.053516143299425,0.0596930073905628,0.0544412607449856,1608000,22182000,13668,188547,2384000,20264,6000,960000.0,9.857142857142858,0,4,1710,1.0,1.0,0.0,0.0,-4.0,8.5,1,0,0,8.544003745317536,0.0637720488466757,-0.0181620679608915,0.2222222222222222,0.1666666666666666,0.1666666666666666,5.875,845.5,5.5925925925925934,849.7407407407409,5.86250939143501,956.5244177310292,515.0,1545.0,560.0,10.0,0.0,9.857142857142858,0.0,0.0,1.0,0.0,0.0,0.0,0.0,1.0,0.0,1.0,0.0592105263157894,0.0809399477806788,-0.0217294214648893,51.39999486000052,2.0,0.0,3.0,1.1547005383792517,17.0,0.0,2,0.1271399798590131,33.10866062437059,15888.0,1,0,1,0,12,52.4,52.4,0.3853827489578153,-0.3999999999999986,0.0,0.9656992084432716,62.9,53.7,0.2247004424431002,-6.100000000000001,5.0,0.65112742641586,A,1.0,0.0,0.0970204841713221,0.0,0.0877970197341925,0.1049532386560443,0.0970394736842105,0.0970394736842105,0.0,0.0,0.0,0.0679238336763697,1.0,0,0.0644834262969585,0.0706031923418278,0.0802010314792535,1.0,0.0,0.11845618309382723,142.0,15.820777999323468
2026020708020304,2026,207,08,アレンスター,2023106175,3,1,1122,三浦皇成,1087,570,494.0,0.0,0.0,205,9,1,1,6,12,1800,24,2,0,1,16,2,3,リオンディーズ,フェイバリットキャンディ,キングカメハメハ,Candy Ride,0,0,0,1,1,0,0,0,0,0,1,0,1,1,0,1,1,1,0,550,190,174,749,814,10888,250,2026-02-07,0,0.0,0.0,570.0,0.0,0.0,0,0,0.0,0.0,0.0,2,0.3333333333333333,0.0,0.3333333333333333,0,1,0,0.0919452887537994,0.070528967254408,0.1071428571428571,1465200,19598400,19536,261312,2019600,26928,5400,889200.0,0.0,3,3,1710,1.0,1.0,0.0,0.0,0.0,0.0,0,0,0,0.0,0.0983412322274881,0.0164071154199208,0.5,0.3333333333333333,0.5,0.0,0.0,0.0,0.0,0.0,0.0,515.0,1545.0,0.0,570.0,0.0,0.0,0.0,1.0,2.0,0.0,0.0,0.0,0.0,1.0,0.0,1.0,0.0646117368109069,0.0831721470019342,-0.0185604101910272,61.11110432098842,1.0,0.75,0.25,0.0,0.0,1.0,1,0.0540766503912781,41.20877533275366,59804.0,1,0,1,0,0,53.1,53.1,0.4562508474977054,-10.299999999999995,0.0,0.9248704663212436,74.9,74.9,-1.6538579367914632,4.0,0.0,0.515069793228932,B,2.0,0.1538461538461538,0.1147426981919332,1.340792540792541,0.106766917293233,0.1216041397153945,0.125,0.1095890410958904,0.0,0.2,0.4369517288267288,0.1454485396383866,2.0,0,0.0644834262969585,0.0706031923418278,0.106060606060606,1.0,0.0,0.8182709864157,20.5,15.774555221521847
2026013110010301,2026,131,10,ミヤフロント,2023102606,3,2,1222,森田誠也,1151,520,458.0,14.0,1.0,471,10,4,4,2,2,1000,24,1,0,1,14,1,3,Kingman,フロントゲート,Invincible Spirit,War Front,0,0,0,1,0,0,0,0,0,1,0,0,0,3,0,1,1,0,0,396,145,129,583,165,11185,109,2026-01-31,2025-12-13 00:00:00,7.0,520.0,0.0,7.5,313.0,2,0,0.0,11.0,344.0,1,0.5,0.0,0.5,1,0,0,0.0260869565217391,0.1328708644610459,0.1111111111111111,165000,11185000,3960,268440,1222000,29328,3000,458000.0,21.0,0,9,1560,1.0,1.0,0.0,0.0,14.0,-2.0,0,0,1,2.8284271247461903,0.0918367346938775,0.0099026178863102,0.25,0.5,0.5,7.5,313.0,6.333333333333334,302.6666666666667,5.2727272727272725,293.27272727272725,465.0,1395.0,520.0,0.0,1.0,21.0,0.0,0.0,1.0,0.0,0.0,0.0,0.0,1.0,1.0,0.0,0.0709219858156028,0.0746128578132332,-0.0036908719976303,79.19998416000317,0.0,0.0,0.0,0.0,17.0,1.0,2,0.1271399798590131,33.10866062437059,15888.0,1,0,1,0,6,0.0,0.0,0.0,0.0,0.0,0.0,0.0,0.0,0.0,0.0,0.0,0.0,C,2.0,0.0666666666666666,0.1766095688127584,0.3774804905239688,0.1876699909338168,0.1559322033898305,0.0,0.0,0.0,0.3333333333333333,0.136042444647699,0.2236266981689308,2.0,0,0.0644834262969585,0.0706031923418278,0.4444444444444444,0.7,0.0,0.35305988536037614,47.1,15.629120600473716
2026020105010212,2026,201,05,マイネルグレート,2023106432,3,1,1160,荻野極,1097,570,468.0,8.0,1.0,322,8,1,2,1,2,1800,11,1,1,0,16,1,2,ダノンバラード,オーサムボス,ディープインパクト,Street Boss,1,1,0,0,0,0,0,1,0,0,0,0,2,0,2,0,1,1,0,464,155,154,623,639,3339,292,2026-02-01,2025-12-14 00:00:00,7.0,560.0,10.0,8.0,491.5,2,0,0.0,11.0,589.0,2,0.3333333333333333,0.3333333333333333,0.0,0,1,0,0.0728729492560091,0.1087888531618435,0.0631578947368421,1150200,6010200,7029,36729,2088000,12760,5400,842400.0,21.0,4,0,1710,1.0,1.0,0.0,0.0,8.0,0.0,0,0,0,0.0,0.0542797494780793,-0.0276543673294879,0.5,0.3333333333333333,0.25,8.0,491.5,7.0,459.0,6.090909090909091,429.4545454545454,515.0,1545.0,560.0,10.0,1.0,21.0,0.0,0.0,2.0,0.0,0.0,0.0,0.0,1.0,1.0,0.0,0.08,0.0671607225567392,0.0128392774432607,51.55554982716114,1.0,1.5,0.0,0.0,17.0,1.0,1,0.0540766503912781,41.20877533275366,59804.0,1,0,1,0,6,0.0,0.0,0.0,0.0,0.0,0.0,0.0,0.0,0.0,0.0,0.0,0.0,C,1.0,0.3333333333333333,0.148170187444213,2.249665327978581,0.1592883740173769,0.1197033898305084,0.1548117154811715,0.1548117154811715,0.3333333333333333,0.3333333333333333,0.7884239888423988,0.2070398952294283,1.0,0,0.0644834262969585,0.0706031923418278,0.03125,1.0,0.0,0.5121681165077103,32.2,15.491813351548274
2026041906030801,2026,419,06,ナムラハリス,2023100463,3,2,1184,原優介,1211,550,426.0,4.0,1.0,227,6,2,1,5,6,1800,24,1,0,1,12,3,8,リアルスティール,ブラウローゼン,ディープインパクト,ロードカナロア,0,0,0,1,0,0,0,0,0,0,1,0,0,2,1,1,1,0,0,402,142,127,546,813,11268,292,2026-04-19,2026-03-28 00:00:00,3.142857142857143,550.0,0.0,9.0,264.0,3,0,0.0,12.0,371.0,1,0.5,0.0,0.5,0,1,0,0.0318489289740699,0.0714285714285714,0.0296762589928057,1463400,20282400,19512,270432,2131200,28416,5400,766800.0,9.428571428571429,0,16,1650,0.5269436360027873,0.4097560975609756,0.048780487804878,0.1869918699186991,4.0,-4.0,0,1,0,4.618802153516998,0.0596590909090909,-0.0222750258984763,0.25,0.5,0.5,9.75,290.75,9.333333333333334,261.0,9.099173553719003,232.65289256198344,495.0,1485.0,550.0,0.0,0.0,9.428571428571429,0.0,0.0,4.0,1.0,1.0,0.0,0.0,0.0,0.0,1.0,0.0611861861861861,0.0753604193971166,-0.0141742332109304,44.66666170370426,1.0,0.0,0.25,1.0,18.0,1.0,2,0.1271399798590131,33.10866062437059,15888.0,1,0,1,0,9,52.3,0.0,0.4983617962637268,0.0,0.0,0.912,54.6,54.6,1.5240366547470054,-9.199999999999996,3.0,0.6589866214878131,A,2.0,0.0357142857142857,0.0843881856540084,0.4232142857142857,0.0762711864406779,0.0924369747899159,0.0,0.0,0.1111111111111111,0.1428571428571428,0.0635164255575647,0.1019288728149487,2.0,0,0.0644834262969585,0.0706031923418278,0.1296296296296296,0.4,0.0,0.7245058929044584,22.7,15.446283768931206
2026020705010305,2026,207,05,ベルウッドクレド,2023103957,3,1,1092,津村明秀,1182,570,454.0,0.0,0.0,165,4,1,1,3,5,1800,11,6,1,0,16,1,3,シルバーステート,ラヴザットマスタング,ディープインパクト,Candy Ride,1,0,0,0,0,0,0,1,0,0,0,0,1,0,0,0,1,0,0,511,182,161,705,570,14210,292,2026-02-07,0,0.0,0.0,570.0,0.0,0.0,0,0,0.0,0.0,0.0,1,0.5,0.5,0.0,0,1,0,0.0749601275917065,0.0799605133267522,0.0687079910380881,1026000,25578000,6270,156310,1965600,12012,5400,817200.0,0.0,3,0,1710,1.0,1.0,0.0,0.0,0.0,0.0,0,0,0,0.0,0.08206106870229,0.0001269518947227,1.0,1.0,1.0,0.0,0.0,0.0,0.0,0.0,0.0,515.0,1545.0,0.0,570.0,0.0,0.0,0.0,1.0,2.0,0.0,0.0,0.0,0.0,1.0,1.0,0.0,0.08,0.0671607225567392,0.0128392774432607,56.77777146913651,1.0,0.75,0.0,0.0,0.0,1.0,0,0.1286250939143501,37.26016528925619,13310.0,1,0,1,0,0,78.2,52.5,-2.2524254242462822,25.200000000000003,8.0,0.9620689655172416,65.4,65.4,-0.1666658865641013,-5.099999999999994,8.0,0.3794431701013638,C,1.0,0.2,0.1047619047619047,1.9090909090909087,0.1114982578397212,0.0991253644314868,0.0895522388059701,0.0895522388059701,0.0,0.0,0.6067277250113071,0.065728500355366,1.0,0,0.0644834262969585,0.0706031923418278,0.0519480519480519,0.7,0.0,0.9961622146346887,16.5,15.436676541472362
2026012510010201,2026,125,10,ドウカキミニトドケ,2023100930,3,2,1220,田山旺佑,1180,520,454.0,12.0,-1.0,165,6,1,1,2,4,1700,24,1,0,1,16,1,2,ルーラーシップ,ショウナンバビアナ,キングカメハメハ,ディープインパクト,0,0,0,1,0,0,0,0,0,0,1,0,1,0,1,0,1,0,0,479,165,152,656,825,6044,250,2026-01-25,2026-01-04 00:00:00,3.0,550.0,-30.0,14.0,41.0,1,0,0.0,14.0,41.0,1,0.5,0.0,0.5,0,1,0,0.0519031141868512,0.116580310880829,0.05,1402500,10274800,19800,145056,2074000,29280,5100,771800.0,9.0,2,0,1560,0.972078005173488,0.6367052023121387,0.0852601156069364,0.2622832369942196,-12.0,0.0,0,0,1,0.0,0.0693877551020408,-0.0125463617055264,0.5,1.0,1.0,14.0,41.0,14.0,41.0,14.0,41.0,465.0,1395.0,550.0,0.0,0.0,9.0,0.0,0.0,1.0,0.0,0.0,0.0,0.0,1.0,1.0,0.0,0.0709219858156028,0.0746128578132332,-0.0036908719976303,56.35293454671359,1.0,0.75,0.0,0.0,17.0,1.0,2,0.1271399798590131,33.10866062437059,15888.0,1,0,1,0,3,66.6,66.6,-0.2543714129289013,-0.5,3.0,0.9653767820773932,65.6,64.2,-0.1979751928846756,1.3999999999999917,3.0,0.4643065573304375,C,2.0,0.25,0.1840942562592047,1.358,0.1677215189873417,0.1983471074380165,0.0,0.0,0.3333333333333333,0.0,0.562608910162003,0.2288659793814433,2.0,0,0.0644834262969585,0.0706031923418278,0.0492957746478873,0.7,0.0,0.9862739134140615,16.5,15.273519571332013
2026011208010511,2026,112,08,カクウチ,2023101405,3,1,1093,藤岡佑介,1085,570,460.0,8.0,1.0,985,14,2,11,4,7,1600,18,1,1,0,16,1,5,アドマイヤマーズ,トウカイファイン,ダイワメジャー,フレンチデピュティ,1,0,0,0,0,0,1,0,0,0,0,0,1,3,0,1,1,0,0,375,126,127,515,396,8677,285,2026-01-12,2025-12-21 00:00:00,3.142857142857143,560.0,10.0,5.666666666666667,307.0,4,1,0.2,12.0,829.0,1,0.5,0.5,0.0,1,0,0,0.1120537292329445,0.0555555555555555,0.1022727272727272,633600,13883200,7128,156186,1748800,19674,4800,736000.0,9.428571428571429,5,15,1710,1.0,1.0,0.0,0.0,8.0,0.25,0,0,0,3.415650255319873,0.120253164556962,0.0383190477493947,0.3333333333333333,0.3333333333333333,0.2,7.5,477.625,6.5925925925925934,406.7777777777778,6.103681442524417,375.1119459053343,515.0,1545.0,560.0,10.0,0.0,9.428571428571429,0.0,0.0,1.0,0.0,0.0,0.0,0.0,1.0,1.0,0.0,0.0673352435530086,0.0847826086956521,-0.0174473651426435,46.87499414062574,1.0,0.75,0.25,1.5275252316519468,18.0,0.0,0,0.1286250939143501,37.26016528925619,13310.0,1,0,1,0,12,64.6,64.6,-0.1490940410138483,0.0,0.0,1.0166320166320166,51.5,51.5,2.0093309027159343,-15.700000000000005,8.0,0.7042569084663107,A,2.0,0.0,0.0981323203545425,0.0,0.080091533180778,0.1109307359307359,0.0936329588014981,0.0936329588014981,0.0,0.0,0.0,0.0664429434716575,2.0,0,0.0644834262969585,0.0706031923418278,0.0652173913043478,1.0,0.0,0.16316198441243995,98.5,15.071455464625334
2026021508020604,2026,215,08,メイショウソウテン,2023103180,3,1,1208,田口貫太,1111,570,560.0,0.0,0.0,694,8,3,5,7,7,1900,24,2,0,1,9,2,6,ブリックスアンドモルタル,アスカリアン,Giant's Causeway,マンハッタンカフェ,0,0,0,1,0,0,0,0,0,0,1,0,2,1,1,0,1,0,0,496,170,161,673,748,1345,84,2026-02-15,2026-01-31 00:00:00,2.142857142857143,570.0,0.0,3.6666666666666665,198.66666666666663,3,1,0.25,1.0,40.0,1,0.5,0.0,0.5,0,1,0,0.0509316770186335,0.0782190132370637,0.0483729111697449,1421200,2555500,17952,32280,2295200,28992,5700,1064000.0,6.428571428571429,12,6,1710,0.6725071588964776,1.3655913978494625,0.064516129032258,0.2365591397849462,0.0,-0.5,0,0,0,1.1547005383792432,0.0844444444444444,0.0025103276368771,0.5,0.5,0.5,3.0,159.0,3.6666666666666674,225.3333333333334,4.2727272727272725,297.2066115702479,515.0,1545.0,570.0,0.0,0.0,6.428571428571429,0.0,0.0,2.0,0.0,0.0,0.0,0.0,1.0,0.0,1.0,0.0646117368109069,0.0831721470019342,-0.0185604101910272,52.21052081994518,2.0,1.0,0.0,0.5773502691896257,24.0,0.0,2,0.1271399798590131,33.10866062437059,15888.0,1,0,1,0,9,0.0,0.0,0.0,0.0,0.0,0.0,0.0,0.0,0.0,0.0,0.0,0.0,C,2.0,0.0416666666666666,0.0963397790055248,0.4324970131421744,0.0875444839857651,0.1046277665995975,0.0,0.0641025641025641,0.0,0.1666666666666666,0.0184575368379131,0.0692679558011049,2.0,0,0.0644834262969585,0.0706031923418278,0.0238095238095238,0.1,0.0,0.22998026600783106,69.4,14.960630460943477
2026032107010305,2026,321,07,バルドル,2023104920,3,1,1135,杉原誠人,1150,570,450.0,4.0,-1.0,783,10,3,4,6,11,2000,11,1,1,0,18,1,3,リオンリオン,アドマイヤルミナス,ルーラーシップ,エピファネイア,1,0,0,0,0,0,0,0,1,0,0,0,0,1,2,0,1,0,0,484,169,153,653,815,1513,322,2026-03-21,2026-01-10 00:00:00,10.0,570.0,0.0,6.0,1205.0,1,0,0.0,6.0,1205.0,1,0.5,0.5,0.0,0,0,1,0.0392918825561312,0.0747004933051444,0.0142857142857142,1630000,3026000,8965,16643,2270000,12485,6000,900000.0,30.0,0,3,1710,1.0,1.0,0.0,0.0,-4.0,0.0,0,0,0,0.0,0.089126559714795,0.0071924429072277,0.3333333333333333,0.3333333333333333,0.3333333333333333,6.0,1205.0,6.0,1205.0,6.0,1205.0,515.0,1545.0,570.0,0.0,2.0,30.0,0.0,0.0,3.0,0.0,1.0,0.0,0.0,0.0,0.0,1.0,0.0819415448851774,0.0685449957947855,0.0133965490903919,48.399995160000486,2.0,0.0,0.0,0.0,17.0,1.0,0,0.1286250939143501,37.26016528925619,13310.0,1,0,1,0,3,53.9,53.9,0.2320218086552515,-1.0,1.0,0.9441624365482234,65.3,61.2,-0.151011233403812,4.099999999999994,2.0,0.3748628084448338,C,1.0,0.0606060606060606,0.0905466970387243,0.6693348580141033,0.0952380952380952,0.0864461045891142,0.0,0.0,0.2,0.1666666666666666,0.1547779508166,0.123382687927107,1.0,0,0.0644834262969585,0.0706031923418278,0.0802010314792535,0.7,0.0,0.2032340491640659,78.3,14.91322604954636
2026010406010106,2026,104,06,トップオブザライン,2023105338,3,1,1122,三浦皇成,1061,570,494.0,0.0,0.0,159,7,2,1,4,8,2000,17,1,1,0,17,1,1,ドレフォン,ラスティングソング,Gio Ponti,フジキセキ,1,0,0,0,0,0,0,1,0,0,0,0,0,1,0,1,1,0,0,450,157,147,614,685,13919,85,2026-01-04,0,0.0,0.0,570.0,0.0,0.0,0,0,0.0,0.0,0.0,1,0.5,0.5,0.0,0,1,0,0.0919452887537994,0.1557734204793028,0.0974124809741248,1370000,27838000,11645,236623,2244000,19074,6000,988000.0,0.0,0,1,1710,0.8868841597367096,0.7375,0.0846774193548387,0.282258064516129,0.0,0.0,0,0,0,0.0,0.0739371534195933,-0.0079969633879739,1.0,1.0,0.5,0.0,0.0,0.0,0.0,0.0,0.0,515.0,1545.0,0.0,570.0,0.0,0.0,0.0,1.0,1.0,0.0,0.0,0.0,0.0,1.0,1.0,0.0,0.0592105263157894,0.0809399477806788,-0.0217294214648893,44.99999550000045,2.0,0.0,0.5,0.0,0.0,1.0,0,0.1286250939143501,37.26016528925619,13310.0,1,0,1,0,0,55.8,0.0,0.3141263954123842,-13.100000000000009,0.0,0.9781021897810218,61.4,60.4,0.4595202398474205,1.0,0.0,0.572564693528411,B,2.0,0.0,0.237116473041406,0.0,0.2584124245038826,0.1896053897978825,0.1379310344827586,0.1379310344827586,0.0,0.0,0.0,0.1163888118496605,2.0,0,0.0644834262969585,0.0706031923418278,0.056338028169014,1.0,0.0,0.9940423314650821,15.9,14.805273070294806
2026031409010705,2026,314,09,エンネ,2023102102,3,2,1163,坂井瑠星,1176,550,524.0,0.0,0.0,159,5,4,1,5,10,1800,18,1,1,0,17,1,7,キズナ,ルパン２,ディープインパクト,Medaglia d'Oro,1,0,0,0,0,0,0,1,0,0,0,0,0,0,0,1,1,0,0,460,160,145,637,471,14559,292,2026-03-14,0,0.0,0.0,550.0,0.0,0.0,0,0,0.0,0.0,0.0,1,0.5,0.5,0.0,0,1,0,0.1294632573139829,0.1158917418459403,0.1341256366723259,847800,26206200,8478,262062,2093400,20934,5400,943200.0,0.0,0,0,1650,1.095601181627051,0.8016129032258065,0.1290322580645161,0.2903225806451613,0.0,0.0,0,0,0,0.0,0.0686813186813186,-0.0132527981262486,1.0,1.0,1.0,0.0,0.0,0.0,0.0,0.0,0.0,495.0,1485.0,0.0,550.0,0.0,0.0,0.0,1.0,3.0,0.0,1.0,0.0,0.0,0.0,0.0,1.0,0.0907103825136612,0.073234524847428,0.0174758576662331,51.1111054320994,1.0,0.0,0.25,0.0,0.0,1.0,0,0.1286250939143501,37.26016528925619,13310.0,1,0,1,0,0,50.6,50.6,0.5878475623915216,-1.2999999999999972,1.0,0.9590163934426228,63.7,57.3,0.0994632171607954,6.300000000000004,6.0,0.4117132310702757,C,2.0,0.1481481481481481,0.1783369803063457,0.8307202908429902,0.1666666666666666,0.1938775510204081,0.25,0.2142857142857142,0.25,0.25,0.3740717071877603,0.2356673960612691,2.0,0,0.0644834262969585,0.0706031923418278,0.1257861635220125,0.4,0.0,0.9841152032624367,15.9,14.647431731872745
2026011106010411,2026,111,06,トラスコンガーデン,2023100935,3,2,733,吉田豊,1152,550,450.0,8.0,1.0,1466,15,4,11,3,6,1600,18,1,1,0,16,1,4,ダノンスマッシュ,ジャルディナージュ,ロードカナロア,Bernardini,2,0,1,0,0,0,2,0,0,0,0,0,0,2,1,3,2,0,1,492,171,160,680,638,6417,328,2026-01-11,2025-10-19 00:00:00,12.0,550.0,0.0,3.6666666666666665,501.0,4,1,0.2,7.0,228.0,3,0.5,0.5,0.0,2,0,0,0.0461876832844574,0.0755885997521685,0.0457198443579766,1020800,10267200,11484,115506,1172800,13194,4800,720000.0,36.0,0,8,1650,1.0,1.0,0.0,0.0,8.0,1.75,0,0,0,1.914854215512673,0.0825035561877667,0.0005694393801994,0.5,0.3333333333333333,0.3333333333333333,4.75,322.5,4.481481481481483,356.4444444444445,4.525169045830203,353.5740045078888,495.0,1485.0,550.0,0.0,2.0,36.0,0.0,0.0,1.0,0.0,0.0,0.0,0.0,1.0,1.0,0.0,0.0797101449275362,0.0594214229867083,0.0202887219408278,61.49999231250096,1.0,0.0,0.75,1.0,11.0,1.0,0,0.1286250939143501,37.26016528925619,13310.0,1,0,1,0,12,52.1,52.1,0.4160549370183278,0.0,1.0,0.925531914893617,68.0,54.3,-0.573686868731589,13.700000000000005,3.0,0.3120690686583632,D,1.0,0.0,0.0797843665768194,0.0,0.0601092896174863,0.0926090828138913,0.0787878787878787,0.0787878787878787,0.0,0.0,0.0,0.0553508127093032,1.0,0,0.0644834262969585,0.0706031923418278,0.037037037037037,0.7,0.0,0.10512349359664226,146.6,14.411104161267755
2026041209020602,2026,412,09,バケラッタ,2023104066,3,1,1157,鮫島克駿,1198,570,478.0,6.0,1.0,204,6,1,2,2,4,1800,24,1,0,2,16,2,6,ホッコータルマエ,イナズママンボ,キングカメハメハ,スズカマンボ,0,0,0,0,0,0,0,0,0,0,0,0,1,1,1,1,0,1,0,400,140,130,544,762,2124,250,2026-04-12,2026-02-08 00:00:00,9.0,570.0,0.0,6.333333333333333,190.66666666666663,3,0,0.0,4.0,60.0,1,0.0,0.0,0.0,0,0,0,0.0888144938952343,0.0528,0.0912052117263843,1371600,3823200,18288,50976,2082600,27768,5400,860400.0,27.0,6,6,1710,1.0,1.0,0.0,0.0,6.0,-4.5,0,1,0,7.211102550927978,0.060878243512974,-0.0210558732945932,0.25,0.2,0.5,5.75,158.0,6.888888888888889,176.66666666666669,8.165289256198346,187.5619834710744,515.0,1545.0,570.0,0.0,2.0,27.0,0.0,0.0,4.0,1.0,1.0,0.0,0.0,0.0,1.0,0.0,0.0674673260332038,0.0743304243153776,-0.0068630982821738,44.44443950617339,1.0,0.75,0.25,1.0,24.0,0.0,1,0.0540766503912781,41.20877533275366,59804.0,1,0,1,0,9,54.0,54.0,0.4088760301359317,-17.200000000000003,0.0,0.941952506596306,54.4,51.8,1.555345961067582,-11.9,3.0,0.6572898080767692,A,2.0,0.0862068965517241,0.0682926829268292,1.2623152709359606,0.0423280423280423,0.090497737556561,0.0,0.03125,0.25,0.2,0.2787151067323481,0.0886585365853658,2.0,0,0.0644834262969585,0.0706031923418278,0.0588235294117647,1.0,0.0,0.7532905271038809,20.4,14.36712675291917
2026020810010601,2026,208,10,イサギ,2023101713,3,1,1185,小沢大仁,1197,570,474.0,10.0,1.0,156,8,2,1,6,11,1700,24,2,0,1,16,1,6,リアルスティール,キララチュール,ディープインパクト,タイキシャトル,0,0,0,1,0,0,0,0,0,0,1,0,0,3,3,1,1,0,0,479,172,150,664,813,4047,292,2026-02-08,2025-12-06 00:00:00,9.142857142857142,560.0,10.0,6.333333333333333,209.3333333333333,5,0,0.0,7.0,328.0,1,0.5,0.0,0.5,0,1,0,0.0441029067824924,0.037593984962406,0.0629770992366412,1382100,6879900,19512,97128,2014500,28440,5100,805800.0,27.428571428571427,0,18,1710,0.9008984228749028,2.660416666666667,0.0833333333333333,0.125,10.0,2.625,1,0,1,4.335896677735768,0.0820451843043995,0.0001110674968322,1.0,0.1666666666666666,0.2,6.625,262.625,6.604938271604939,230.32098765432104,6.905949047196229,186.0426883409603,515.0,1545.0,560.0,10.0,2.0,27.428571428571427,0.0,0.0,2.0,0.0,0.0,0.0,0.0,1.0,0.0,1.0,0.0709219858156028,0.0746128578132332,-0.0036908719976303,56.35293454671359,1.0,0.0,0.25,0.5773502691896258,24.0,0.0,2,0.1271399798590131,33.10866062437059,15888.0,1,0,1,0,15,53.6,0.0,0.4299315045189422,-10.699999999999996,0.0,0.9102902374670184,66.4,0.0,-0.3232124181669815,12.500000000000009,0.0,0.3581126400185986,C,2.0,0.0,0.0515151515151515,0.0,0.0523255813953488,0.050632911392405,0.0,0.0,0.0,0.0,0.0,0.0103030303030303,2.0,0,0.0644834262969585,0.0706031923418278,0.1296296296296296,1.0,0.0,0.9745437649635122,15.6,14.20288273343079
2026030709010511,2026,307,09,ギリーズボール,2023107187,3,2,1200,西塚洸二,1038,550,414.0,10.0,-1.0,245,10,3,1,1,2,1400,17,1,1,0,18,1,5,エピファネイア,フロアクラフト,シンボリクリスエス,フジキセキ,2,0,0,0,0,0,2,0,0,0,0,0,0,0,3,0,2,0,0,396,136,125,549,436,11168,267,2026-03-07,2026-01-11 00:00:00,7.857142857142857,550.0,0.0,7.0,29.0,2,1,0.3333333333333333,13.0,42.0,2,0.6666666666666666,0.6666666666666666,0.0,2,0,0,0.0656716417910447,0.1093673369298675,0.0460829493087557,610400,15635200,7412,189856,1680000,20400,4200,579600.0,23.57142857142857,0,0,1650,1.1293330568441071,0.8168,0.096,0.2826666666666667,-10.0,-2.0,0,0,1,2.8284271247461903,0.0695364238410596,-0.0123976929665077,0.6666666666666666,0.6666666666666666,0.6666666666666666,7.0,29.0,5.0,24.666666666666668,3.1818181818181817,20.727272727272727,495.0,1485.0,550.0,0.0,1.0,23.57142857142857,0.0,0.0,3.0,0.0,1.0,0.0,0.0,0.0,1.0,0.0,0.0976253298153034,0.0712166172106825,0.0264087126046209,56.57142048979707,0.0,0.0,0.0,0.0,18.0,1.0,0,0.1286250939143501,37.26016528925619,13310.0,1,0,1,0,6,52.7,0.0,0.3547105608973021,-1.5999999999999943,0.0,0.9355670103092784,54.9,0.0,1.477072695266142,0.0,0.0,0.4934270116381003,C,1.0,0.1666666666666666,0.1484018264840182,1.123076923076923,0.1504095309009679,0.1458724202626641,0.0843373493975903,0.0843373493975903,0.4,0.3333333333333333,0.3646980228606734,0.1918490399955988,1.0,0,0.0644834262969585,0.0706031923418278,0.197452229299363,0.1,0.0,0.6199416524747584,24.5,14.188570485631582
2026041106030502,2026,411,06,ラベンダーヘイズ,2023106162,3,1,1162,木幡巧也,1051,570,460.0,0.0,0.0,154,7,2,1,5,9,1200,24,1,0,3,16,3,5,パドトロワ,ラベンダーメモリー,スウェプトオーヴァーボード,ナカヤマフェスタ,0,0,0,0,0,0,0,0,0,1,0,0,0,2,2,0,1,0,0,399,141,124,544,720,14116,271,2026-04-11,2026-02-21 00:00:00,7.0,540.0,30.0,10.0,1564.3333333333333,3,0,0.0,11.0,2520.0,1,0.5,0.0,0.0,1,0,0,0.0420475319926873,0.0674810936591041,0.0407055630936228,864000,16939200,17280,338784,1394400,27888,3600,552000.0,21.0,0,10,1710,1.0,1.0,0.0,0.0,0.0,1.5,0,0,0,3.4641016151377544,0.0726153846153846,-0.0093187321921826,0.5,1.0,1.0,10.25,1803.25,10.555555555555555,1542.0,11.074380165289254,1294.809917355372,515.0,1545.0,540.0,30.0,1.0,21.0,0.0,0.0,4.0,1.0,1.0,0.0,0.0,0.0,0.0,1.0,0.0611861861861861,0.0753604193971166,-0.0141742332109304,66.49998891666851,0.0,0.0,0.0,0.5773502691896257,11.0,1.0,1,0.0540766503912781,41.20877533275366,59804.0,1,0,1,0,9,55.0,53.2,0.1195571191000379,1.7999999999999972,0.0,0.883248730964467,54.4,54.4,1.555345961067582,-12.6,5.0,0.6821846731715555,A,1.0,0.1666666666666666,0.0710736660185785,2.344984802431611,0.0668181818181818,0.0749279538904899,0.1428571428571428,0.0919811320754716,0.3333333333333333,0.25,0.6351190476190477,0.1856433046322871,1.0,0,0.0644834262969585,0.0706031923418278,0.1818181818181818,1.0,0.0,0.9847951411139277,15.4,14.165845173154487
2026030806020403,2026,308,06,ホノボノ,2023100581,3,1,1091,丹内祐次,1141,570,460.0,2.0,-1.0,152,5,2,1,8,13,1800,24,1,0,2,14,2,4,ダノンプレミアム,ホオポノポノ,ディープインパクト,タニノギムレット,0,0,0,0,0,0,0,0,0,0,1,0,1,2,2,1,1,0,0,520,174,172,691,640,11998,292,2026-03-08,2026-02-21 00:00:00,2.142857142857143,540.0,30.0,10.666666666666666,879.0,5,0,0.0,4.0,668.0,1,0.5,0.0,0.0,0,1,0,0.0705355476768053,0.0534351145038167,0.0555165144061841,1152000,21596400,15360,287952,1963800,26184,5400,828000.0,6.428571428571429,4,8,1710,1.0,1.0,0.0,0.0,-2.0,2.625,1,0,0,11.2605506082074,0.0874794969928922,0.0055453801853249,0.1666666666666666,0.5,1.0,8.4375,729.3125,8.938271604938274,741.1358024691359,8.850078546547365,731.5556997472848,515.0,1545.0,540.0,30.0,0.0,6.428571428571429,0.0,0.0,3.0,0.0,1.0,0.0,0.0,0.0,0.0,1.0,0.0577326801959412,0.0731387340111512,-0.0154060538152099,57.77777135802541,1.0,0.75,0.25,0.9999999999999998,24.0,0.0,1,0.0540766503912781,41.20877533275366,59804.0,1,0,1,0,15,63.5,0.0,-0.7494882092811569,-1.5999999999999943,0.0,0.9846827133479212,69.1,0.0,-0.7458880534947563,2.299999999999997,0.0,0.3388848590023691,D,1.0,0.0571428571428571,0.0670912951167728,0.8517179023508137,0.0595903165735568,0.0733801717408274,0.0,0.0747663551401869,0.1666666666666666,0.0,0.1437914406268836,0.0634182590233545,1.0,0,0.0644834262969585,0.0706031923418278,0.0196078431372549,1.0,0.0,0.9629643962912442,15.2,13.63705882362691
2026032106020703,2026,321,06,ソニックブレイカー,2023100955,3,1,1192,横山琉人,1167,570,436.0,2.0,-1.0,228,6,2,5,6,11,1200,24,1,0,1,16,2,7,モーリス,バートラムガーデン,スクリーンヒーロー,サクラバクシンオー,0,0,1,1,0,0,0,0,0,1,0,0,1,2,1,1,1,0,1,390,136,126,542,803,10021,272,2026-03-21,2026-02-15 00:00:00,4.857142857142857,570.0,0.0,7.0,362.3333333333333,3,0,0.0,6.0,272.0,2,0.3333333333333333,0.0,0.5,1,0,0,0.053516143299425,0.0764849471114727,0.0544412607449856,963600,12025200,19272,240504,1430400,28608,3600,523200.0,14.57142857142857,7,14,1710,0.8101548240316258,0.6891666666666667,0.075,0.1833333333333333,-2.0,1.5,0,0,0,5.291502622129181,0.0784671532846715,-0.0034669635228957,0.25,0.5,0.5,6.75,339.75,6.0,388.44444444444457,4.884297520661156,444.0413223140495,515.0,1545.0,570.0,0.0,1.0,14.57142857142857,0.0,0.0,3.0,0.0,1.0,0.0,0.0,0.0,0.0,1.0,0.0577326801959412,0.0731387340111512,-0.0154060538152099,64.99998916666847,0.0,1.0,0.0,1.0,17.0,1.0,2,0.1271399798590131,33.10866062437059,15888.0,1,0,1,0,9,80.2,51.1,-2.456906677983034,29.1,4.0,0.9999999999999998,54.2,0.0,1.586655267388157,-0.5,0.0,0.2912843338576494,D,1.0,0.0,0.102127659574468,0.0,0.0735694822888283,0.1204188481675392,0.0,0.0449438202247191,0.0,0.0,0.0,0.0204255319148936,1.0,0,0.0644834262969585,0.0706031923418278,0.2419354838709677,0.4,0.0,0.6398086623767165,22.8,13.587637502189137
2026013108020107,2026,131,08,サイン,2023106866,3,1,1208,田口貫太,1205,570,530.0,2.0,-1.0,332,8,2,9,8,11,1800,24,2,0,1,11,2,1,キセキ,イヴ,ルーラーシップ,ダイワメジャー,0,0,0,1,0,0,0,0,0,0,1,0,2,1,1,2,1,0,0,463,164,145,636,472,2235,322,2026-01-31,2026-01-10 00:00:00,3.0,570.0,0.0,4.0,161.66666666666666,4,1,0.2,6.0,371.0,1,0.5,0.0,0.5,0,1,0,0.0509316770186335,0.0844155844155844,0.0483729111697449,849600,4023000,11328,53640,2174400,28992,5400,954000.0,9.0,2,1,1710,1.0,1.0,0.0,0.0,-2.0,5.5,1,0,0,8.24621125123532,0.0912087912087912,0.0092746744012238,0.5,0.3333333333333333,0.3333333333333333,4.625,213.125,4.7407407407407405,162.92592592592592,5.134485349361381,118.06686701728025,515.0,1545.0,570.0,0.0,0.0,9.0,0.0,0.0,1.0,0.0,0.0,0.0,0.0,1.0,0.0,1.0,0.0646117368109069,0.0831721470019342,-0.0185604101910272,51.4444387283957,1.0,1.5,0.5,1.7320508075688772,24.0,0.0,2,0.1271399798590131,33.10866062437059,15888.0,1,0,1,0,12,52.7,50.8,0.477306321880716,1.9000000000000057,1.0,0.9064171122994652,63.6,56.2,0.1151178703210836,7.399999999999999,2.0,0.3172790389392191,D,2.0,0.0714285714285714,0.1257485029940119,0.5680272108843537,0.1282051282051282,0.1235955056179775,0.0,0.0588235294117647,0.0,0.3333333333333333,0.0806405895691609,0.1251497005988023,2.0,0,0.0644834262969585,0.0706031923418278,0.0344827586206896,0.4,0.0,0.4349295482659652,33.2,13.439661002430046
2026032909020206,2026,329,09,イルダメリーノ,2023101843,3,1,1178,斎藤新,1210,570,450.0,6.0,-1.0,894,9,2,10,2,2,1200,24,1,0,1,10,2,2,ゴールドドリーム,カフジサファイア,ゴールドアリュール,ロードカナロア,0,0,0,0,0,0,0,0,0,0,0,0,1,2,0,0,1,0,0,477,162,158,631,527,3599,258,2026-03-29,2026-03-11 00:00:00,2.571428571428572,570.0,0.0,4.0,105.0,3,1,0.25,1.0,0.0,1,0.5,0.0,0.0,0,0,0,0.0604575163398692,0.04,0.0258823529411764,632400,4318800,12648,86376,1413600,28272,3600,540000.0,7.714285714285715,2,4,1710,1.0,1.0,0.0,0.0,-6.0,-2.0,0,0,0,2.309401076758512,0.0560471976401179,-0.0258869191674493,0.3333333333333333,0.25,0.3333333333333333,3.25,78.75,3.6666666666666674,86.44444444444444,3.900826446280991,85.3884297520661,515.0,1545.0,570.0,0.0,0.0,7.714285714285716,0.0,0.0,3.0,0.0,1.0,0.0,0.0,0.0,1.0,0.0,0.0674673260332038,0.0743304243153776,-0.0068630982821738,79.49998675000221,0.0,1.0,0.0,0.5773502691896257,24.0,0.0,1,0.0540766503912781,41.20877533275366,59804.0,1,0,1,0,9,53.8,0.0,0.4194037673274371,0.0,0.0,0.8763157894736843,63.1,0.0,0.1933911361225237,-2.499999999999993,0.0,0.480373184683957,C,2.0,0.0392156862745098,0.0398230088495575,0.9847494553376906,0.0446428571428571,0.0350877192982456,0.0,0.0454545454545454,0.1666666666666666,0.0,0.1635802469135802,0.0579646017699115,2.0,0,0.0644834262969585,0.0706031923418278,0.05,0.7,0.0,0.1611795906106467,89.4,13.409455400591817
2026032809020105,2026,328,09,ラヴリーティアラ,2023107290,3,2,1180,団野大成,1105,550,406.0,12.0,-1.0,219,8,3,1,5,10,1600,18,1,1,0,18,2,1,サトノクラウン,ラヴアンドドラゴン,Marju,ディープインパクト,1,0,0,0,0,0,1,0,0,0,0,0,0,0,1,1,1,0,0,486,168,156,674,544,14189,136,2026-03-28,2026-03-01 00:00:00,3.857142857142857,520.0,30.0,9.0,976.0,1,0,0.0,9.0,976.0,1,0.5,0.5,0.0,1,0,0,0.0753212228622064,0.1197252208047105,0.0752248569092395,870400,22702400,9792,255402,1888000,21240,4800,649600.0,11.571428571428571,0,0,1650,0.4178195763457579,0.2259136212624584,0.0299003322259136,0.2159468438538206,-12.0,0.0,0,0,1,0.0,0.078397212543554,-0.0035369042640133,0.5,0.5,0.5,9.0,976.0,9.0,976.0,9.0,976.0,495.0,1485.0,520.0,30.0,0.0,11.571428571428571,0.0,0.0,3.0,0.0,1.0,0.0,0.0,0.0,0.0,1.0,0.0877944325481798,0.0733113673805601,0.0144830651676197,60.74999240625095,1.0,0.0,0.25,0.0,17.0,1.0,0,0.1286250939143501,37.26016528925619,13310.0,1,0,1,0,3,0.0,0.0,0.0,0.0,0.0,0.0,67.4,57.4,-0.4797589497698617,10.000000000000009,3.0,0.2860070306317124,D,2.0,0.08,0.1811616009629852,0.4415946843853821,0.1902796882164145,0.1637478108581436,0.3333333333333333,0.1956989247311828,0.1666666666666666,0.2,0.2627585825027685,0.2628989868592637,2.0,0,0.0644834262969585,0.0706031923418278,0.0476190476190476,0.1,0.0,0.6557135856688455,21.9,13.360127526147716
2026031509010806,2026,315,09,シーミハットク,2023103532,3,1,1213,高杉吏麒,1158,570,482.0,0.0,0.0,182,6,2,1,6,7,1600,18,2,1,0,11,1,8,オルフェーヴル,ブルーミンバー,ステイゴールド,ファルブラヴ,2,0,0,0,0,0,1,1,0,0,0,0,1,1,3,2,2,0,0,459,161,142,631,451,11399,276,2026-03-15,2026-02-14 00:00:00,4.142857142857143,570.0,0.0,6.333333333333333,263.6666666666667,5,1,0.1666666666666666,5.0,446.0,2,0.6666666666666666,0.6666666666666666,0.0,1,1,0,0.0918499353169469,0.088724584103512,0.072829131652661,721600,18238400,8118,205182,1940800,21834,4800,771200.0,12.42857142857143,8,8,1710,1.4183001004939615,1.2095238095238094,0.1309523809523809,0.4047619047619047,0.0,-1.75,0,0,0,3.1622776601683795,0.0662251655629139,-0.0157089512446533,0.6666666666666666,0.3333333333333333,0.2857142857142857,6.5625,368.875,6.481481481481481,339.97530864197535,6.499897547981694,291.30646813742226,515.0,1545.0,570.0,0.0,1.0,12.42857142857143,0.0,0.0,3.0,0.0,1.0,0.0,0.0,0.0,0.0,1.0,0.0907103825136612,0.073234524847428,0.0174758576662331,57.37499282812591,1.0,0.75,0.5,1.5275252316519468,17.0,1.0,0,0.1286250939143501,37.26016528925619,13310.0,1,0,1,0,15,52.9,52.9,0.4667785846892109,1.2999999999999972,0.0,0.8912466843501324,63.1,61.8,0.1933911361225237,1.3000000000000045,0.0,0.3542549501903422,C,2.0,0.1621621621621621,0.1223377909856364,1.3255279571069043,0.0982419855222337,0.1444866920152091,0.0,0.0980392156862745,0.25,0.3,0.3620326804537331,0.1144675581971272,2.0,0,0.0644834262969585,0.0706031923418278,0.0895522388059701,1.0,0.0,0.7711341023910054,18.2,13.0346406635163
2026032207010403,2026,322,07,ルーナディサングエ,2023103013,3,1,1129,菅原隆一,1090,570,466.0,14.0,1.0,290,9,2,1,8,14,1800,23,1,0,1,15,1,4,リアルスティール,ブラッディムーン,ディープインパクト,アドマイヤムーン,0,0,0,1,1,0,0,0,0,0,1,0,0,2,1,2,1,1,0,542,186,177,734,813,11299,292,2026-03-22,2025-11-08 00:00:00,19.142857142857142,560.0,10.0,8.666666666666666,1543.6666666666667,3,0,0.0,4.0,1259.0,2,0.3333333333333333,0.0,0.3333333333333333,0,1,0,0.0138888888888888,0.018,0.0526315789473684,1463400,20338200,18699,259877,2032200,25967,5400,838800.0,57.42857142857143,0,8,1710,1.6450459822058106,1.9619047619047616,0.1428571428571428,0.3809523809523809,14.0,-0.5,0,0,1,1.1547005383792557,0.0856592877767083,0.003725170969141,0.25,0.2,0.2,7.5,1472.5,9.55555555555556,1759.2222222222226,11.8099173553719,2113.404958677685,515.0,1545.0,560.0,10.0,3.0,57.42857142857143,1.0,0.0,3.0,0.0,1.0,0.0,0.0,0.0,0.0,1.0,0.0678144764581869,0.0759976525821596,-0.0081831761239726,60.22221553086494,1.0,0.0,0.5,0.5773502691896257,24.0,1.0,1,0.0540766503912781,41.20877533275366,59804.0,1,0,1,0,9,0.0,0.0,0.0,0.0,0.0,0.0,73.4,53.5,-1.419038139387143,-6.299999999999997,8.0,0.6086113876012083,B,1.0,0.0555555555555555,0.0390271493212669,1.4235104669887275,0.033452807646356,0.0440386680988184,0.0,0.0,0.1666666666666666,0.1666666666666666,0.3192725373005637,0.0773190045248868,1.0,0,0.0644834262969585,0.0706031923418278,0.1296296296296296,1.0,0.0,0.4788194276102699,29.0,12.885763400697828
2026012408010803,2026,124,08,ホーナー,2023107518,3,1,1115,浜中俊,1127,570,468.0,0.0,0.0,140,5,2,1,5,9,1800,24,1,0,1,16,1,8,Improbable,Social Gal,City Zip,Pure Prize,0,0,0,1,0,0,0,0,0,0,1,0,0,1,0,1,1,0,0,394,140,125,540,148,885,27,2026-01-24,0,0.0,0.0,570.0,0.0,0.0,0,0,0.0,0.0,0.0,1,0.5,0.0,0.5,0,1,0,0.0990180032733224,0.0869092884302009,0.1051282051282051,266400,1593000,3552,21240,2007000,26760,5400,842400.0,0.0,0,8,1710,1.0,1.0,0.0,0.0,0.0,0.0,0,0,0,0.0,0.0876095118898623,0.005675395082295,1.0,0.5,0.5,0.0,0.0,0.0,0.0,0.0,0.0,515.0,1545.0,0.0,570.0,0.0,0.0,0.0,1.0,1.0,0.0,0.0,0.0,0.0,1.0,0.0,1.0,0.0625,0.0825410544511668,-0.0200410544511668,43.77777291358079,1.0,0.0,0.25,0.0,0.0,1.0,2,0.1271399798590131,33.10866062437059,15888.0,1,0,1,0,0,0.0,0.0,0.0,0.0,0.0,0.0,0.0,0.0,0.0,0.0,0.0,0.0,C,1.0,0.2,0.1141467065868263,1.7521311475409835,0.1036866359447004,0.1240875912408759,0.0,0.0,0.0,0.1666666666666666,0.5089016393442622,0.0728293413173652,1.0,0,0.0644834262969585,0.0706031923418278,0.0802010314792535,1.0,0.0,0.9891592233489883,14.0,12.848229126885837
2026040409020303,2026,404,09,ゴンタ,2023103245,3,1,1154,松若風馬,1085,570,514.0,10.0,-1.0,140,4,3,1,7,11,1800,24,4,0,2,14,2,3,ホッコータルマエ,ファニーヒロイン,キングカメハメハ,ゴールドアリュール,0,0,0,0,0,0,0,0,0,0,1,0,0,0,2,0,1,0,0,399,138,132,547,762,10737,250,2026-04-04,2026-01-17 00:00:00,11.0,570.0,0.0,8.0,297.0,1,0,0.0,8.0,297.0,1,0.5,0.0,0.0,0,1,0,0.0582471420794774,0.0555555555555555,0.0488390712570056,1371600,19326600,18288,257688,2077200,27696,5400,925200.0,33.0,0,0,1710,1.2941813996053124,0.488135593220339,0.1242937853107344,0.2937853107344633,-10.0,0.0,0,0,1,0.0,0.0763250883392226,-0.0056090284683446,1.0,0.5,1.0,8.0,297.0,8.0,297.0,8.0,297.0,515.0,1545.0,570.0,0.0,2.0,33.0,0.0,0.0,4.0,1.0,1.0,0.0,0.0,0.0,0.0,1.0,0.0674673260332038,0.0743304243153776,-0.0068630982821738,44.33332840740796,1.0,0.0,0.0,0.0,24.0,0.0,1,0.0540766503912781,41.20877533275366,59804.0,1,0,1,0,3,51.6,0.0,0.5352088764339952,-12.6,0.0,0.9812332439678284,54.7,54.7,1.508382001586717,-11.200000000000005,0.0,0.6096047339422707,B,2.0,0.0833333333333333,0.0976903870162297,0.853035143769968,0.0793051359516616,0.1106382978723404,0.1111111111111111,0.0555555555555555,0.0,0.1333333333333333,0.2365038161164359,0.1150936329588015,2.0,0,0.0644834262969585,0.0706031923418278,0.0588235294117647,0.7,0.0,0.9823065641576758,14.0,12.752291898207462
2026011706010603,2026,117,06,ガムラスタン,2023101705,3,1,1192,横山琉人,1086,570,530.0,0.0,0.0,144,6,3,1,4,7,1800,24,1,0,1,16,1,6,サンダースノー,ヴィスビー,Helmet,ネオユニヴァース,0,0,0,1,0,0,0,0,0,0,1,0,0,0,1,1,1,1,0,537,185,174,716,554,15507,97,2026-01-17,0,0.0,0.0,570.0,0.0,0.0,0,0,0.0,0.0,0.0,2,0.3333333333333333,0.0,0.5,0,1,0,0.053516143299425,0.0921810699588477,0.0544412607449856,997200,27912600,13296,372168,2145600,28608,5400,954000.0,0.0,0,0,1710,1.0,1.0,0.0,0.0,0.0,0.0,0,0,0,0.0,0.0766961651917404,-0.0052379516158268,0.5,0.5,1.0,0.0,0.0,0.0,0.0,0.0,0.0,515.0,1545.0,0.0,570.0,0.0,0.0,0.0,1.0,1.0,0.0,0.0,0.0,0.0,1.0,1.0,0.0,0.0551495016611295,0.0763076923076923,-0.0211581906465627,59.66666003703778,1.0,0.0,0.25,0.0,0.0,1.0,2,0.1271399798590131,33.10866062437059,15888.0,1,0,1,0,0,52.6,52.6,0.3649346235841398,-0.8999999999999986,0.0,0.9031413612565444,71.6,53.4,-1.1372543825019568,6.199999999999989,9.0,0.3449740070315639,D,1.0,0.1666666666666666,0.1256292906178489,1.326654523375835,0.1127557683935568,0.139893873613121,0.0,0.1338155515370705,0.0,0.0,0.3662745395668892,0.0251258581235697,1.0,0,0.0644834262969585,0.0706031923418278,0.032258064516129,0.4,0.0,0.9546114881124084,14.4,12.746405428818681
2026040409020311,2026,404,09,アスクイキゴミ,2023105267,3,1,1163,坂井瑠星,1055,570,492.0,8.0,-1.0,138,5,2,1,8,14,1600,18,3,2,0,14,2,3,ロードカナロア,インピード,キングカメハメハ,Bated Breath,1,0,0,0,0,0,2,0,0,0,0,0,0,2,0,0,2,0,0,493,172,156,678,845,2211,250,2026-04-04,2026-02-01 00:00:00,8.857142857142858,570.0,0.0,1.0,58.0,1,1,0.5,1.0,58.0,2,0.6666666666666666,0.5,0.0,2,0,0,0.1294632573139829,0.1298207495926127,0.1341256366723259,1352000,3537600,15210,39798,1860800,20934,4800,787200.0,26.571428571428573,0,6,1710,1.0,1.0,0.0,0.0,-8.0,0.0,0,0,0,0.0,0.0605263157894736,-0.0214078010180936,1.0,1.0,1.0,1.0,58.0,1.0,58.0,1.0,58.0,515.0,1545.0,570.0,0.0,2.0,26.571428571428573,0.0,0.0,4.0,1.0,1.0,0.0,0.0,0.0,0.0,1.0,0.0877944325481798,0.0733113673805601,0.0144830651676197,61.624992296875966,1.0,0.0,0.0,0.0,11.0,1.0,0,0.1286250939143501,37.26016528925619,13310.0,1,0,1,0,3,51.3,51.3,0.5510004822212533,0.0,0.0,0.9178470254957508,67.8,54.1,-0.5423775624110125,1.5,3.0,0.4127515018277986,C,2.0,0.2678571428571428,0.2342387241465238,1.143522036474164,0.2295017653981953,0.2424863387978142,0.125,0.2105263157894736,0.4444444444444444,0.6666666666666666,0.4841058763931104,0.3093477448293047,2.0,0,0.0644834262969585,0.0706031923418278,0.0952380952380952,1.0,0.0,0.9863956514201458,13.8,12.612259989598014
2026011006010304,2026,110,06,ガーヴィ,2023107330,3,2,1221,舟山瑠泉,1190,520,456.0,0.0,0.0,138,6,4,1,8,11,1800,24,1,0,1,12,1,3,ブリックスアンドモルタル,レイズアベール,Giant's Causeway,ハーツクライ,0,0,0,1,0,0,0,0,0,0,1,0,0,0,0,2,1,0,0,529,185,170,723,748,14659,84,2026-01-10,0,0.0,0.0,520.0,0.0,0.0,0,0,0.0,0.0,0.0,1,0.5,0.0,0.5,0,1,0,0.0675675675675675,0.0490196078431372,0.059322033898305,1346400,26386200,17952,351816,2197800,29304,5400,820800.0,0.0,0,0,1560,0.6949463885037697,1.4246153846153846,0.0615384615384615,0.2307692307692307,0.0,0.0,0,0,0,0.0,0.0874794969928922,0.0055453801853249,0.5,1.0,1.0,0.0,0.0,0.0,0.0,0.0,0.0,465.0,1395.0,0.0,520.0,0.0,0.0,0.0,1.0,1.0,0.0,0.0,0.0,0.0,1.0,0.0,1.0,0.0551495016611295,0.0763076923076923,-0.0211581906465627,58.77777124691431,1.0,0.0,0.5,0.0,0.0,1.0,2,0.1271399798590131,33.10866062437059,15888.0,1,0,1,0,0,53.5,0.0,0.2729180594026017,1.1000000000000014,0.0,0.8782383419689119,72.3,72.3,-1.2468369546239737,15.599999999999994,0.0,0.2215940322227099,D,1.0,0.0,0.047923322683706,0.0,0.0351437699680511,0.060702875399361,0.0266666666666666,0.0266666666666666,0.0,0.0,0.0,0.0229179978700745,1.0,0,0.0644834262969585,0.0706031923418278,0.0238095238095238,0.7,0.0,0.9614409213073256,13.8,12.267884714041093
2026020705010303,2026,207,05,フクシマブリルハム,2023105405,3,1,1075,田辺裕信,1068,570,544.0,0.0,0.0,138,6,3,1,5,10,1600,23,2,0,1,16,1,3,ドレフォン,オモテナシ２,Gio Ponti,Henrythenavigator,0,0,0,1,0,0,0,0,0,1,0,0,0,1,1,0,1,0,0,408,143,128,554,685,3246,85,2026-02-07,2026-01-25 00:00:00,1.8571428571428568,570.0,0.0,10.0,2082.0,1,0,0.0,10.0,2082.0,1,0.5,0.0,0.5,1,0,0,0.1011764705882353,0.0623714873200822,0.0944935418082936,1096000,5193600,15755,74658,1720000,24725,4800,870400.0,5.571428571428571,0,3,1710,1.0,1.0,0.0,0.0,0.0,0.0,0,0,0,0.0,0.0678598061148396,-0.0140743106927276,1.0,0.3333333333333333,0.5,10.0,2082.0,10.0,2082.0,10.0,2082.0,515.0,1545.0,570.0,0.0,0.0,5.57142857142857,0.0,0.0,2.0,0.0,0.0,0.0,0.0,1.0,0.0,1.0,0.0606701940035273,0.0690003365870077,-0.0083301425834804,50.999993625000805,1.0,0.0,0.0,0.0,24.0,1.0,2,0.1271399798590131,33.10866062437059,15888.0,1,0,1,0,3,53.2,53.2,0.3035902474631142,-0.5999999999999943,2.0,0.8984375000000001,55.4,54.5,1.3987994294647017,-9.000000000000007,4.0,0.6996530322437279,A,1.0,0.0588235294117647,0.1002202643171806,0.5869424692954105,0.0997920997920998,0.1007025761124121,0.1002386634844868,0.1002386634844868,0.0,0.3333333333333333,0.1373044113918745,0.1701633846056795,1.0,0,0.0644834262969585,0.0706031923418278,0.056338028169014,0.1,0.0,0.9601289767086026,13.8,12.249779878578718
2026042505020106,2026,425,05,ジーティーブラック,2023106052,3,1,1122,三浦皇成,1115,570,516.0,2.0,1.0,419,7,2,10,4,7,1600,23,1,0,2,16,2,1,キタサンブラック,マイウェイアムール,ブラックタイド,ロードカナロア,0,0,0,0,0,0,0,0,0,0,1,0,0,1,1,1,1,0,0,511,175,167,694,474,12254,309,2026-04-25,2026-02-28 00:00:00,8.0,570.0,0.0,4.0,150.33333333333334,3,1,0.25,6.0,287.0,1,0.5,0.0,0.0,0,1,0,0.0919452887537994,0.0870406189555125,0.0835543766578249,758400,19606400,10902,281842,1795200,25806,4800,825600.0,24.0,0,1,1710,1.8053816707544288,0.826,0.18,0.4,2.0,-3.0,0,1,0,4.0,0.0526717557251908,-0.0292623610823764,0.25,0.3333333333333333,0.5,4.5,184.5,4.444444444444445,163.22222222222223,4.586776859504132,149.47107438016528,515.0,1545.0,570.0,0.0,1.0,24.0,0.0,0.0,4.0,1.0,1.0,0.0,0.0,0.0,1.0,0.0,0.0602446483180428,0.0733537093637121,-0.0131090610456693,63.874992015626006,1.0,0.0,0.25,1.0,18.0,1.0,1,0.0540766503912781,41.20877533275366,59804.0,1,0,1,0,9,52.1,52.1,0.4160549370183278,-20.7,1.0,0.9224598930481284,69.4,53.6,-0.7928520129756221,2.1000000000000085,9.0,0.6556767519512455,A,1.0,0.1041666666666666,0.116206762534007,0.8963907469342253,0.1171761280931586,0.1150959132610508,0.0,0.1517027863777089,0.0,0.1,0.1968500325157934,0.0532413525068014,1.0,0,0.0644834262969585,0.0706031923418278,0.0987654320987654,0.7,0.0,0.3082486066428123,41.9,11.915616618333834
2026022109010105,2026,221,09,スリラーナイト,2023102494,3,2,1180,団野大成,1173,550,444.0,4.0,1.0,469,9,4,5,4,7,1600,18,1,1,0,18,1,1,デクラレーションオブウォー,レットハーゴー,War Front,ネオユニヴァース,1,0,0,0,0,0,1,0,0,0,0,0,0,2,0,1,1,0,0,477,169,154,649,660,14766,220,2026-02-21,2025-11-23 00:00:00,12.857142857142858,550.0,0.0,4.0,169.0,1,0,0.0,4.0,169.0,1,0.5,0.5,0.0,1,0,0,0.0753212228622064,0.0838627700127064,0.0752248569092395,1056000,23625600,11880,265788,1888000,21240,4800,710400.0,38.57142857142857,0,2,1650,1.0,1.0,0.0,0.0,4.0,0.0,0,0,0,0.0,0.0846846846846846,0.0027505678771173,0.3333333333333333,0.3333333333333333,0.3333333333333333,4.0,169.0,4.0,169.0,4.0,169.0,495.0,1485.0,550.0,0.0,3.0,38.57142857142857,0.0,0.0,2.0,0.0,0.0,0.0,0.0,1.0,1.0,0.0,0.0907103825136612,0.073234524847428,0.0174758576662331,59.62499254687594,1.0,0.0,0.25,0.0,18.0,0.0,0,0.1286250939143501,37.26016528925619,13310.0,1,0,1,0,3,65.8,0.0,-0.2122604641628802,13.0,0.0,0.9545454545454546,64.9,0.0,-0.0883926207626612,-2.299999999999997,0.0,0.2412309516896716,D,2.0,0.0952380952380952,0.1181818181818181,0.8058608058608059,0.1386748844375963,0.0886917960088691,0.1266666666666666,0.1266666666666666,0.1111111111111111,0.0,0.2440628815628815,0.1203030303030303,2.0,0,0.0644834262969585,0.0706031923418278,0.0,0.7,0.0,0.2738175131482615,46.9,11.842041366653465
2026011106010404,2026,111,06,セイウンアインス,2023106256,3,2,1169,武藤雅,1064,550,448.0,4.0,-1.0,2279,16,3,15,8,15,1200,24,1,0,1,16,1,4,フォーウィールドライブ,セイウンミツコ,American Pharoah,ベーカバド,0,0,1,1,0,0,0,0,0,1,0,0,1,4,2,1,1,0,1,400,140,129,558,737,7259,5,2026-01-11,2025-12-28 00:00:00,2.0,550.0,0.0,8.333333333333334,825.3333333333334,5,1,0.1666666666666666,6.0,894.0,2,0.3333333333333333,0.0,0.5,1,0,0,0.0437070012140833,0.0598290598290598,0.0471464019851116,884400,8710800,17688,174216,1402800,28056,3600,537600.0,6.0,4,16,1650,1.0,1.0,0.0,0.0,-4.0,4.75,1,0,0,4.381780460041324,0.0736906211936662,-0.008243495613901,0.1428571428571428,0.3333333333333333,0.3333333333333333,6.375,725.5625,5.950617283950618,594.1728395061729,5.009698791066183,408.6362270336725,495.0,1485.0,550.0,0.0,0.0,6.0,0.0,0.0,1.0,0.0,0.0,0.0,0.0,1.0,0.0,1.0,0.0551495016611295,0.0763076923076923,-0.0211581906465627,66.66665555555741,0.0,1.0,0.0,0.5773502691896256,24.0,0.0,2,0.1271399798590131,33.10866062437059,15888.0,1,0,1,0,15,0.0,0.0,0.0,0.0,0.0,0.0,55.8,55.7,1.3361808168235498,0.0,2.0,0.4723052738240202,C,1.0,0.0,0.0829875518672199,0.0,0.0718336483931947,0.0936093609360936,0.0531645569620253,0.0531645569620253,0.0,0.0,0.0,0.0431797888544566,1.0,0,0.0644834262969585,0.0706031923418278,0.0857142857142857,0.7,0.0,0.05617825786757275,227.9,11.80302496801983
2026031407010106,2026,314,07,ストロングエース,2023102477,3,1,1181,秋山稔樹,1020,570,476.0,8.0,-1.0,2448,15,4,4,7,13,1800,23,1,0,1,16,1,1,ヤマカツエース,フラヴィニー,キングカメハメハ,キンシャサノキセキ,1,1,0,1,0,0,0,1,0,0,1,0,0,2,1,6,2,1,0,514,184,166,690,804,11091,250,2026-03-14,2026-02-15 00:00:00,3.857142857142857,550.0,20.0,9.0,2347.333333333333,7,1,0.125,7.0,2802.0,3,0.5,0.3333333333333333,0.5,0,2,0,0.042016806722689,0.0596930073905628,0.0276243093922651,1447200,19963800,18492,255093,2125800,27163,5400,856800.0,11.571428571428571,0,2,1710,1.0,1.0,0.0,0.0,-8.0,2.0625,1,0,0,7.5630681604756145,0.0636630754162585,-0.0182710413913087,0.2222222222222222,0.3333333333333333,0.3333333333333333,7.984375,2389.1875,7.694101508916325,2022.81207133059,7.188406721529768,1625.6876788323968,515.0,1545.0,550.0,20.0,0.0,11.571428571428571,0.0,0.0,3.0,0.0,1.0,0.0,0.0,0.0,0.0,1.0,0.0678144764581869,0.0759976525821596,-0.0081831761239726,57.111104765432806,1.0,0.0,1.5,1.1547005383792517,23.0,0.0,2,0.1271399798590131,33.10866062437059,15888.0,1,0,1,0,21,52.4,52.4,0.3853827489578153,-0.3999999999999986,0.0,0.9656992084432716,62.9,53.7,0.2247004424431002,-6.100000000000001,5.0,0.65112742641586,A,1.0,0.0444444444444444,0.0965835641735918,0.4601657106437221,0.0869912210694333,0.1048470264695771,0.0,0.0,0.0,0.1428571428571428,0.0886311393357097,0.1104656377786571,1.0,0,0.0644834262969585,0.0706031923418278,0.0802010314792535,1.0,0.0,0.05148661524312618,244.8,11.60392341151729
2026011808010704,2026,118,08,カネコメブライト,2023100014,3,2,1223,和田陽希,1069,520,468.0,2.0,-1.0,295,7,2,7,5,5,1200,24,1,0,1,10,1,7,レッドファルクス,セレブレイションキャット,スウェプトオーヴァーボード,Storm Cat,0,0,0,2,0,1,0,0,0,2,0,0,0,4,0,1,2,0,1,460,151,153,623,832,7378,271,2026-01-18,2025-12-14 00:00:00,5.0,550.0,-30.0,3.6666666666666665,237.3333333333333,3,1,0.25,3.0,226.0,3,0.5,0.0,0.5,2,0,0,0.0349344978165938,0.0671885192433137,0.0277777777777777,998400,8853600,19968,177072,1467600,29352,3600,561600.0,15.0,0,28,1560,1.0,1.0,0.0,0.0,-2.0,-4.0,0,1,0,5.033222956847159,0.0471092077087794,-0.0348249090987878,0.5,0.4,0.4,3.5,234.5,4.333333333333334,267.7777777777778,5.3801652892561975,311.2396694214875,465.0,1395.0,550.0,0.0,1.0,15.0,0.0,0.0,1.0,0.0,0.0,0.0,0.0,1.0,0.0,1.0,0.0625,0.0825410544511668,-0.0200410544511668,76.66665388889102,0.0,0.0,0.0,1.1547005383792517,24.0,0.0,2,0.1271399798590131,33.10866062437059,15888.0,1,0,1,0,9,0.0,0.0,0.0,0.0,0.0,0.0,62.3,60.4,0.3186283614048286,-0.2000000000000028,6.0,0.5142933272076409,B,2.0,0.0,0.1188486536675951,0.0,0.115038115038115,0.1219239373601789,0.0,0.1039325842696629,0.0,0.0,0.0,0.023769730733519,2.0,0,0.0644834262969585,0.0706031923418278,0.0,1.0,0.0,0.4270565381309288,29.5,11.5981678748624
2026031506020611,2026,315,06,フレイムスター,2023101577,3,1,1150,石川裕紀,1110,570,518.0,8.0,-1.0,3121,14,1,16,3,5,1800,17,1,1,0,16,2,6,ドレフォン,テーオーヴィーナス,Gio Ponti,ディープインパクト,1,0,0,0,0,0,1,0,0,0,0,0,4,2,0,1,1,0,0,429,152,130,586,685,8377,85,2026-03-15,2026-02-01 00:00:00,6.0,570.0,0.0,7.333333333333333,592.3333333333334,5,1,0.1666666666666666,6.0,583.0,1,0.5,0.5,0.0,1,0,0,0.056269113149847,0.0825059910989387,0.0607876712328767,1233000,15078600,11645,142409,2070000,19550,5400,932400.0,18.0,24,12,1710,1.033688532332915,0.4793352601156069,0.1026011560693641,0.3439306358381503,-8.0,1.375,0,0,0,3.033150177620609,0.0630372492836676,-0.0188968675238996,0.1428571428571428,0.1428571428571428,0.1428571428571428,8.0,624.75,8.444444444444446,649.7407407407409,9.419028754866469,679.4446417594426,515.0,1545.0,570.0,0.0,1.0,18.0,0.0,0.0,3.0,0.0,1.0,0.0,0.0,0.0,1.0,0.0,0.078883495145631,0.0677799607072691,0.0111035344383619,47.66666137037096,1.0,3.0,0.25,0.5773502691896261,11.0,1.0,0,0.1286250939143501,37.26016528925619,13310.0,1,0,1,0,15,53.9,0.0,0.4141398987316844,1.7999999999999972,0.0,0.8763157894736843,58.6,0.0,0.8978505283354846,-15.4,0.0,0.5882663874561257,B,2.0,0.0606060606060606,0.1097560975609756,0.5521885521885522,0.1189149015235971,0.0922640170333569,0.0,0.1597633136094674,0.25,0.0666666666666666,0.0669472502805836,0.0969512195121951,2.0,0,0.0644834262969585,0.0706031923418278,0.056338028169014,0.7,0.0,0.03992054096386852,312.1,11.459200834823365
2026021408020502,2026,214,08,ミスヘンリー,2023100676,3,2,732,幸英明,1091,550,428.0,0.0,0.0,303,5,3,3,4,8,1200,24,1,0,2,16,2,5,ヘニーヒューズ,ミスパッション,Hennessy,ディープブリランテ,0,0,0,0,0,0,0,0,0,1,0,0,0,3,3,0,1,0,1,390,132,133,537,755,12896,98,2026-02-14,2026-01-24 00:00:00,3.0,530.0,20.0,8.0,494.6666666666667,3,0,0.0,7.0,242.0,2,0.3333333333333333,0.0,0.0,1,0,0,0.0693652977009235,0.0442367601246105,0.0558951965065502,906000,15475200,18120,309504,878400,17568,3600,513600.0,9.0,0,15,1650,1.0,1.0,0.0,0.0,0.0,-4.5,0,1,0,5.291502622129181,0.0579064587973273,-0.0240276580102399,0.3333333333333333,0.1666666666666666,0.5,7.75,431.5,8.111111111111112,428.44444444444457,8.487603305785123,396.9338842975207,495.0,1485.0,530.0,20.0,0.0,9.0,0.0,0.0,2.0,0.0,0.0,0.0,0.0,1.0,1.0,0.0,0.0646117368109069,0.0831721470019342,-0.0185604101910272,64.99998916666847,0.0,0.0,0.0,0.5773502691896258,24.0,0.0,1,0.0540766503912781,41.20877533275366,59804.0,1,0,1,0,9,0.0,0.0,0.0,0.0,0.0,0.0,0.0,0.0,0.0,0.0,0.0,0.0,C,2.0,0.0,0.0790611488573193,0.0,0.0667853962600178,0.085579196217494,0.0,0.0489795918367346,0.0,0.0,0.0,0.0158122297714638,2.0,0,0.0644834262969585,0.0706031923418278,0.0493827160493827,0.4,0.0,0.41034367388709136,30.3,11.433413318778868
2026020708020303,2026,207,08,セイウンバジリスク,2023100241,3,1,1181,秋山稔樹,1078,570,514.0,4.0,1.0,175,7,1,5,7,12,1400,24,2,0,1,14,2,3,フィレンツェファイア,フィールドメジャー,Poseidon's Warrior,ダイワメジャー,0,0,0,1,0,0,0,0,0,1,0,0,4,3,0,0,1,0,0,530,170,181,712,735,10852,169,2026-02-07,2026-01-24 00:00:00,2.0,570.0,0.0,9.666666666666666,144.0,4,0,0.0,10.0,97.0,1,0.5,0.0,0.5,1,0,0,0.042016806722689,0.0613660618996798,0.0294117647058823,1029000,15192800,17640,260448,1653400,28344,4200,719600.0,6.0,12,9,1710,1.0,1.0,0.0,0.0,4.0,-3.75,0,1,0,4.434711565216697,0.0802047781569965,-0.0017293386505707,0.5,0.1666666666666666,0.2,9.875,177.75,8.962962962962962,267.96296296296305,7.79564237415477,391.7956423741546,515.0,1545.0,570.0,0.0,0.0,6.0,0.0,0.0,2.0,0.0,0.0,0.0,0.0,1.0,0.0,1.0,0.0646117368109069,0.0831721470019342,-0.0185604101910272,75.71427489796072,0.0,4.0,0.0,0.5773502691896257,24.0,0.0,2,0.1271399798590131,33.10866062437059,15888.0,1,0,1,0,12,0.0,0.0,0.0,0.0,0.0,0.0,71.2,51.9,-1.074635769860806,5.299999999999997,10.0,0.3361564567123932,D,2.0,0.1304347826086956,0.0851120597652081,1.5325064740357095,0.0809498111171073,0.0891820580474934,0.1428571428571428,0.0692520775623268,0.25,0.3333333333333333,0.4787512088111788,0.188450983381613,2.0,0,0.0644834262969585,0.0706031923418278,0.09375,0.7,0.0,0.7077139513288833,17.5,11.384994148255457
2026011006010309,2026,110,06,ハイライトニング,2023105381,3,1,1140,横山和生,1195,570,478.0,0.0,0.0,334,7,1,7,7,7,1800,24,1,0,1,10,1,3,リアルスティール,マニクール,ディープインパクト,ヘニーヒューズ,0,0,0,1,0,0,0,0,0,0,1,0,1,1,0,5,1,0,0,477,160,159,644,813,12582,292,2026-01-10,2025-12-14 00:00:00,3.857142857142857,560.0,10.0,6.0,156.33333333333334,5,1,0.1666666666666666,12.0,316.0,1,0.5,0.0,0.5,0,1,0,0.1076020122973728,0.0849825378346915,0.1045808124459809,1463400,22647600,19512,301968,2052000,27360,5400,860400.0,11.571428571428571,3,3,1710,1.0,1.0,0.0,0.0,0.0,1.125,0,0,0,4.147288270665545,0.0769230769230769,-0.0050110398844903,0.2,0.2,0.25,7.5,280.6875,6.5432098765432105,425.0617283950618,6.026227716686018,727.95608223482,515.0,1545.0,560.0,10.0,0.0,11.571428571428571,0.0,0.0,1.0,0.0,0.0,0.0,0.0,1.0,0.0,1.0,0.0551495016611295,0.0763076923076923,-0.0211581906465627,52.99999411111177,1.0,0.75,1.25,1.1547005383792517,24.0,0.0,2,0.1271399798590131,33.10866062437059,15888.0,1,0,1,0,15,52.2,0.0,0.40583087433149,-3.299999999999997,0.0,0.9399477806788512,64.4,0.0,-0.0101193549612211,-0.0999999999999943,0.0,0.4965415859816326,C,1.0,0.0,0.1306042884990253,0.0,0.1183673469387755,0.1417910447761194,0.0961538461538461,0.0961538461538461,0.0,0.0,0.0,0.0741977807767281,1.0,0,0.0644834262969585,0.0706031923418278,0.1296296296296296,1.0,0.0,0.36627648383666234,33.4,11.233634560144521
2026012406010806,2026,124,06,アジアントレジャー,2023102392,3,1,1214,長浜鴻緒,1191,550,510.0,10.0,-1.0,1781,12,2,11,6,8,1800,24,1,0,1,13,1,8,アジアエクスプレス,ディスティンダリア,Henny Hughes,ショウナンカンプ,0,0,0,1,0,0,0,0,0,1,0,0,1,1,0,1,1,0,0,487,166,161,659,385,8444,99,2026-01-24,2026-01-10 00:00:00,2.0,570.0,-20.0,5.5,251.0,2,1,0.3333333333333333,10.0,276.0,1,0.5,0.0,0.5,1,0,0,0.0406926406926406,0.0925449871465295,0.0416666666666666,693000,15199200,9240,202656,2185200,29136,5400,918000.0,6.0,8,8,1650,1.0,1.0,0.0,0.0,-10.0,4.0,1,0,1,5.656854249492381,0.07,-0.0119341168075673,0.3333333333333333,0.3333333333333333,0.3333333333333333,5.5,251.0,4.0,242.66666666666669,2.6363636363636367,235.0909090909091,495.0,1485.0,570.0,0.0,0.0,6.0,0.0,0.0,1.0,0.0,0.0,0.0,0.0,1.0,0.0,1.0,0.0551495016611295,0.0763076923076923,-0.0211581906465627,54.1111050987661,1.0,0.75,0.25,2.1213203435596424,24.0,0.0,2,0.1271399798590131,33.10866062437059,15888.0,1,0,1,0,6,0.0,0.0,0.0,0.0,0.0,0.0,65.9,54.4,-0.2449391523655414,0.3000000000000113,6.0,0.4853559413893381,C,1.0,0.2222222222222222,0.1437908496732026,1.5454545454545454,0.1557093425605536,0.1235294117647058,0.25,0.1538461538461538,0.5,0.0,0.6294823232323231,0.3037581699346405,1.0,0,0.0644834262969585,0.0706031923418278,0.0454545454545454,0.7,0.0,0.06801976329356241,178.1,11.114319842583464
2026010508010206,2026,105,08,ベルサンローラン,2023103153,3,2,1216,吉村誠之,1110,550,450.0,6.0,-1.0,175,7,2,1,4,6,1600,17,1,1,0,14,1,2,キタサンブラック,エレアノラデュース,ブラックタイド,Azamour,1,1,0,0,0,0,1,0,0,0,0,0,0,3,3,0,1,1,0,494,166,166,667,474,2978,309,2026-01-05,2025-11-23 00:00:00,6.142857142857143,550.0,0.0,4.0,401.5,2,0,0.0,4.0,80.0,2,0.3333333333333333,0.3333333333333333,0.0,1,0,0,0.0651056539120502,0.0825059910989387,0.0553306342780027,758400,4764800,8058,50626,1945600,20672,4800,720000.0,18.42857142857143,0,6,1650,1.0,1.0,0.0,0.0,-6.0,-2.0,0,0,0,2.8284271247461903,0.0863636363636363,0.004429519556069,0.3333333333333333,0.1666666666666666,0.1666666666666666,4.0,401.5,4.0,508.66666666666674,4.0,606.090909090909,495.0,1485.0,550.0,0.0,1.0,18.42857142857143,0.0,0.0,1.0,0.0,0.0,0.0,0.0,1.0,1.0,0.0,0.0852842809364548,0.0619946091644204,0.0232896717720343,61.74999228125097,1.0,0.0,0.0,0.0,11.0,1.0,1,0.0540766503912781,41.20877533275366,59804.0,1,0,1,0,6,54.5,54.5,0.3825566871571685,0.0,1.0,0.928388746803069,66.7,56.9,-0.3701763776478451,-6.599999999999994,3.0,0.6170277590273552,B,2.0,0.0,0.1105602379771938,0.0,0.1194873727855258,0.0934105720492396,0.092156862745098,0.092156862745098,0.0,0.0,0.0,0.0681904789679878,2.0,0,0.0644834262969585,0.0706031923418278,0.0987654320987654,0.7,0.0,0.6864012855771534,17.5,11.012022497600185
2026010508010202,2026,105,08,フィサブロス,2023100230,3,1,1178,斎藤新,1154,570,466.0,2.0,1.0,335,8,2,4,2,3,1900,24,1,0,1,16,1,2,レイデオロ,アンジュエ,キングカメハメハ,アグネスタキオン,0,0,0,1,0,1,0,0,0,0,1,0,1,3,1,0,1,1,2,485,164,161,642,827,1855,250,2026-01-05,2025-12-14 00:00:00,3.142857142857143,560.0,10.0,3.0,65.0,1,0,0.0,3.0,65.0,4,0.2,0.0,0.3333333333333333,0,1,0,0.0604575163398692,0.1001843884449907,0.032,1571300,3524500,19848,44520,2238200,28272,5700,885400.0,9.428571428571429,2,6,1710,1.2456094510957412,0.9359375,0.109375,0.453125,2.0,0.0,0,0,0,0.0,0.0555555555555555,-0.0263785612520117,0.25,0.2,0.3333333333333333,3.0,65.0,3.0,65.0,3.0,65.0,515.0,1545.0,560.0,10.0,0.0,9.428571428571429,0.0,0.0,1.0,0.0,0.0,0.0,0.0,1.0,1.0,0.0,0.0625,0.0825410544511668,-0.0200410544511668,51.05262620498672,2.0,0.5,0.0,0.0,23.0,1.0,1,0.0540766503912781,41.20877533275366,59804.0,1,0,1,0,3,52.3,52.3,0.4983617962637268,-68.60000000000001,0.0,0.9549071618037134,64.2,54.4,0.0211899513593553,9.800000000000004,4.0,0.6318202593056732,B,2.0,0.0,0.1375,0.0,0.1349206349206349,0.1406685236768802,0.1418439716312056,0.1418439716312056,0.0,0.0,0.0,0.0984219858156028,2.0,0,0.0644834262969585,0.0706031923418278,0.1428571428571428,1.0,0.0,0.35850167703160085,33.5,11.009806180558629
2026032809020101,2026,328,09,ゴールドヴィーナス,2023105672,3,2,1180,団野大成,427,550,452.0,6.0,-1.0,121,4,1,1,1,2,1200,24,1,0,2,16,2,1,ドレフォン,グラニーズチップス,Gio Ponti,ハーツクライ,0,1,1,0,0,0,0,0,0,1,0,0,2,2,2,1,1,1,1,388,139,126,542,685,4588,85,2026-03-28,2026-01-31 00:00:00,8.0,540.0,10.0,12.0,151.66666666666666,5,0,0.0,18.0,73.0,3,0.25,0.0,0.0,1,0,0,0.0753212228622064,0.0937829293993677,0.0752248569092395,822000,5505600,16440,110112,1416000,28320,3600,542400.0,24.0,2,2,1650,1.0941062868510203,0.465748031496063,0.1062992125984252,0.326771653543307,-6.0,-4.5,0,1,0,5.366563145999491,0.0581761006289308,-0.0237580161786364,0.1428571428571428,1.0,1.0,12.9375,126.1875,10.271604938271604,113.41975308641976,7.30462400109282,84.34512669899595,495.0,1485.0,540.0,10.0,1.0,24.0,0.0,0.0,3.0,0.0,1.0,0.0,0.0,0.0,1.0,0.0,0.0674673260332038,0.0743304243153776,-0.0068630982821738,64.66665588889069,0.0,2.0,0.0,0.5773502691896258,17.0,1.0,1,0.0540766503912781,41.20877533275366,59804.0,1,0,1,0,15,0.0,0.0,0.0,0.0,0.0,0.0,54.2,54.2,1.586655267388157,-10.0,0.0,0.5962774452988212,B,2.0,0.125,0.1347506393861892,0.9276393831553974,0.1303021055843759,0.1396441758979523,0.0833333333333333,0.0892857142857142,0.1538461538461538,0.2,0.2754955021747726,0.1286167945439045,2.0,0,0.0644834262969585,0.0706031923418278,0.056338028169014,0.7,0.0,0.9734285742701018,12.1,10.778485748668231
2026021505010602,2026,215,05,エクセルクラウン,2023106177,3,1,1140,横山和生,1115,570,486.0,4.0,1.0,141,5,2,1,7,10,2100,23,1,0,1,13,1,6,サトノアラジン,ミシシッピコースト,ディープインパクト,Super Saver,0,0,0,1,0,0,0,0,0,0,1,0,0,1,0,2,1,0,0,483,167,152,654,541,12841,292,2026-02-15,2026-01-25 00:00:00,3.0,570.0,0.0,8.0,207.0,1,0,0.0,8.0,207.0,1,0.5,0.0,0.5,0,1,0,0.1076020122973728,0.0870406189555125,0.0849056603773584,1136100,26966100,12443,295343,2394000,26220,6300,1020600.0,9.0,0,6,1710,1.0,1.0,0.0,0.0,4.0,0.0,0,0,0,0.0,0.0625,-0.0194341168075673,0.3333333333333333,0.3333333333333333,0.5,8.0,207.0,8.0,207.0,8.0,207.0,515.0,1545.0,570.0,0.0,0.0,9.0,0.0,0.0,2.0,0.0,0.0,0.0,0.0,1.0,0.0,1.0,0.0606701940035273,0.0690003365870077,-0.0083301425834804,45.99999561904804,2.0,0.0,1.0,0.0,24.0,1.0,2,0.1271399798590131,33.10866062437059,15888.0,1,0,1,0,3,66.2,63.8,-1.025537901825772,2.4000000000000057,0.0,0.9303797468354432,65.4,53.8,-0.1666658865641013,-4.599999999999994,2.0,0.4535607228386284,C,1.0,0.1111111111111111,0.1163979551710578,0.9545795795795796,0.1176470588235294,0.1149619611158072,0.1526479750778816,0.1526479750778816,0.0,0.3333333333333333,0.3138484278671194,0.1996035785731523,1.0,0,0.0644834262969585,0.0706031923418278,0.0,1.0,0.0,0.8304528773021937,14.1,10.709385569960931
2026040409020305,2026,404,09,ラヴィニール,2023107047,3,2,1102,北村友一,1161,550,460.0,12.0,1.0,118,5,1,1,6,11,1800,18,3,1,0,18,2,3,キズナ,シンプリーラヴィシング,ディープインパクト,Laoban,1,0,0,0,0,0,0,1,0,0,0,0,1,0,0,1,1,0,0,490,165,162,666,471,6211,292,2026-04-04,2025-10-13 00:00:00,24.714285714285715,550.0,0.0,6.0,57.0,1,0,0.0,6.0,57.0,1,0.5,0.5,0.0,0,1,0,0.0998910279694878,0.0864608076009501,0.1077586206896551,847800,11179800,8478,111798,1983600,19836,5400,828000.0,74.14285714285714,3,0,1650,1.0,1.0,0.0,0.0,12.0,0.0,0,0,1,0.0,0.0916230366492146,0.0096889198416473,1.0,0.5,0.5,6.0,57.0,6.0,57.0,6.0,57.0,495.0,1485.0,550.0,0.0,3.0,74.14285714285714,1.0,0.0,4.0,1.0,1.0,0.0,0.0,0.0,0.0,1.0,0.0877944325481798,0.0733113673805601,0.0144830651676197,54.444438395062406,1.0,0.75,0.25,0.0,17.0,1.0,0,0.1286250939143501,37.26016528925619,13310.0,1,0,1,0,3,52.9,50.7,0.4667785846892109,2.199999999999996,1.0,0.9224598930481284,66.6,55.0,-0.3545217244875558,9.699999999999996,9.0,0.369940825089215,C,2.0,0.1228070175438596,0.1167574107683,1.0518134715025906,0.1033295063145809,0.1317135549872122,0.0,0.0913978494623656,0.3333333333333333,0.1666666666666666,0.2546063994182347,0.12335148215366,2.0,0,0.0644834262969585,0.0706031923418278,0.1257861635220125,1.0,0.0,0.9911951080859833,11.8,10.696102275414605
2026013105010106,2026,131,05,リアライズリバティ,2023104303,3,2,1160,荻野極,1150,550,458.0,10.0,1.0,166,5,2,1,5,9,1600,11,1,1,0,16,1,1,シスキン,バルレッタ,First Defence,エピファネイア,1,1,0,0,0,0,1,0,0,0,0,0,0,2,2,1,1,1,0,494,171,157,664,562,9993,68,2026-01-31,2025-11-09 00:00:00,11.857142857142858,550.0,0.0,4.333333333333333,342.6666666666667,3,0,0.0,2.0,161.0,2,0.3333333333333333,0.3333333333333333,0.0,1,0,0,0.0728729492560091,0.0747004933051444,0.0631578947368421,899200,15988800,6182,109923,1856000,12760,4800,732800.0,35.57142857142857,0,2,1650,1.0,1.0,0.0,0.0,10.0,3.0,1,0,1,4.0,0.0732356857523302,-0.008698431055237,0.25,0.2,0.2,3.75,297.25,4.666666666666667,315.44444444444446,5.644628099173553,320.17355371900817,495.0,1485.0,550.0,0.0,2.0,35.57142857142857,0.0,0.0,1.0,0.0,0.0,0.0,0.0,1.0,0.0,1.0,0.08,0.0671607225567392,0.0128392774432607,61.74999228125097,1.0,0.0,0.25,1.0,11.0,0.0,1,0.0540766503912781,41.20877533275366,59804.0,1,0,1,0,9,51.0,0.0,0.5285196265735413,-9.1,0.0,0.9866310160427808,66.4,0.0,-0.3232124181669815,0.0,0.0,0.555988126911858,B,1.0,0.0,0.0906990179087232,0.0,0.0952970297029703,0.0866738894907909,0.1403508771929824,0.1403508771929824,0.0,0.0,0.0,0.0883152421782358,1.0,0,0.0644834262969585,0.0706031923418278,0.1212121212121212,0.7,0.0,0.6836242715113364,16.6,10.348162907088186
2026031507010210,2026,315,07,ホウショウルクス,2023106298,3,2,1154,松若風馬,1209,550,446.0,0.0,0.0,1112,10,3,6,6,8,1400,23,1,0,1,12,1,2,パイロ,ホウショウレイル,Pulpit,ヴィクトワールピサ,0,0,0,1,0,0,0,0,0,1,0,0,1,0,1,0,1,0,0,516,177,169,706,719,11982,171,2026-03-15,2026-01-17 00:00:00,8.142857142857142,550.0,0.0,1.0,68.0,1,1,0.5,1.0,68.0,1,0.5,0.0,0.5,1,0,0,0.0582471420794774,0.058282208588957,0.0614525139664804,1006600,16774800,16537,275586,1615600,26542,4200,624400.0,24.428571428571427,2,0,1650,1.2549784423138075,0.69,0.1,0.15,0.0,0.0,0,0,0,0.0,0.0720961281708945,-0.0098379886366727,0.5,0.5,0.5,1.0,68.0,1.0,68.0,1.0,68.0,495.0,1485.0,550.0,0.0,2.0,24.428571428571427,0.0,0.0,3.0,0.0,1.0,0.0,0.0,0.0,0.0,1.0,0.0678144764581869,0.0759976525821596,-0.0081831761239726,73.71427518367497,0.0,1.0,0.0,0.0,24.0,1.0,2,0.1271399798590131,33.10866062437059,15888.0,1,0,1,0,3,52.1,0.0,0.5088895334552319,0.0,0.0,0.904109589041096,70.6,0.0,-0.9807078508990766,6.0,0.0,0.2362386324078878,D,2.0,0.0232558139534883,0.0758293838862559,0.3066860465116279,0.0632911392405063,0.0833333333333333,0.0,0.0,0.0,0.1666666666666666,0.016191814541313,0.1030805687203791,2.0,0,0.0644834262969585,0.0706031923418278,0.1041666666666666,0.7,0.0,0.10123600486789958,111.2,10.257443741310434
2026021508020606,2026,215,08,アヴィオン,2023105847,3,2,1144,菱田裕二,1066,550,476.0,2.0,1.0,112,5,1,1,1,2,1600,17,2,1,0,18,2,6,Night of Thunder,シヴォリエール,Dubawi,Sea The Stars,2,1,0,0,0,0,2,0,0,0,0,0,1,2,0,0,2,1,0,507,180,159,700,228,6226,54,2026-02-15,2026-01-25 00:00:00,3.0,550.0,0.0,2.0,173.0,1,0,0.0,2.0,173.0,3,0.5,0.5,0.0,2,0,0,0.0657388214391471,0.0719156850588964,0.0505050505050505,364800,9961600,3876,105842,1830400,19448,4800,761600.0,9.0,6,12,1650,1.0,1.0,0.0,0.0,2.0,0.0,0,0,0,0.0,0.0585106382978723,-0.0234234785096949,1.0,0.6666666666666666,0.6666666666666666,2.0,173.0,2.0,173.0,2.0,173.0,495.0,1485.0,550.0,0.0,0.0,9.0,0.0,0.0,2.0,0.0,0.0,0.0,0.0,1.0,1.0,0.0,0.0746812386156648,0.0772471910112359,-0.0025659523955711,63.374992078126,1.0,0.75,0.0,0.0,17.0,0.0,0,0.1286250939143501,37.26016528925619,13310.0,1,0,1,0,3,49.0,49.0,0.672069459923564,-22.90000000000001,0.0,0.9718309859154928,70.0,53.7,-0.8867799319373494,16.299999999999997,4.0,0.6104042778995978,B,2.0,0.0526315789473684,0.113064713064713,0.4654996021370922,0.1002710027100271,0.1235555555555555,0.0,0.0956719817767653,0.0,0.3333333333333333,0.0368525254821719,0.1226129426129426,2.0,0,0.0644834262969585,0.0706031923418278,0.0802010314792535,1.0,0.0,0.9894229686714595,11.2,10.081537249120347
2026021405010505,2026,214,05,タイキプレジール,2023102182,3,1,5643,キング,1108,570,496.0,0.0,0.0,200,6,3,4,7,13,1400,11,1,1,0,16,1,5,ダノンプレミアム,ピアレジーナ,ディープインパクト,タイキシャトル,1,0,0,0,0,1,1,0,0,0,0,0,0,3,4,0,1,0,1,491,164,162,662,640,10519,292,2026-02-14,2026-02-07 00:00:00,1.0,550.0,20.0,5.0,131.0,5,0,0.0,3.0,172.0,2,0.3333333333333333,0.5,0.0,1,0,0,0.1455847255369928,0.0565797838525111,0.1186440677966101,896000,14726600,7040,115709,7900200,62073,4200,694400.0,3.0,0,15,1710,1.0,1.0,0.0,0.0,0.0,2.25,1,0,0,2.683281572999745,0.0636237897648686,-0.0183103270426987,0.25,0.3333333333333333,0.3333333333333333,4.5625,146.1875,5.123456790123458,125.03703703703704,5.377706440816883,95.07123830339458,515.0,1545.0,550.0,20.0,0.0,3.0,0.0,1.0,2.0,0.0,0.0,0.0,0.0,1.0,0.0,1.0,0.08,0.0671607225567392,0.0128392774432607,70.1428471224504,0.0,0.0,0.0,0.5773502691896257,23.0,1.0,0,0.1286250939143501,37.26016528925619,13310.0,1,0,1,0,15,51.3,51.3,0.4978474385130289,-1.9000000000000057,1.0,0.904109589041096,66.2,54.2,-0.291903111846405,12.0,4.0,0.3393400428611098,D,1.0,0.0625,0.0936183997408487,0.6676038062283737,0.0801364023870417,0.1018808777429467,0.0735294117647058,0.0735294117647058,0.0,0.0,0.1453377306805074,0.0554883858305226,1.0,0,0.0644834262969585,0.0706031923418278,0.0196078431372549,1.0,0.0,0.5531334350678386,20.0,10.062668701356772
2026042508030102,2026,425,08,リアライズブライト,2023103325,3,1,1115,浜中俊,1160,570,504.0,4.0,-1.0,114,5,2,1,6,12,1400,24,1,0,2,16,3,1,ブリックスアンドモルタル,アンブレラデート,Giant's Causeway,エイシンフラッシュ,0,0,0,0,0,0,0,0,0,0,0,0,0,1,0,1,0,0,0,481,165,154,648,748,1934,84,2026-04-25,2026-03-22 00:00:00,4.857142857142857,570.0,0.0,9.5,55.5,2,0,0.0,9.0,65.0,0,0.0,0.0,0.0,0,0,0,0.0990180032733224,0.1092537313432835,0.1051282051282051,1047200,2707600,17952,46416,1561000,26760,4200,705600.0,14.57142857142857,0,1,1710,1.0,1.0,0.0,0.0,-4.0,1.0,0,0,0,1.4142135623730951,0.0616438356164383,-0.0202902811911289,0.3333333333333333,0.5,1.0,9.5,55.5,9.666666666666668,52.333333333333336,9.818181818181818,49.45454545454545,515.0,1545.0,570.0,0.0,1.0,14.57142857142857,0.0,0.0,4.0,1.0,1.0,0.0,0.0,0.0,0.0,1.0,0.068195534097767,0.0733471074380165,-0.0051515733402494,68.71427589796059,0.0,0.0,0.0,1.4142135623730951,23.0,1.0,1,0.0540766503912781,41.20877533275366,59804.0,1,0,1,0,6,52.3,52.3,0.4983617962637268,-0.5,1.0,0.9482288828337874,64.8,53.5,-0.0727379676023719,-1.9000000000000057,8.0,0.589080695002623,B,2.0,0.2340425531914893,0.1639344262295081,1.4276595744680851,0.1578231292517006,0.1721611721611721,0.5,0.1121495327102803,1.0,0.2,0.702163120567376,0.5827868852459017,2.0,0,0.0644834262969585,0.0706031923418278,0.0238095238095238,0.7,0.0,0.9690000023832017,11.4,10.0466000271685
2026030806020407,2026,308,06,アグネスクレスト,2023101727,3,1,641,柴田善臣,1165,570,496.0,0.0,0.0,1941,10,3,10,6,7,1600,18,1,1,0,11,2,4,ビッグアーサー,ダイヤモンドアイズ,サクラバクシンオー,マンハッタンカフェ,1,0,0,0,0,0,1,0,0,0,0,0,0,3,3,0,1,0,0,485,156,165,652,724,7809,261,2026-03-08,2026-02-21 00:00:00,2.142857142857143,570.0,0.0,7.0,324.3333333333333,5,1,0.1666666666666666,10.0,108.0,1,0.5,0.5,0.0,1,0,0,0.0521148036253776,0.070855614973262,0.0479616306954436,1158400,12494400,13032,140562,1025600,11538,4800,793600.0,6.428571428571429,0,12,1710,1.134036264465912,0.4152941176470588,0.1,0.288235294117647,0.0,-2.625,0,1,0,2.449489742783178,0.0548469387755102,-0.0270871780320571,0.25,0.2,0.1666666666666666,8.1875,266.625,7.08641975308642,249.67901234567904,6.066457209207021,192.8788334130182,515.0,1545.0,570.0,0.0,0.0,6.428571428571429,0.0,0.0,3.0,0.0,1.0,0.0,0.0,0.0,0.0,1.0,0.0868094701240135,0.0598859315589353,0.0269235385650781,60.62499242187595,1.0,0.0,0.0,0.5773502691896258,17.0,1.0,0,0.1286250939143501,37.26016528925619,13310.0,1,0,1,0,15,0.0,0.0,0.0,0.0,0.0,0.0,65.2,53.7,-0.1353565802435248,1.0,8.0,0.4710520997428971,C,1.0,0.0588235294117647,0.0843283582089552,0.6975533576262364,0.083596214511041,0.0849858356940509,0.0,0.086092715231788,0.0,0.3333333333333333,0.1041514836022904,0.116865671641791,1.0,0,0.0644834262969585,0.0706031923418278,0.1071428571428571,1.0,0.0,0.056385766089634325,194.1,9.944477197998022
2026010508010201,2026,105,08,ルージュビバーチェ,2023107337,3,2,1144,菱田裕二,1154,550,452.0,4.0,-1.0,122,6,2,1,5,8,1800,24,1,0,1,14,1,2,ミスターメロディ,レッドクラウディア,Scat Daddy,アグネスタキオン,0,0,0,1,0,0,0,0,0,0,1,0,0,1,1,2,1,0,0,481,165,162,653,785,14801,183,2026-01-05,2025-11-30 00:00:00,5.142857142857143,550.0,0.0,6.0,249.5,2,0,0.0,5.0,290.0,1,0.5,0.0,0.5,0,1,0,0.0657388214391471,0.1001843884449907,0.0505050505050505,1413000,26641800,18840,355224,2059200,27456,5400,813600.0,15.42857142857143,0,2,1650,1.838155979959832,1.5666666666666669,0.1428571428571428,0.3333333333333333,-4.0,3.0,1,0,0,4.242640687119285,0.0876095118898623,0.005675395082295,0.5,0.5,0.5,6.0,249.5,6.333333333333334,236.0,6.636363636363636,223.72727272727272,495.0,1485.0,550.0,0.0,1.0,15.42857142857143,0.0,0.0,1.0,0.0,0.0,0.0,0.0,1.0,0.0,1.0,0.0625,0.0825410544511668,-0.0200410544511668,53.44443850617351,1.0,0.0,0.5,0.7071067811865476,18.0,1.0,2,0.1271399798590131,33.10866062437059,15888.0,1,0,1,0,6,53.2,53.2,0.4509869789019527,-45.5,3.0,0.9394736842105263,65.3,59.3,-0.151011233403812,6.0,2.0,0.6420826259103624,B,2.0,0.0,0.1375,0.0,0.1349206349206349,0.1406685236768802,0.1418439716312056,0.1418439716312056,0.0,0.0,0.0,0.0984219858156028,2.0,0,0.0644834262969585,0.0706031923418278,0.0285714285714285,0.7,0.0,0.8895176259442599,12.2,9.85211503651997
2026032909020201,2026,329,09,ロイスター,2023104413,3,2,1200,西塚洸二,1104,550,454.0,0.0,0.0,110,6,4,1,1,1,1800,24,1,0,1,14,2,2,キズナ,マドルガーダ,ディープインパクト,タートルボウル,0,0,0,2,0,0,0,0,0,0,2,0,0,0,0,2,2,0,0,398,140,127,544,471,12572,292,2026-03-29,0,0.0,0.0,550.0,0.0,0.0,0,0,0.0,0.0,0.0,2,0.6666666666666666,0.0,0.6666666666666666,0,2,0,0.0656716417910447,0.0636565507031828,0.0460829493087557,847800,22629600,11304,301728,2160000,28800,5400,817200.0,0.0,0,0,1650,1.0,1.0,0.0,0.0,0.0,0.0,0,0,0,0.0,0.0733262486716259,-0.0086078681359413,1.0,1.0,1.0,0.0,0.0,0.0,0.0,0.0,0.0,495.0,1485.0,0.0,550.0,0.0,0.0,0.0,1.0,3.0,0.0,1.0,0.0,0.0,0.0,1.0,0.0,0.0674673260332038,0.0743304243153776,-0.0068630982821738,44.22221730864253,1.0,0.0,0.5,0.0,0.0,1.0,2,0.1271399798590131,33.10866062437059,15888.0,1,0,1,0,0,61.6,55.3,0.0088220168587306,6.300000000000004,2.0,0.90744920993228,54.4,53.9,1.555345961067582,-7.300000000000004,2.0,0.5372882326895174,B,2.0,0.09375,0.1161473087818696,0.8071646341463415,0.1240822320117474,0.1064021641118124,0.0,0.1132686084142394,0.3333333333333333,0.0,0.163941819105691,0.1232294617563739,2.0,0,0.0644834262969585,0.0706031923418278,0.1257861635220125,0.7,0.0,0.9815676479288835,11.0,9.797244127217718
2026011108010403,2026,111,08,モンスエ,2023107536,3,1,1126,松山弘平,1206,570,510.0,2.0,-1.0,164,6,3,5,8,16,1400,24,2,0,1,16,1,4,McKinzie,Fashion World,Street Sense,Dubawi,0,0,0,1,0,0,0,0,0,1,0,0,0,2,2,0,1,0,0,524,177,178,712,204,314,202,2026-01-11,2025-11-01 00:00:00,10.142857142857142,560.0,10.0,7.0,88.0,2,0,0.0,9.0,102.0,1,0.5,0.0,0.5,1,0,0,0.1426993187258332,0.0555555555555555,0.1432692307692307,285600,439600,4896,7536,1576400,27024,4200,714000.0,30.428571428571427,0,8,1710,1.0,1.0,0.0,0.0,-2.0,-4.0,0,1,0,5.656854249492381,0.0644067796610169,-0.0175273371465503,0.3333333333333333,0.25,0.3333333333333333,7.0,88.0,6.333333333333334,83.33333333333334,5.727272727272728,79.0909090909091,515.0,1545.0,560.0,10.0,2.0,30.428571428571427,0.0,0.0,1.0,0.0,0.0,0.0,0.0,1.0,0.0,1.0,0.0625,0.0825410544511668,-0.0200410544511668,74.85713216326683,0.0,0.0,0.0,0.0,24.0,0.0,2,0.1271399798590131,33.10866062437059,15888.0,1,0,1,0,6,0.0,0.0,0.0,0.0,0.0,0.0,71.2,0.0,-1.074635769860806,3.0,0.0,0.2936564567123931,D,2.0,0.0,0.0654205607476635,0.0,0.0548780487804878,0.0764331210191082,0.0,0.0,0.0,0.0,0.0,0.0130841121495327,2.0,0,0.0644834262969585,0.0706031923418278,0.0802010314792535,0.7,0.0,0.6578640433948436,16.4,9.788970311675435
2026030110011202,2026,301,10,エイシンウィスパー,2023105484,3,2,1154,松若風馬,1128,550,482.0,2.0,-1.0,209,5,3,11,1,1,2000,17,1,1,0,16,1,12,ルーラーシップ,エイシンカラット,キングカメハメハ,Tale of Ekati,1,0,1,0,0,0,0,1,0,0,0,0,0,1,2,0,1,0,1,500,177,153,683,825,2577,250,2026-03-01,2026-02-08 00:00:00,3.0,550.0,0.0,3.0,37.0,1,0,0.0,3.0,37.0,2,0.3333333333333333,0.3333333333333333,0.0,0,1,0,0.0582471420794774,0.0808917197452229,0.0772797527047913,1650000,5154000,14025,43809,2308000,19618,6000,964000.0,9.0,0,12,1650,1.0,1.0,0.0,0.0,-2.0,0.0,0,0,0,0.0,0.0757575757575757,-0.0061765410499915,0.5,0.3333333333333333,0.3333333333333333,3.0,37.0,3.0,37.0,3.0,37.0,495.0,1485.0,550.0,0.0,0.0,9.0,0.0,0.0,3.0,0.0,1.0,0.0,0.0,0.0,1.0,0.0,0.0700298705609027,0.0643879173290938,0.0056419532318089,49.9999950000005,2.0,0.0,0.0,0.0,17.0,0.0,1,0.0540766503912781,41.20877533275366,59804.0,1,0,1,0,3,53.9,53.9,0.4141398987316844,-0.3000000000000042,2.0,0.8921052631578948,68.3,57.7,-0.6206508282124525,1.3999999999999917,7.0,0.4998100978901446,C,2.0,0.04,0.1095280498664292,0.3652032520325203,0.0986908358509567,0.1181165203511572,0.0,0.0,0.0,0.3333333333333333,0.0,0.1219056099732858,2.0,0,0.0644834262969585,0.0706031923418278,0.0492957746478873,1.0,0.0,0.515799884364439,20.9,9.780217583216775
2026040506030405,2026,405,06,コスモナエマ,2023106443,3,2,1092,津村明秀,1038,550,480.0,0.0,0.0,112,4,1,1,6,11,2000,17,1,3,0,16,3,4,ダノンバラード,サザンスピード,ディープインパクト,Southern Image,0,0,0,0,0,0,0,1,0,0,0,0,1,3,0,1,1,1,0,502,172,164,668,639,5362,292,2026-04-05,2026-03-07 00:00:00,4.142857142857143,550.0,0.0,3.6666666666666665,284.6666666666667,4,0,0.0,5.0,208.0,2,0.3333333333333333,0.0,0.0,0,1,0,0.0749601275917065,0.1093673369298675,0.0737877723120168,1278000,10724000,10863,91154,2184000,18564,6000,960000.0,12.42857142857143,4,12,1650,1.0,1.0,0.0,0.0,0.0,-1.0,0,0,0,3.785938897200176,0.0868824531516184,0.004948336344051,0.25,1.0,0.2,4.75,209.25,5.666666666666668,205.5555555555556,7.170548459804656,182.6634109691961,495.0,1485.0,550.0,0.0,1.0,12.42857142857143,0.0,0.0,4.0,1.0,1.0,0.0,0.0,0.0,0.0,1.0,0.0743550834597875,0.081242532855436,-0.0068874493956485,50.1999949800005,2.0,0.5,0.5,0.0,17.0,0.0,1,0.0540766503912781,41.20877533275366,59804.0,1,0,1,0,12,53.0,53.0,0.3240383728367896,-14.5,0.0,0.9365079365079366,66.8,56.7,-0.3858310308081323,-0.9000000000000057,0.0,0.5481977141425024,B,1.0,0.25,0.1493587091435664,1.6738227146814404,0.1520207638116425,0.1459990641085634,0.3,0.1605839416058394,0.4444444444444444,0.3333333333333333,0.7192693905817175,0.3132050751620466,1.0,0,0.0644834262969585,0.0706031923418278,0.03125,1.0,0.0,0.9621421615847949,11.2,9.775992209749703
2026041806030702,2026,418,06,サウジバラード,2023103519,3,1,5674,ディー,1059,570,458.0,0.0,0.0,108,5,2,1,8,10,1800,24,2,0,1,11,3,7,ジャスタウェイ,フィジオクラート,ハーツクライ,Doctor Dino,0,0,0,1,0,0,0,0,0,0,1,0,0,1,1,1,1,0,0,503,177,160,672,576,10805,300,2026-04-18,2026-03-29 00:00:00,2.857142857142857,570.0,0.0,4.5,232.0,2,0,0.0,4.0,61.0,1,0.5,0.0,0.5,0,1,0,0.0510204081632653,0.1096209912536443,0.0869565217391304,1036800,19449000,13824,259320,10213200,136176,5400,824400.0,8.571428571428571,0,7,1710,1.0,1.0,0.0,0.0,0.0,-3.0,0,1,0,7.071067811865476,0.0874794969928922,0.0055453801853249,1.0,0.3333333333333333,0.5,4.5,232.0,4.666666666666667,289.0,4.818181818181818,340.81818181818176,515.0,1545.0,570.0,0.0,0.0,8.571428571428571,0.0,0.0,4.0,1.0,1.0,0.0,0.0,0.0,0.0,1.0,0.0611861861861861,0.0753604193971166,-0.0141742332109304,55.88888267901304,1.0,0.0,0.25,0.7071067811865476,24.0,0.0,2,0.1271399798590131,33.10866062437059,15888.0,1,0,1,0,6,53.1,53.1,0.3138143101499519,0.7000000000000028,1.0,0.9634464751958226,67.2,58.1,-0.4484496434492853,-3.799999999999997,5.0,0.5735731361121026,B,1.0,0.1346153846153846,0.1740304369170348,0.7735163285233807,0.1513761467889908,0.1909871244635193,0.1666666666666666,0.1699029126213592,0.3333333333333333,0.2142857142857142,0.294892815811363,0.2181394207167403,1.0,0,0.0644834262969585,0.0706031923418278,0.0952380952380952,0.7,0.0,0.9915048755745104,10.8,9.708252656204714
2026032209011005,2026,322,09,シラヌイ,2023105668,3,2,1126,松山弘平,1136,550,444.0,2.0,-1.0,109,6,2,1,8,11,1200,17,2,1,0,11,1,10,フィレンツェファイア,ミスティック,Poseidon's Warrior,キンシャサノキセキ,2,0,0,0,0,0,2,0,0,0,0,0,0,3,0,1,2,0,0,400,142,122,550,735,12876,169,2026-03-22,2025-12-14 00:00:00,14.0,540.0,10.0,6.0,196.0,3,1,0.25,6.0,74.0,2,0.6666666666666666,0.6666666666666666,0.0,2,0,0,0.1426993187258332,0.0766307789740342,0.1442424242424242,882000,15451200,12495,218892,1351200,19142,3600,532800.0,42.0,0,30,1650,1.0,1.0,0.0,0.0,-2.0,-2.5,0,1,0,3.055050463303885,0.056390977443609,-0.0255431393639582,1.0,0.6666666666666666,0.6666666666666666,6.0,165.5,4.888888888888889,149.55555555555554,3.396694214876033,114.9090909090909,495.0,1485.0,540.0,10.0,3.0,42.0,1.0,0.0,3.0,0.0,1.0,0.0,0.0,0.0,0.0,1.0,0.0976253298153034,0.0712166172106825,0.0264087126046209,66.66665555555741,0.0,0.0,0.0,1.1547005383792517,24.0,1.0,0,0.1286250939143501,37.26016528925619,13310.0,1,0,1,0,9,64.9,0.0,-0.1648856468011069,1.3000000000000045,0.0,0.9702127659574468,55.0,0.0,1.4614180421058536,1.2000000000000028,0.0,0.3753155281963882,C,2.0,0.0588235294117647,0.1152141802067946,0.5105580693815988,0.1148514851485148,0.1155729676787463,0.0,0.1168831168831168,0.0,0.1666666666666666,0.0542860734037204,0.0730428360413589,2.0,0,0.0644834262969585,0.0706031923418278,0.09375,0.7,0.0,0.9795186018471131,10.9,9.676752760133533
2026030109010401,2026,301,09,ヴェールミューズ,2023104766,3,2,1213,高杉吏麒,1138,550,428.0,0.0,0.0,289,6,2,2,2,2,1800,24,1,0,1,13,1,4,ルヴァンスレーヴ,ゴッドビラブドミー,シンボリクリスエス,ブライアンズタイム,0,0,0,1,1,0,0,0,0,0,1,0,0,2,1,0,1,1,0,484,166,156,668,823,5116,267,2026-03-01,0,0.0,0.0,550.0,0.0,0.0,0,0,0.0,0.0,0.0,2,0.3333333333333333,0.0,0.3333333333333333,0,1,0,0.0918499353169469,0.0712545676004872,0.072829131652661,1481400,9208800,19752,122784,2183400,29112,5400,770400.0,0.0,0,8,1650,1.0,1.0,0.0,0.0,0.0,0.0,0,0,0,0.0,0.060878243512974,-0.0210558732945932,0.3333333333333333,0.3333333333333333,0.3333333333333333,0.0,0.0,0.0,0.0,0.0,0.0,495.0,1485.0,0.0,550.0,0.0,0.0,0.0,1.0,3.0,0.0,1.0,0.0,0.0,0.0,1.0,0.0,0.0675718345437322,0.0804567869192836,-0.0128849523755514,53.77777180246981,1.0,0.0,0.0,0.0,0.0,1.0,1,0.0540766503912781,41.20877533275366,59804.0,1,0,1,0,0,52.8,52.8,0.4720424532849636,-19.10000000000001,1.0,0.9581151832460733,66.8,55.7,-0.3858310308081323,10.0,2.0,0.6025144998222408,B,2.0,0.0909090909090909,0.0926503340757238,0.9812062937062938,0.0831325301204819,0.0982332155477031,0.0795454545454545,0.0795454545454545,0.0,0.2222222222222222,0.2575830419580419,0.1249694607545387,2.0,0,0.0644834262969585,0.0706031923418278,0.1967213114754098,0.4,0.0,0.362767373015583,28.9,9.483977080150348
2026021510010805,2026,215,10,モウエエデショー,2023105433,3,1,1158,野中悠太,1024,570,476.0,4.0,1.0,192,4,3,1,4,7,1800,17,1,2,0,16,1,8,ダノンプレミアム,フルオブドリームズ,ディープインパクト,Dream Ahead,0,0,0,0,0,0,0,1,0,0,0,0,0,0,4,4,1,0,0,494,176,153,676,640,11112,292,2026-02-15,2026-01-04 00:00:00,6.0,570.0,0.0,8.0,1011.6666666666666,5,0,0.0,9.0,419.0,1,0.5,0.0,0.0,0,1,0,0.0250208507089241,0.0415314730694354,0.0377358490566037,1152000,20001600,10880,188904,2084400,19686,5400,856800.0,18.0,0,0,1710,1.0,1.0,0.0,0.0,4.0,0.875,0,0,0,7.563068160475616,0.0533333333333333,-0.0286007834742339,0.3333333333333333,0.3333333333333333,0.1666666666666666,8.25,786.5625,8.358024691358025,794.5802469135804,8.377296632743663,746.8278123079024,515.0,1545.0,570.0,0.0,1.0,18.0,0.0,0.0,2.0,0.0,0.0,0.0,0.0,1.0,1.0,0.0,0.0700298705609027,0.0643879173290938,0.0056419532318089,54.888882790124136,1.0,0.0,1.0,0.5773502691896257,18.0,1.0,1,0.0540766503912781,41.20877533275366,59804.0,1,0,1,0,15,54.6,54.6,0.1604533698473881,2.5,0.0,0.8746803069053709,67.6,66.8,-0.511068256090436,0.7999999999999972,0.0,0.3072737324845778,D,1.0,0.0,0.0702348212396869,0.0,0.066198595787362,0.0731796560556165,0.0,0.0,0.0,0.0,0.0,0.0491643748677808,1.0,0,0.0644834262969585,0.0706031923418278,0.0196078431372549,1.0,0.0,0.5448177383987172,19.2,9.460500577255369
2026030110011201,2026,301,10,ジュンプリメーロ,2023107059,3,1,1200,西塚洸二,1061,570,492.0,0.0,0.0,106,3,1,1,2,3,1700,24,1,0,2,15,1,12,キタサンブラック,ジュントップヒトミ,ブラックタイド,ゼンノロブロイ,0,0,1,0,0,0,0,0,0,0,1,0,1,1,0,3,1,0,1,391,127,138,541,474,6471,309,2026-03-01,2025-12-07 00:00:00,12.0,560.0,10.0,4.5,91.0,2,0,0.0,6.0,49.0,2,0.3333333333333333,0.0,0.0,0,1,0,0.0656716417910447,0.1557734204793028,0.0749063670411985,805800,11000700,11376,155304,2040000,28800,5100,836400.0,36.0,12,12,1710,1.0,1.0,0.0,0.0,0.0,-1.0,0,0,0,1.4142135623730951,0.0693877551020408,-0.0125463617055264,0.25,0.3333333333333333,1.0,4.5,91.0,4.0,105.0,3.545454545454545,117.72727272727272,515.0,1545.0,560.0,10.0,2.0,36.0,0.0,0.0,3.0,0.0,1.0,0.0,0.0,0.0,1.0,0.0,0.0709219858156028,0.0746128578132332,-0.0036908719976303,45.999994588235936,1.0,0.75,0.75,1.4142135623730951,17.0,1.0,1,0.0540766503912781,41.20877533275366,59804.0,1,0,1,0,6,66.1,62.8,-0.228052069950138,-8.5,0.0,0.902542372881356,54.1,54.1,1.6023099205484457,-7.699999999999996,0.0,0.5900825206424506,B,2.0,0.2068965517241379,0.2368576491435322,0.873505890446298,0.2585470085470085,0.1883365200764818,0.5,0.0,0.5,0.0,0.5306360535443002,0.4473715298287065,2.0,0,0.0644834262969585,0.0706031923418278,0.0987654320987654,1.0,0.0,0.9800404473517209,10.6,9.38842874192824
2026032207010405,2026,322,07,エンヴェロップ,2023105792,3,2,1216,吉村誠之,1205,550,452.0,8.0,-1.0,140,6,2,1,2,3,1600,11,1,1,0,16,1,4,ロードカナロア,エンジェリックレイ,キングカメハメハ,ダイワメジャー,1,0,1,0,0,0,1,0,0,0,0,0,0,3,0,0,1,0,1,468,157,154,629,845,3016,250,2026-03-22,2026-03-01 00:00:00,3.0,550.0,0.0,3.5,60.0,2,0,0.0,3.0,68.0,2,0.3333333333333333,0.3333333333333333,0.0,1,0,0,0.0651056539120502,0.0844155844155844,0.074074074074074,1352000,4825600,9295,33176,1945600,13376,4800,723200.0,9.0,0,12,1650,1.0677016244486457,0.9509355509355508,0.1039501039501039,0.2993762993762994,-8.0,4.0,1,0,0,5.656854249492381,0.0821256038647343,0.0001914870571669,0.3333333333333333,0.3333333333333333,0.3333333333333333,3.5,60.0,3.666666666666667,57.333333333333336,3.818181818181818,54.90909090909091,495.0,1485.0,550.0,0.0,0.0,9.0,0.0,0.0,3.0,0.0,1.0,0.0,0.0,0.0,1.0,0.0,0.0819415448851774,0.0685449957947855,0.0133965490903919,58.49999268750092,1.0,0.0,0.0,0.0,17.0,1.0,1,0.0540766503912781,41.20877533275366,59804.0,1,0,1,0,6,53.8,0.0,0.4194037673274371,2.0,0.0,0.8992042440318302,62.9,0.0,0.2247004424431002,0.3999999999999986,0.0,0.358786372784974,C,2.0,0.075,0.1191709844559585,0.6293478260869565,0.1208791208791208,0.1176470588235294,0.0,0.0,0.0,0.2,0.1745996189081624,0.1434196891191709,2.0,0,0.0644834262969585,0.0706031923418278,0.0952380952380952,0.7,0.0,0.7376160247380044,14.0,9.32662434633206
2026020108020203,2026,201,08,ジャイアンバローズ,2023100922,3,1,1213,高杉吏麒,1071,570,534.0,4.0,-1.0,141,4,1,5,1,1,1900,24,1,0,1,10,2,2,クリソベリル,サトノアイビス,ゴールドアリュール,Bodemeister,0,0,0,1,0,0,0,0,0,0,1,0,1,1,1,0,1,0,0,471,177,142,655,492,5397,258,2026-02-01,2026-01-12 00:00:00,2.857142857142857,570.0,0.0,13.0,69.0,1,0,0.0,13.0,69.0,1,0.5,0.0,0.5,0,1,0,0.0918499353169469,0.1193806193806193,0.0705882352941176,934800,10254300,11808,129528,2304700,29112,5700,1014600.0,8.571428571428571,2,2,1710,1.0,1.0,0.0,0.0,-4.0,0.0,0,0,0,0.0,0.0580645161290322,-0.023869600678535,0.3333333333333333,0.3333333333333333,0.3333333333333333,13.0,69.0,13.0,69.0,13.0,69.0,515.0,1545.0,570.0,0.0,0.0,8.571428571428571,0.0,0.0,2.0,0.0,0.0,0.0,0.0,1.0,1.0,0.0,0.0646117368109069,0.0831721470019342,-0.0185604101910272,49.57894214958504,2.0,0.5,0.0,0.0,24.0,0.0,2,0.1271399798590131,33.10866062437059,15888.0,1,0,1,0,3,52.5,52.5,0.4878340590722214,-0.7000000000000028,2.0,0.908108108108108,65.5,56.1,-0.1823205397243884,0.0,6.0,0.5597441443143119,B,2.0,0.2666666666666666,0.223756906077348,1.1917695473251029,0.238095238095238,0.1960206337509211,0.3333333333333333,0.3060109289617486,0.3333333333333333,0.0,0.6261385459533608,0.3114180478821363,2.0,0,0.0644834262969585,0.0706031923418278,0.0384615384615384,0.4,0.0,0.731192627466147,14.1,9.309816047272673
2026021505010604,2026,215,05,ストロングエース,2023102477,3,1,1214,長浜鴻緒,1020,550,484.0,2.0,1.0,2802,13,4,7,2,2,1600,23,1,0,1,13,1,6,ヤマカツエース,フラヴィニー,キングカメハメハ,キンシャサノキセキ,1,1,0,1,0,0,0,1,0,0,1,0,0,2,1,6,2,1,0,514,184,166,690,804,11091,250,2026-02-15,2026-01-25 00:00:00,3.0,570.0,-20.0,9.666666666666666,1844.3333333333333,6,1,0.1428571428571428,10.0,2820.0,3,0.5,0.3333333333333333,0.5,0,2,0,0.0406926406926406,0.0596930073905628,0.0317460317460317,1286400,17745600,18492,255093,1942400,27922,4800,774400.0,9.0,0,12,1650,1.0,1.0,0.0,0.0,2.0,2.125,1,0,0,8.876936408468861,0.0588723051409618,-0.0230618116666054,0.2222222222222222,0.3333333333333333,0.3333333333333333,8.96875,1976.375,8.041152263374487,1633.218106995885,7.230274881869717,1364.2849407951517,495.0,1485.0,570.0,0.0,0.0,9.0,0.0,0.0,2.0,0.0,0.0,0.0,0.0,1.0,1.0,0.0,0.0606701940035273,0.0690003365870077,-0.0083301425834804,64.249991968751,1.0,0.0,1.5,1.1547005383792517,17.0,1.0,2,0.1271399798590131,33.10866062437059,15888.0,1,0,1,0,18,52.4,52.4,0.3853827489578153,-0.3999999999999986,0.0,0.9656992084432716,62.9,53.7,0.2247004424431002,-6.100000000000001,5.0,0.65112742641586,A,1.0,0.037037037037037,0.0967204002223457,0.3829289059174116,0.0872,0.1049361408353469,0.0790322580645161,0.0790322580645161,0.0,0.125,0.0505836102757064,0.0963602090767272,1.0,0,0.0644834262969585,0.0706031923418278,0.0802010314792535,1.0,0.0,0.03663035670539032,280.2,9.263825948850366
2026022205010809,2026,222,05,ラッキーキッド,2023101148,3,1,1174,岩田望来,1059,570,480.0,8.0,-1.0,235,7,3,1,3,3,1600,23,1,0,1,10,1,8,ディスクリートキャット,ハッピーゴラッキー,Forestry,パイロ,0,0,0,2,0,0,0,0,0,2,0,0,0,1,3,0,2,0,1,534,179,178,720,654,9694,74,2026-02-22,2026-01-31 00:00:00,3.142857142857143,570.0,0.0,4.0,53.333333333333336,3,1,0.25,8.0,116.0,3,0.5,0.0,0.6666666666666666,2,0,0,0.1212061489948758,0.1096209912536443,0.0779220779220779,1046400,15510400,15042,222962,1878400,27002,4800,768000.0,9.428571428571429,0,8,1710,2.0828527680884013,0.4648351648351648,0.1813186813186813,0.412087912087912,-8.0,0.0,0,0,0,2.0,0.0595710881652104,-0.0223630286423568,0.3333333333333333,0.4,0.6666666666666666,5.0,69.0,3.7777777777777777,58.22222222222223,2.570247933884297,50.54545454545455,515.0,1545.0,570.0,0.0,0.0,9.428571428571429,0.0,0.0,2.0,0.0,0.0,0.0,0.0,1.0,1.0,0.0,0.0606701940035273,0.0690003365870077,-0.0083301425834804,66.74999165625105,1.0,0.0,0.0,0.5773502691896258,23.0,0.0,2,0.1271399798590131,33.10866062437059,15888.0,1,0,1,0,9,52.7,0.0,0.3547105608973021,0.0,0.0,0.9603174603174603,72.0,0.0,-1.1998729951431095,7.200000000000003,0.0,0.2253494290011639,D,1.0,0.1818181818181818,0.1745796241345202,1.0414627865052797,0.152336987882285,0.1912591951536131,0.1666666666666666,0.1611570247933884,0.4,0.2857142857142857,0.4076476521589836,0.2382492581602373,1.0,0,0.0644834262969585,0.0706031923418278,0.1875,1.0,0.0,0.4362062862860453,23.5,9.250847727722064
2026031506020603,2026,315,06,モズタンケ,2023101516,3,1,1091,丹内祐次,1127,570,496.0,0.0,0.0,107,4,3,1,1,2,1200,24,1,0,1,16,2,6,モズアスコット,ジープルメリア,Frankel,Street Sense,0,0,0,1,0,0,0,0,0,1,0,0,0,1,1,0,1,1,0,467,159,152,638,799,6583,76,2026-03-15,0,0.0,0.0,570.0,0.0,0.0,0,0,0.0,0.0,0.0,2,0.3333333333333333,0.0,0.5,1,0,0,0.0705355476768053,0.0869092884302009,0.0555165144061841,958800,7899600,19176,157992,1309200,26184,3600,595200.0,0.0,0,6,1710,1.0,1.0,0.0,0.0,0.0,0.0,0,0,0,0.0,0.0545575515635395,-0.0273765652440277,0.5,0.5,1.0,0.0,0.0,0.0,0.0,0.0,0.0,515.0,1545.0,0.0,570.0,0.0,0.0,0.0,1.0,3.0,0.0,1.0,0.0,0.0,0.0,1.0,0.0,0.0577326801959412,0.0731387340111512,-0.0154060538152099,77.83332036111327,0.0,0.0,0.0,0.0,0.0,1.0,2,0.1271399798590131,33.10866062437059,15888.0,1,0,1,0,0,52.5,0.0,0.3751586862709776,-8.100000000000001,0.0,0.9078947368421052,63.8,63.8,0.0838085640005082,9.599999999999994,0.0,0.3758865447995852,C,1.0,0.125,0.1139896373056994,1.0965909090909092,0.1025835866261398,0.1248196248196248,0.0,0.1162790697674418,0.0,0.3333333333333333,0.2684659090909091,0.1227979274611398,1.0,0,0.0644834262969585,0.0706031923418278,0.06,1.0,0.0,0.9514778254197502,10.7,9.180812731991328
2026041806030703,2026,418,06,ベアゴーフォー,2023101712,3,1,1085,松岡正海,1008,570,464.0,4.0,-1.0,161,5,2,1,6,10,1200,24,1,0,1,14,3,7,シャンハイボビー,カレンシェリーメイ,Harlan's Holiday,ディープインパクト,0,0,0,1,0,1,0,0,0,1,0,0,0,4,5,1,1,0,1,497,173,165,679,565,3693,93,2026-04-18,2026-03-29 00:00:00,2.857142857142857,570.0,0.0,6.333333333333333,193.3333333333333,9,0,0.0,5.0,65.0,2,0.3333333333333333,0.0,0.3333333333333333,1,0,0,0.0400977995110024,0.036094674556213,0.0389105058365758,678000,4431600,13560,88632,1302000,26040,3600,556800.0,8.571428571428571,0,28,1710,0.3122137870968419,0.08875,0.025,0.1875,-4.0,1.0234375,0,0,0,2.683281572999759,0.0784671532846715,-0.0034669635228957,0.125,0.1,0.1428571428571428,5.42578125,167.13671875,5.770919067215365,233.68373723517763,6.035393224505588,321.2926696468432,515.0,1545.0,570.0,0.0,0.0,8.571428571428571,0.0,0.0,4.0,1.0,1.0,0.0,0.0,0.0,0.0,1.0,0.0611861861861861,0.0753604193971166,-0.0141742332109304,82.83331952778008,0.0,0.0,0.0,0.0,24.0,0.0,2,0.1271399798590131,33.10866062437059,15888.0,1,0,1,0,27,51.9,51.9,0.4365030623920032,-1.7000000000000028,1.0,0.9410187667560322,67.9,67.0,-0.5580322155713019,-5.299999999999997,2.0,0.5964553996989371,B,1.0,0.0754716981132075,0.0788250604201524,0.9574581701673192,0.0792620430474888,0.0783034257748776,0.0,0.0657698056801195,0.2,0.0,0.1880265812270083,0.0757650120840304,1.0,0,0.0644834262969585,0.0706031923418278,0.0869565217391304,1.0,0.0,0.6319177893814545,16.1,9.173876409041418
2026010408010103,2026,104,08,オプティモ,2023104805,3,1,1216,吉村誠之,1193,570,490.0,2.0,1.0,159,8,2,2,1,2,1400,24,1,0,1,16,1,1,タワーオブロンドン,タイキエイワン,Raven's Pass,フサイチコンコルド,0,0,0,1,1,0,0,0,0,1,0,0,0,3,2,0,1,1,0,481,167,154,663,627,7499,175,2026-01-04,2025-12-13 00:00:00,3.142857142857143,560.0,10.0,5.5,271.5,2,0,0.0,5.0,79.0,2,0.3333333333333333,0.0,0.3333333333333333,1,0,0,0.0651056539120502,0.036388140161725,0.0553306342780027,877800,10498600,15048,179976,1702400,29184,4200,686000.0,9.428571428571429,0,3,1710,1.0,1.0,0.0,0.0,2.0,1.0,0,0,0,1.4142135623730951,0.0594479830148619,-0.0224861337927053,0.25,0.3333333333333333,0.3333333333333333,5.5,271.5,5.666666666666666,335.6666666666667,5.8181818181818175,394.0,515.0,1545.0,560.0,10.0,0.0,9.428571428571429,0.0,0.0,1.0,0.0,0.0,0.0,0.0,1.0,1.0,0.0,0.0625,0.0825410544511668,-0.0200410544511668,68.71427589796059,0.0,0.0,0.0,0.0,11.0,1.0,1,0.0540766503912781,41.20877533275366,59804.0,1,0,1,0,6,66.2,0.0,-0.2333159385458911,12.900000000000006,0.0,0.970401691331924,66.3,0.0,-0.3075577650066922,3.299999999999997,0.0,0.2342245169797163,D,2.0,0.0,0.045929018789144,0.0,0.0288461538461538,0.059040590405904,0.0227272727272727,0.0227272727272727,0.0,0.0,0.0,0.0205494401214651,2.0,0,0.0644834262969585,0.0706031923418278,0.0363636363636363,1.0,0.0,0.6284912738069359,15.9,8.993011253530282
2026031407010103,2026,314,07,マーゴットバディ,2023105638,3,3,1152,小崎綾也,1166,570,498.0,10.0,-1.0,400,10,3,3,4,4,1900,23,1,0,1,13,1,1,レイデオロ,コンシダレイト,キングカメハメハ,Dansili,0,0,0,1,0,1,0,0,0,0,1,0,1,0,2,0,1,1,1,463,150,154,625,827,5054,250,2026-03-14,0,0.0,0.0,570.0,0.0,0.0,0,0,0.0,0.0,0.0,3,0.25,0.0,0.3333333333333333,0,1,0,0.03243917654398,0.0931716656030631,0.032520325203252,1571300,9602600,19021,116242,2188800,26496,5700,946200.0,0.0,1,0,1710,1.0,1.0,0.0,0.0,-10.0,0.0,0,0,1,0.0,0.0724137931034482,-0.009520323704119,0.5,0.3333333333333333,0.5,0.0,0.0,0.0,0.0,0.0,0.0,515.0,1545.0,0.0,570.0,0.0,0.0,0.0,1.0,3.0,0.0,1.0,0.0,0.0,0.0,1.0,0.0,0.0678144764581869,0.0759976525821596,-0.0081831761239726,48.7368369750698,2.0,0.5,0.0,0.0,0.0,1.0,1,0.0540766503912781,41.20877533275366,59804.0,1,0,1,0,0,65.4,65.4,-0.1912049897798701,11.200000000000005,1.0,0.9631901840490796,62.5,55.5,0.2873190550842521,6.899999999999999,4.0,0.3361366602380444,D,2.0,0.0285714285714285,0.1296296296296296,0.2204081632653061,0.1372141372141372,0.1240428790199081,0.0,0.0,0.0,0.0769230769230769,0.0314606953892667,0.1138176638176638,2.0,0,0.0644834262969585,0.0706031923418278,0.1428571428571428,1.0,0.0,0.2476268407159758,40.0,8.905073628639032
2026020810010609,2026,208,10,クリエープキー,2023103355,3,2,1168,富田暁,1106,550,448.0,2.0,1.0,218,10,2,1,8,15,1200,17,2,1,0,15,1,6,ミッキーアイル,エルーセラ,ディープインパクト,Spirit One,2,0,1,0,0,0,2,0,0,0,0,0,1,5,2,0,2,0,1,378,134,124,520,787,2977,292,2026-02-08,2026-01-24 00:00:00,2.142857142857143,550.0,0.0,5.333333333333333,194.66666666666663,6,1,0.1428571428571428,5.0,118.0,3,0.5,0.5,0.0,2,0,0,0.0516447368421052,0.0616302186878727,0.0578778135048231,944400,3572400,13379,50609,1401600,19856,3600,537600.0,6.428571428571429,6,30,1650,1.0,1.0,0.0,0.0,2.0,0.9375,0,0,0,2.9664793948382777,0.0780082987551867,-0.0039258180523805,0.25,0.25,0.25,5.59375,136.96875,5.370370370370371,133.86831275720166,4.908631427311843,115.62374651507906,495.0,1485.0,550.0,0.0,0.0,6.428571428571429,0.0,0.0,2.0,0.0,0.0,0.0,0.0,1.0,0.0,1.0,0.0700298705609027,0.0643879173290938,0.0056419532318089,62.99998950000175,0.0,1.0,0.0,0.5773502691896258,17.0,0.0,0,0.1286250939143501,37.26016528925619,13310.0,1,0,1,0,18,0.0,0.0,0.0,0.0,0.0,0.0,52.0,0.0,1.9310576369144945,-1.2000000000000028,0.0,0.4863225144100061,C,1.0,0.1,0.0978745736027289,1.02171581769437,0.0951515151515151,0.0999537251272559,0.0,0.0,0.0,0.2857142857142857,0.2877958265535376,0.1542264872361959,1.0,0,0.0644834262969585,0.0706031923418278,0.0652173913043478,0.7,0.0,0.45308451488097734,21.8,8.877242424405306
2026011708010605,2026,117,08,ベルシュヴァル,2023102376,3,2,5676,ハマーハ,1186,550,420.0,4.0,-1.0,283,8,3,10,1,1,2000,17,1,1,0,18,1,6,ベンバトル,シュヴァリエ,Dubawi,フレンチデピュティ,1,0,1,0,0,0,0,1,0,0,0,0,1,0,2,2,1,0,1,484,166,158,656,759,6009,54,2026-01-17,2025-12-20 00:00:00,4.0,550.0,0.0,7.0,450.5,2,0,0.0,5.0,553.0,2,0.3333333333333333,0.3333333333333333,0.0,0,1,0,0.0956521739130434,0.08130081300813,0.0952380952380952,1518000,12018000,12903,102153,11352000,96492,6000,840000.0,12.0,6,0,1650,1.0,1.0,0.0,0.0,-4.0,2.0,0,0,0,2.8284271247461903,0.0861244019138756,0.0041902851063082,0.5,0.25,0.2,7.0,450.5,7.666666666666668,416.33333333333337,8.272727272727273,385.27272727272725,495.0,1485.0,550.0,0.0,0.0,12.0,0.0,0.0,1.0,0.0,0.0,0.0,0.0,1.0,1.0,0.0,0.0852842809364548,0.0619946091644204,0.0232896717720343,48.399995160000486,2.0,0.5,1.0,0.0,11.0,1.0,1,0.0540766503912781,41.20877533275366,59804.0,1,0,1,0,6,67.1,67.1,-0.2806907559076645,-0.4000000000000057,0.0,0.9616935483870968,65.6,53.1,-0.1979751928846756,12.399999999999991,3.0,0.2860389098268901,D,2.0,0.0,0.1099554234769688,0.0,0.1142857142857142,0.106145251396648,0.0,0.109375,0.0,0.0,0.0,0.0219910846953937,2.0,0,0.0644834262969585,0.0706031923418278,0.0476190476190476,0.4,0.0,0.34759879373536995,28.3,8.83704586271097
2026020705010306,2026,207,05,ターンザテーブルス,2023103820,3,2,1092,津村明秀,1187,550,420.0,4.0,1.0,104,7,4,1,1,2,1600,11,5,1,0,16,1,3,ポエティックフレア,リバースシンキング,Dawn Approach,ディープブリランテ,1,1,0,0,0,0,1,0,0,0,0,0,0,1,1,1,1,1,0,477,160,158,650,767,14351,42,2026-02-07,2026-01-18 00:00:00,2.857142857142857,520.0,30.0,4.0,216.0,1,0,0.0,4.0,216.0,2,0.3333333333333333,0.3333333333333333,0.0,1,0,0,0.0749601275917065,0.0545645330535152,0.0687079910380881,1227200,22961600,8437,157861,1747200,12012,4800,672000.0,8.571428571428571,0,3,1650,1.0,1.0,0.0,0.0,4.0,0.0,0,0,0,0.0,0.0970873786407767,0.0151532618332093,1.0,0.3333333333333333,0.3333333333333333,4.0,216.0,4.0,216.0,4.0,216.0,495.0,1485.0,520.0,30.0,0.0,8.571428571428571,0.0,0.0,2.0,0.0,0.0,0.0,0.0,1.0,1.0,0.0,0.08,0.0671607225567392,0.0128392774432607,59.62499254687594,1.0,0.0,0.25,0.0,18.0,1.0,1,0.0540766503912781,41.20877533275366,59804.0,1,0,1,0,3,52.1,51.3,0.4160549370183278,0.8000000000000043,1.0,0.9389920424403182,65.0,54.6,-0.1040472739229483,-0.4000000000000057,1.0,0.4324335568402819,C,1.0,0.0588235294117647,0.0670826833073322,0.8768809849521204,0.0429042904290429,0.0887573964497041,0.0285714285714285,0.0285714285714285,0.0,0.0,0.169829327079669,0.0277022509471807,1.0,0,0.0644834262969585,0.0706031923418278,0.1153846153846153,0.4,0.0,0.9346535475832872,10.4,8.720396894866187
2026011008010304,2026,110,08,クラックショット,2023106172,3,1,5676,ハマーハ,1110,570,474.0,4.0,-1.0,408,9,2,7,7,8,1800,24,1,0,1,11,1,3,アドマイヤマーズ,スウィートショット,ダイワメジャー,Trappe Shot,0,0,0,1,0,0,0,0,0,0,1,0,0,2,1,1,1,0,0,501,178,160,684,396,6657,285,2026-01-10,2025-11-23 00:00:00,6.857142857142857,560.0,10.0,3.5,76.5,2,1,0.3333333333333333,1.0,41.0,1,0.5,0.0,0.5,0,1,0,0.0956521739130434,0.0825059910989387,0.0952380952380952,712800,11982600,9504,159768,10216800,136224,5400,853200.0,20.57142857142857,0,6,1710,1.0,1.0,0.0,0.0,-4.0,7.0,1,0,0,9.899494936611664,0.061867266591676,-0.0200668502158912,0.25,0.3333333333333333,0.5,3.5,76.5,4.333333333333333,88.33333333333334,5.09090909090909,99.09090909090908,515.0,1545.0,560.0,10.0,1.0,20.57142857142857,0.0,0.0,1.0,0.0,0.0,0.0,0.0,1.0,0.0,1.0,0.0625,0.0825410544511668,-0.0200410544511668,55.666660481482175,1.0,0.0,0.25,0.7071067811865476,24.0,0.0,2,0.1271399798590131,33.10866062437059,15888.0,1,0,1,0,6,54.0,52.4,0.4088760301359317,1.6000000000000014,2.0,0.9355670103092784,68.4,56.1,-0.6363054813727419,0.7000000000000028,3.0,0.4191999743389262,C,2.0,0.0,0.1106983655274888,0.0,0.1197289156626506,0.0933429811866859,0.3333333333333333,0.0935672514619883,0.0,0.0,0.0749999999999999,0.1888063397721644,2.0,0,0.0644834262969585,0.0706031923418278,0.0652173913043478,1.0,0.0,0.23823298654352287,40.8,8.719905850975733
2026041909020802,2026,419,09,ベルシュヴァル,2023102376,3,2,1157,鮫島克駿,1186,550,414.0,0.0,0.0,111,6,1,1,8,15,2000,17,1,1,0,16,2,8,ベンバトル,シュヴァリエ,Dubawi,フレンチデピュティ,1,0,1,0,0,0,0,1,0,0,0,0,1,0,2,2,1,0,1,484,166,158,656,759,6009,54,2026-04-19,2026-03-15 00:00:00,5.0,550.0,0.0,6.0,316.0,4,0,0.0,3.0,112.0,2,0.3333333333333333,0.3333333333333333,0.0,0,1,0,0.0888144938952343,0.08130081300813,0.0912052117263843,1518000,12018000,12903,102153,2314000,19669,6000,828000.0,15.0,8,0,1650,1.0,1.0,0.0,0.0,0.0,-3.5,0,1,0,4.123105625617655,0.1089324618736383,0.026998345066071,0.5,0.25,0.2,5.75,239.375,6.629629629629632,285.2592592592593,7.570999248685199,320.3726521412471,495.0,1485.0,550.0,0.0,1.0,15.0,0.0,0.0,4.0,1.0,1.0,0.0,0.0,0.0,0.0,1.0,0.0876288659793814,0.0701932858596134,0.017435580119768,48.399995160000486,2.0,0.5,1.0,0.5773502691896257,17.0,0.0,1,0.0540766503912781,41.20877533275366,59804.0,1,0,1,0,12,67.1,67.1,-0.2806907559076645,-0.4000000000000057,0.0,0.9616935483870968,65.6,53.1,-0.1979751928846756,12.399999999999991,3.0,0.2860389098268901,D,2.0,0.1153846153846153,0.1117318435754189,1.0326923076923078,0.1124620060790273,0.1111111111111111,0.2,0.1372549019607843,0.2,0.4,0.3680128205128205,0.2423463687150838,2.0,0,0.0644834262969585,0.0706031923418278,0.0476190476190476,0.1,0.0,0.8706440561258516,11.1,8.664149022996952
2026032107010302,2026,321,07,ヴェルジーネ,2023106786,3,2,1124,国分恭介,1211,550,438.0,8.0,-1.0,131,5,3,1,5,10,1200,23,1,0,1,16,1,3,ニューイヤーズデイ,アンティフリーズ,Street Cry,タップダンスシチー,0,0,0,1,0,0,0,0,0,1,0,0,0,0,2,1,1,0,0,389,136,125,534,692,1888,201,2026-03-21,2026-01-18 00:00:00,8.857142857142858,550.0,0.0,7.0,172.5,2,0,0.0,8.0,159.0,1,0.5,0.0,0.5,1,0,0,0.0394671928959052,0.0714285714285714,0.0299539170506912,830400,2265600,15916,43424,1348800,25852,3600,525600.0,26.571428571428573,0,0,1650,1.0,1.0,0.0,0.0,-8.0,-1.0,0,0,0,1.4142135623730951,0.073170731707317,-0.0087633851002502,0.5,0.3333333333333333,0.5,7.0,172.5,6.666666666666666,177.0,6.363636363636363,181.0909090909091,495.0,1485.0,550.0,0.0,2.0,26.571428571428573,0.0,0.0,3.0,0.0,1.0,0.0,0.0,0.0,0.0,1.0,0.0678144764581869,0.0759976525821596,-0.0081831761239726,64.83332252777957,0.0,0.0,0.0,0.7071067811865476,24.0,1.0,2,0.1271399798590131,33.10866062437059,15888.0,1,0,1,0,6,52.3,0.0,0.4983617962637268,-3.6000000000000014,0.0,0.91644908616188,53.4,0.0,1.7118924926704622,-10.0,0.0,0.6144657500939138,B,2.0,0.0,0.0821917808219178,0.0,0.0727272727272727,0.091743119266055,0.0,0.0,0.0,0.0,0.0,0.0575342465753424,2.0,0,0.0644834262969585,0.0706031923418278,0.1071428571428571,0.4,0.0,0.7336520462145226,13.1,8.610841805410246
2026022809010310,2026,228,09,マーブルパレス,2023105203,3,2,1034,酒井学,1028,550,410.0,0.0,0.0,263,6,2,5,7,7,1200,17,2,1,0,9,1,3,アドマイヤマーズ,マーブルサニー,ダイワメジャー,クロフネ,1,0,0,0,0,0,2,0,0,0,0,0,2,2,1,0,2,0,0,509,172,168,700,396,12790,285,2026-02-28,2026-01-17 00:00:00,6.0,550.0,0.0,5.666666666666667,306.6666666666667,4,2,0.4,7.0,567.0,2,0.6666666666666666,0.5,0.0,2,0,0,0.0426330150068212,0.0921951219512195,0.0423183072677092,475200,15348000,6732,217430,1240800,17578,3600,492000.0,18.0,6,6,1650,2.2635922862879254,0.9088888888888887,0.2222222222222222,0.2666666666666666,0.0,-4.0,0,1,0,4.0,0.0775193798449612,-0.004414736962606,0.6666666666666666,0.25,0.4,5.0,344.75,4.185185185185185,258.55555555555554,3.064613072877535,166.4222389181067,495.0,1485.0,550.0,0.0,1.0,18.0,0.0,0.0,2.0,0.0,0.0,0.0,0.0,1.0,0.0,1.0,0.0976253298153034,0.0712166172106825,0.0264087126046209,84.8333191944468,0.0,2.0,0.0,1.1547005383792517,18.0,1.0,0,0.1286250939143501,37.26016528925619,13310.0,1,0,1,0,12,0.0,0.0,0.0,0.0,0.0,0.0,70.0,0.0,-0.8867799319373494,16.0,0.0,0.2241355853184939,D,0.0,0.0588235294117647,0.1234006734006734,0.4766872642645052,0.1126382836071069,0.1342576936083868,0.0,0.1103896103896103,0.1538461538461538,0.0,0.0452538587058288,0.0708339808339808,0.0,0,0.0644834262969585,0.0706031923418278,0.0652173913043478,0.1,0.0,0.35666465586172014,26.3,8.380280449163239
2026011806010701,2026,118,06,マーガレットクレア,2023100722,3,2,1184,原優介,1133,550,444.0,6.0,1.0,131,6,3,1,5,10,1200,24,1,0,1,16,1,7,ミスチヴィアスアレックス,マーガレットスカイ,Into Mischief,ディープブリランテ,0,0,0,1,0,0,0,0,0,1,0,0,0,0,4,1,1,0,0,483,173,155,656,786,12767,108,2026-01-18,2025-12-27 00:00:00,3.142857142857143,550.0,0.0,6.333333333333333,602.0,3,0,0.0,4.0,634.0,1,0.5,0.0,0.5,1,0,0,0.0318489289740699,0.0964360587002096,0.0296762589928057,943200,15320400,18864,306408,1420800,28416,3600,532800.0,9.428571428571429,0,0,1650,1.0,1.0,0.0,0.0,6.0,-0.5,0,0,0,1.1547005383792557,0.0726153846153846,-0.0093187321921826,0.3333333333333333,0.2,0.5,5.75,610.0,6.0,511.1111111111111,6.082644628099173,381.7768595041323,495.0,1485.0,550.0,0.0,0.0,9.428571428571429,0.0,0.0,1.0,0.0,0.0,0.0,0.0,1.0,0.0,1.0,0.0551495016611295,0.0763076923076923,-0.0211581906465627,80.49998658333557,0.0,0.0,0.0,0.0,24.0,0.0,2,0.1271399798590131,33.10866062437059,15888.0,1,0,1,0,9,52.6,52.6,0.3649346235841398,-0.2999999999999971,1.0,0.9194805194805196,65.6,56.1,-0.1979751928846756,0.0,8.0,0.5290363167287343,B,1.0,0.1428571428571428,0.0914336440301819,1.5624133148404993,0.1038647342995169,0.076162215628091,0.0,0.0923566878980891,0.0,0.0,0.4083102172907997,0.0182867288060363,1.0,0,0.0644834262969585,0.0706031923418278,0.0714285714285714,0.7,0.0,0.7109264984217104,13.1,8.313137129324407
2026013108020106,2026,131,08,ダイチノナポリ,2023109106,3,2,1130,高倉稜,1188,550,422.0,6.0,-1.0,842,11,3,2,8,16,1600,17,1,1,0,16,2,1,グレーターロンドン,ミラノリッチ,ディープインパクト,キングカメハメハ,0,2,1,0,0,0,0,0,0,0,0,0,0,2,4,0,0,2,1,391,143,124,562,503,13054,292,2026-01-31,2026-01-04 00:00:00,3.857142857142857,550.0,0.0,5.333333333333333,127.66666666666669,4,0,0.0,10.0,167.0,3,0.0,0.0,0.0,0,0,0,0.0354430379746835,0.0397727272727272,0.0340425531914893,804800,20886400,8551,221918,1808000,19210,4800,675200.0,11.571428571428571,0,2,1650,0.1996145930434328,2.2020833333333334,0.0208333333333333,0.25,-6.0,1.0,0,0,0,2.0000000000000044,0.0692041522491349,-0.0127299645584323,0.1428571428571428,0.1666666666666666,0.1666666666666666,6.375,150.25,5.25925925925926,138.55555555555557,4.245679939894815,129.2960180315552,495.0,1485.0,550.0,0.0,0.0,11.571428571428571,0.0,0.0,1.0,0.0,0.0,0.0,0.0,1.0,0.0,1.0,0.0746812386156648,0.0772471910112359,-0.0025659523955711,48.87499389062577,1.0,0.0,0.0,0.5773502691896257,24.0,1.0,1,0.0540766503912781,41.20877533275366,59804.0,1,0,1,0,12,0.0,0.0,0.0,0.0,0.0,0.0,56.2,54.8,1.2735622041823969,-11.799999999999995,8.0,0.6871455642886531,A,2.0,0.0555555555555555,0.0542082738944365,1.024853801169591,0.036231884057971,0.0658823529411764,0.0,0.0232558139534883,0.0,0.0,0.1885721247563352,0.0108416547788873,2.0,0,0.0644834262969585,0.0706031923418278,0.1538461538461538,0.4,0.0,0.11010794129523842,84.2,8.271088657059074
2026032207010404,2026,322,07,メイショウハンター,2023105033,3,1,1115,浜中俊,1173,570,488.0,0.0,0.0,334,8,4,5,8,14,2000,11,1,1,0,15,1,4,インディチャンプ,メイショウミナヅキ,ステイゴールド,シニスターミニスター,1,0,0,0,0,0,0,1,0,0,0,0,0,1,0,1,1,0,0,484,162,162,652,417,13297,276,2026-03-22,0,0.0,0.0,570.0,0.0,0.0,0,0,0.0,0.0,0.0,1,0.5,0.5,0.0,0,1,0,0.0990180032733224,0.0838627700127064,0.1034482758620689,834000,26594000,4587,146267,2230000,12265,6000,976000.0,0.0,0,4,1710,1.0,1.0,0.0,0.0,0.0,0.0,0,0,0,0.0,0.0715350223546944,-0.0103990944528728,0.5,0.5,0.5,0.0,0.0,0.0,0.0,0.0,0.0,515.0,1545.0,0.0,570.0,0.0,0.0,0.0,1.0,3.0,0.0,1.0,0.0,0.0,0.0,0.0,1.0,0.0819415448851774,0.0685449957947855,0.0133965490903919,48.399995160000486,2.0,0.0,0.5,0.0,0.0,1.0,0,0.1286250939143501,37.26016528925619,13310.0,1,0,1,0,0,52.8,52.8,0.4720424532849636,-18.3,0.0,0.9523809523809524,65.2,57.1,-0.1353565802435248,8.100000000000001,0.0,0.5598200046303753,B,2.0,0.1388888888888889,0.1192825112107623,1.1643692564745196,0.1391830559757942,0.0903083700440528,0.0,0.0,0.25,0.2,0.3732444823443761,0.1584977578475336,2.0,0,0.0644834262969585,0.0706031923418278,0.0588235294117647,1.0,0.0,0.27578208115423736,33.4,8.211121510551527
2026012506010909,2026,125,06,ストロングエース,2023102477,3,1,1214,長浜鴻緒,1020,570,482.0,2.0,1.0,2820,12,4,10,7,9,1800,17,1,1,0,12,1,9,ヤマカツエース,フラヴィニー,キングカメハメハ,キンシャサノキセキ,1,1,0,1,0,0,0,1,0,0,1,0,0,2,1,6,2,1,0,514,184,166,690,804,11091,250,2026-01-25,2026-01-05 00:00:00,2.857142857142857,570.0,0.0,6.666666666666667,909.3333333333334,5,1,0.1666666666666666,10.0,1420.0,3,0.5,0.3333333333333333,0.5,0,2,0,0.0406926406926406,0.0596930073905628,0.0416666666666666,1447200,19963800,13668,188547,2185200,20638,5400,867600.0,8.571428571428571,0,18,1710,1.0,1.0,0.0,0.0,2.0,2.25,1,0,0,8.318653737234174,0.0891566265060241,0.0072225096984567,0.2222222222222222,0.1666666666666666,0.1666666666666666,7.9375,1132.75,7.06172839506173,1039.8271604938273,6.614780411174099,1040.7927054162965,515.0,1545.0,570.0,0.0,0.0,8.571428571428571,0.0,0.0,1.0,0.0,0.0,0.0,0.0,1.0,0.0,1.0,0.0592105263157894,0.0809399477806788,-0.0217294214648893,57.111104765432806,1.0,0.0,1.5,1.1547005383792517,17.0,0.0,2,0.1271399798590131,33.10866062437059,15888.0,1,0,1,0,15,52.4,52.4,0.3853827489578153,-0.3999999999999986,0.0,0.9656992084432716,62.9,53.7,0.2247004424431002,-6.100000000000001,5.0,0.65112742641586,A,1.0,0.0555555555555555,0.0968819599109131,0.5734355044699871,0.0874799357945425,0.1049723756906077,0.0,0.0957792207792207,0.0,0.1428571428571428,0.0681939123031076,0.0622335348393254,1.0,0,0.0644834262969585,0.0706031923418278,0.0802010314792535,1.0,0.0,0.03257836284579909,282.0,8.187098322515343
2026040506030407,2026,405,06,ガラベイヤ,2023107279,3,2,1127,丸山元気,1169,550,432.0,2.0,1.0,106,6,3,1,7,11,1200,18,1,3,0,14,3,4,アルアイン,モルジアナ,ディープインパクト,Dubawi,1,0,1,0,0,0,2,0,0,0,0,0,0,2,2,1,2,0,1,491,172,151,675,407,13566,292,2026-04-05,2026-02-21 00:00:00,6.142857142857143,550.0,0.0,3.333333333333333,122.66666666666669,4,1,0.2,3.0,91.0,3,0.5,0.3333333333333333,0.0,2,0,0,0.0560892469786179,0.0760340632603406,0.0423497267759562,488400,16279200,7326,244188,1352400,20286,3600,518400.0,18.42857142857143,0,8,1650,1.0,1.0,0.0,0.0,2.0,2.75,1,0,0,6.218252702059216,0.068649885583524,-0.0132842312240432,0.25,1.0,0.4,3.625,115.5,3.666666666666667,105.0,3.7505634861006754,87.59203606311044,495.0,1485.0,550.0,0.0,1.0,18.42857142857143,0.0,0.0,4.0,1.0,1.0,0.0,0.0,0.0,0.0,1.0,0.0800942285041225,0.0644230769230769,0.0156711515810455,81.83331969444671,0.0,0.0,0.0,1.0,17.0,1.0,0,0.1286250939143501,37.26016528925619,13310.0,1,0,1,0,12,51.0,0.0,0.5285196265735413,0.0,0.0,0.922437673130194,67.5,53.4,-0.4954136029301488,-1.5,0.0,0.4384655923562656,C,1.0,0.2444444444444444,0.1016813450760608,2.404024496937883,0.0690978886756238,0.125,0.0,0.0833333333333333,0.25,0.5,0.6138888888888889,0.1703362690152121,1.0,0,0.0644834262969585,0.0706031923418278,0.027027027027027,0.4,0.0,0.8471083262372603,10.6,7.979348258114959
2026020708020306,2026,207,08,ホールオブミラーズ,2023107299,3,1,1102,北村友一,1117,570,482.0,18.0,1.0,648,9,3,5,1,1,1400,24,2,0,1,12,2,3,ルーラーシップ,ラテラス,キングカメハメハ,Harlan's Holiday,0,0,0,1,0,0,0,0,0,1,0,0,0,1,2,1,1,0,0,508,168,166,699,825,13982,250,2026-02-07,2025-10-25 00:00:00,15.0,560.0,10.0,3.0,76.5,2,1,0.3333333333333333,1.0,45.0,1,0.5,0.0,0.5,1,0,0,0.0998910279694878,0.1204465334900117,0.0995542347696879,1155000,19574800,19800,335568,1542800,26448,4200,674800.0,45.0,0,3,1710,1.0,1.0,0.0,0.0,18.0,2.0,0,0,1,2.8284271247461903,0.0594479830148619,-0.0224861337927053,0.5,0.3333333333333333,0.3333333333333333,3.0,76.5,3.6666666666666674,87.00000000000001,4.2727272727272725,96.54545454545456,515.0,1545.0,560.0,10.0,3.0,45.0,1.0,0.0,2.0,0.0,0.0,0.0,0.0,1.0,1.0,0.0,0.0646117368109069,0.0831721470019342,-0.0185604101910272,72.57141820408312,0.0,0.0,0.0,0.7071067811865476,24.0,0.0,2,0.1271399798590131,33.10866062437059,15888.0,1,0,1,0,6,74.0,0.0,-0.6438976890145973,0.0,0.0,0.9595588235294116,69.9,0.0,-0.8711252787770623,-1.5999999999999943,0.0,0.3958118301060764,C,2.0,0.2,0.167381974248927,1.194871794871795,0.1751918158567774,0.1551551551551551,0.2,0.2039473684210526,0.3333333333333333,0.6,0.4852991452991453,0.3134763948497854,2.0,0,0.0644834262969585,0.0706031923418278,0.0492957746478873,1.0,0.0,0.136696483080275,64.8,7.857932103601819
2026013105010103,2026,131,05,アラクラン,2023107086,3,1,1135,杉原誠人,1027,570,506.0,8.0,1.0,151,5,2,6,1,1,1600,23,1,0,1,15,1,1,リアルスティール,セルキス,ディープインパクト,Monsun,0,0,0,1,0,0,0,0,0,0,1,0,0,3,0,1,1,0,0,515,181,164,704,813,7353,292,2026-01-31,2025-11-01 00:00:00,13.0,560.0,10.0,9.5,176.0,2,0,0.0,7.0,332.0,1,0.5,0.0,0.5,0,1,0,0.0392918825561312,0.0766839378238342,0.0290697674418604,1300800,11764800,18699,169119,1816000,26105,4800,809600.0,39.0,0,3,1710,1.0,1.0,0.0,0.0,8.0,-4.0,0,1,0,5.656854249492381,0.0589788732394366,-0.0229552435681306,0.25,0.3333333333333333,0.5,9.5,176.0,10.333333333333332,124.0,11.09090909090909,76.72727272727273,515.0,1545.0,560.0,10.0,3.0,39.0,1.0,0.0,1.0,0.0,0.0,0.0,0.0,1.0,1.0,0.0,0.0606701940035273,0.0690003365870077,-0.0083301425834804,64.37499195312601,1.0,0.0,0.25,1.4142135623730951,23.0,0.0,2,0.1271399798590131,33.10866062437059,15888.0,1,0,1,0,6,51.4,51.1,0.4876233758261912,-14.300000000000004,2.0,0.9304812834224598,70.4,54.0,-0.9493985445785024,0.0,3.0,0.6198648909113909,B,1.0,0.0909090909090909,0.1141725193589051,0.7962431889876684,0.1090985678180286,0.1179616231519345,0.1322188449848024,0.1322188449848024,0.0,0.0,0.2411804163910009,0.0889439263641822,1.0,0,0.0644834262969585,0.0706031923418278,0.1296296296296296,0.7,0.0,0.575607797981457,15.1,7.69167774952
2026011008010302,2026,110,08,シャローファースト,2023107258,3,1,5203,岩田康誠,1164,570,520.0,4.0,1.0,153,6,2,6,6,10,1900,24,1,0,1,14,1,3,クリソベリル,ミセスワタナベ,ゴールドアリュール,Tapizar,0,0,0,1,0,0,0,0,0,0,1,0,2,1,3,2,1,0,0,508,174,163,693,492,12921,258,2026-01-10,2025-12-21 00:00:00,2.857142857142857,560.0,10.0,6.0,420.0,5,0,0.0,9.0,391.0,1,0.5,0.0,0.5,0,1,0,0.0830639948287007,0.1029411764705882,0.0729166666666666,934800,24549900,11808,310104,9885700,124872,5700,988000.0,8.571428571428571,6,3,1710,1.0,1.0,0.0,0.0,4.0,-3.0,0,1,0,4.335896677735755,0.0913461538461538,0.0094120370385865,0.2,0.1428571428571428,0.1666666666666666,7.125,413.375,6.777777777777778,402.90123456790127,6.700976709241171,361.7833481319582,515.0,1545.0,560.0,10.0,0.0,8.571428571428571,0.0,0.0,1.0,0.0,0.0,0.0,0.0,1.0,0.0,1.0,0.0625,0.0825410544511668,-0.0200410544511668,53.47367858171805,2.0,1.0,1.0,0.5773502691896258,24.0,0.0,2,0.1271399798590131,33.10866062437059,15888.0,1,0,1,0,15,84.7,62.5,-1.2071316287601306,22.200000000000003,4.0,1.0316957210776545,69.3,52.9,-0.7771973598153328,16.4,7.0,0.3587904044998823,C,2.0,0.0,0.1500433651344319,0.0,0.1767955801104972,0.1262295081967213,0.0,0.1184210526315789,0.0,0.0,0.0,0.0300086730268863,2.0,0,0.0644834262969585,0.0706031923418278,0.0384615384615384,0.7,0.0,0.5672640511235284,15.3,7.6791399821899855
2026041803010306,2026,418,03,バルドル,2023104920,3,1,1160,荻野極,1150,570,446.0,4.0,-1.0,107,5,2,1,7,12,2600,17,1,1,0,15,1,3,リオンリオン,アドマイヤルミナス,ルーラーシップ,エピファネイア,1,0,0,0,0,0,0,0,1,0,0,0,0,1,2,0,1,0,0,484,169,153,653,815,1513,322,2026-04-18,2026-03-21 00:00:00,4.0,570.0,0.0,5.0,994.0,2,0,0.0,4.0,783.0,1,0.5,0.5,0.0,0,0,1,0.0728729492560091,0.0747004933051444,0.1025641025641025,2119000,3933800,13855,25721,3016000,19720,7800,1159600.0,12.0,0,3,1710,1.0,1.0,0.0,0.0,-4.0,-2.0,0,0,0,2.8284271247461903,0.0588235294117647,-0.0231105873958026,0.3333333333333333,0.3333333333333333,0.3333333333333333,5.0,994.0,5.333333333333333,1064.3333333333337,5.636363636363636,1128.2727272727273,515.0,1545.0,570.0,0.0,0.0,12.0,0.0,0.0,4.0,1.0,1.0,0.0,0.0,0.0,0.0,1.0,0.0744908896034298,0.0616136919315403,0.0128771976718894,37.23076636686413,3.0,0.0,0.0,0.0,11.0,1.0,0,0.1286250939143501,37.26016528925619,13310.0,1,0,1,0,6,53.9,53.9,0.2320218086552515,-1.0,1.0,0.9441624365482234,65.3,61.2,-0.151011233403812,4.099999999999994,2.0,0.3748628084448338,C,1.0,0.0975609756097561,0.0912698412698412,1.0689289501590669,0.094775212636695,0.0882040382571732,0.0,0.0,0.1666666666666666,0.1428571428571428,0.2941238911612719,0.1138888888888888,1.0,0,0.0644834262969585,0.0706031923418278,0.0802010314792535,0.7,0.0,0.8097182919440739,10.7,7.66398572380159
2026032206020802,2026,322,06,イサチルシーキング,2023107394,3,1,1077,石橋脩,1182,570,530.0,6.0,-1.0,121,5,2,5,5,9,1800,24,1,0,1,15,2,8,アメリカンペイトリオット,シーキングドーラ,War Front,More Than Ready,0,0,0,1,0,0,0,0,0,0,1,0,1,1,1,0,1,0,0,508,175,167,700,405,6246,220,2026-03-22,2025-11-08 00:00:00,19.142857142857142,560.0,10.0,8.0,357.0,1,0,0.0,8.0,357.0,1,0.5,0.0,0.5,0,1,0,0.0685538881309686,0.0799605133267522,0.0792079207920792,729000,11242800,9720,149904,1938600,25848,5400,954000.0,57.42857142857143,8,8,1710,1.0,1.0,0.0,0.0,-6.0,0.0,0,0,0,0.0,0.0596590909090909,-0.0222750258984763,0.5,0.5,0.5,8.0,357.0,8.0,357.0,8.0,357.0,515.0,1545.0,560.0,10.0,3.0,57.42857142857143,1.0,0.0,3.0,0.0,1.0,0.0,0.0,0.0,0.0,1.0,0.0577326801959412,0.0731387340111512,-0.0154060538152099,56.44443817284021,1.0,0.75,0.0,0.0,11.0,1.0,2,0.1271399798590131,33.10866062437059,15888.0,1,0,1,0,3,75.1,52.8,-1.9354794809543163,19.3,2.0,0.940959409594096,70.0,57.3,-0.8867799319373494,4.799999999999997,5.0,0.2843507671239931,D,1.0,0.2258064516129032,0.1090629800307219,2.0704225352112675,0.1229235880398671,0.0971428571428571,0.4166666666666667,0.2558139534883721,0.6,0.0,0.8475806451612903,0.4101459293394777,1.0,0,0.0644834262969585,0.0706031923418278,0.0,0.4,0.0,0.6965018669938784,12.1,7.427672590625928
2026041103010106,2026,411,03,アスクファイアモア,2023105261,3,1,1168,富田暁,1075,570,506.0,2.0,-1.0,103,4,2,1,6,11,2600,17,1,1,0,15,1,1,ブリックスアンドモルタル,ワイルドフラッパー,Giant's Causeway,Ghostzapper,1,0,0,0,0,0,0,0,1,0,0,0,0,1,1,1,1,0,0,381,134,123,524,748,15318,84,2026-04-11,2026-03-28 00:00:00,2.0,550.0,20.0,9.0,175.0,2,0,0.0,8.0,266.0,1,0.5,0.5,0.0,0,0,1,0.0516447368421052,0.1086687306501548,0.091324200913242,1944800,39826800,12716,260406,3036800,19856,7800,1315600.0,6.0,0,1,1710,1.0,1.0,0.0,0.0,-2.0,-3.0,0,1,0,4.242640687119285,0.0916030534351145,0.0096689366275471,0.5,0.3333333333333333,0.3333333333333333,9.0,175.0,9.333333333333334,144.66666666666666,9.636363636363637,117.0909090909091,515.0,1545.0,550.0,20.0,0.0,6.0,0.0,0.0,4.0,1.0,1.0,0.0,0.0,0.0,0.0,1.0,0.0744908896034298,0.0616136919315403,0.0128771976718894,29.30769005325461,3.0,0.0,0.75,0.7071067811865476,11.0,1.0,0,0.1286250939143501,37.26016528925619,13310.0,1,0,1,0,6,52.4,0.0,0.4930979276679741,1.0,0.0,0.912,52.4,52.4,1.8684390242733424,-11.200000000000005,0.0,0.6188781610982883,B,2.0,0.1630434782608695,0.1439914490761948,1.1323136151966433,0.146295294753921,0.1410031567870922,0.0,0.0,0.3333333333333333,0.2105263157894736,0.4012746632033208,0.2007940143533363,2.0,0,0.0644834262969585,0.0706031923418278,0.0238095238095238,0.7,0.0,0.8148247828088424,10.3,7.392695262931078
2026031507010204,2026,315,07,デンプシー,2023106190,3,1,1221,舟山瑠泉,1192,540,444.0,14.0,1.0,188,6,2,3,3,5,1400,11,1,1,0,18,1,2,ビッグアーサー,フラミンゴ,サクラバクシンオー,マルカシェンク,1,0,1,0,0,0,1,0,0,0,0,0,0,3,0,0,1,0,1,463,160,148,622,724,11067,261,2026-03-15,2025-07-26 00:00:00,33.142857142857146,550.0,-10.0,18.0,94.0,1,0,0.0,18.0,94.0,2,0.3333333333333333,0.3333333333333333,0.0,1,0,0,0.0675675675675675,0.1159217877094972,0.1428571428571428,1013600,15493800,7964,121737,1709400,13431,4200,621600.0,99.42857142857144,0,6,1620,1.0,1.0,0.0,0.0,14.0,0.0,0,0,1,0.0,0.096875,0.0149408831924326,0.3333333333333333,0.3333333333333333,0.3333333333333333,18.0,94.0,18.0,94.0,18.0,94.0,485.0,1455.0,550.0,0.0,3.0,99.42857142857144,1.0,0.0,3.0,0.0,1.0,0.0,0.0,0.0,1.0,0.0,0.0819415448851774,0.0685449957947855,0.0133965490903919,66.1428476938789,0.0,0.0,0.0,0.0,11.0,0.0,1,0.0540766503912781,41.20877533275366,59804.0,1,0,1,0,3,56.0,55.7,0.017316492231662,0.2999999999999971,0.0,0.9975186104218364,62.2,55.2,0.3342830145651157,6.800000000000004,3.0,0.310254985614906,D,1.0,0.2903225806451613,0.1725663716814159,1.682382133995037,0.1784386617100371,0.1639344262295081,0.0,0.0,0.6666666666666666,0.25,0.6771881427640777,0.3207964601769911,1.0,0,0.0644834262969585,0.0706031923418278,0.1071428571428571,0.7,0.0,0.4422486969242879,18.8,7.3142755021766135
2026032807010505,2026,328,07,マイバレンタイン,2023106283,3,1,1208,田口貫太,1071,570,512.0,2.0,-1.0,107,4,2,1,7,12,2200,11,1,1,0,15,1,5,キズナ,キトゥンズクイーン,ディープインパクト,Kitten's Joy,1,0,0,0,0,0,0,1,0,0,0,0,0,1,1,1,1,0,0,550,186,178,743,471,3885,292,2026-03-28,2026-03-14 00:00:00,2.0,570.0,0.0,8.5,181.0,2,0,0.0,6.0,222.0,1,0.5,0.5,0.0,0,1,0,0.0509316770186335,0.1193806193806193,0.0543933054393305,1036200,8547000,5181,42735,2657600,13288,6600,1126400.0,6.0,0,5,1710,1.1869575735699964,1.059375,0.125,0.21875,-2.0,-3.0,0,1,0,4.242640687119285,0.0528301886792452,-0.029103928128322,0.5,0.3333333333333333,0.3333333333333333,8.5,181.0,9.333333333333334,167.33333333333334,10.09090909090909,154.9090909090909,515.0,1545.0,570.0,0.0,0.0,6.0,0.0,0.0,3.0,0.0,1.0,0.0,0.0,0.0,0.0,1.0,0.0819415448851774,0.0685449957947855,0.0133965490903919,49.99999545454587,2.0,0.0,0.5,0.7071067811865476,11.0,0.0,0,0.1286250939143501,37.26016528925619,13310.0,1,0,1,0,6,51.7,0.0,0.5299450078382424,0.0,0.0,0.934959349593496,74.3,66.8,-1.5599300178297335,-2.299999999999997,0.0,0.4274587705419148,C,2.0,0.32,0.2247946228528752,1.4235215946843855,0.2377358490566037,0.1997073884418434,0.2,0.0,0.5,0.5714285714285714,0.6512724252491695,0.3163874959991464,2.0,0,0.0644834262969585,0.0706031923418278,0.1257861635220125,0.7,0.0,0.7732612509949824,10.7,7.273895385646311
2026011208010512,2026,112,08,ケールハイム,2023107138,3,2,1213,高杉吏麒,1203,550,440.0,6.0,-1.0,103,6,2,1,5,9,1400,17,1,1,0,18,1,5,エピファネイア,ドナウブルー,シンボリクリスエス,ディープインパクト,1,0,1,0,0,0,1,0,0,0,0,0,0,1,1,1,1,0,1,425,151,137,583,436,9006,267,2026-01-12,2025-11-30 00:00:00,6.142857142857143,550.0,0.0,3.0,57.0,1,0,0.0,3.0,57.0,2,0.3333333333333333,0.3333333333333333,0.0,1,0,0,0.0918499353169469,0.130901287553648,0.0705882352941176,610400,12608400,7412,153102,1698200,20621,4200,616000.0,18.42857142857143,0,5,1650,1.0137962396064166,0.4612627986348123,0.0895904436860068,0.2969283276450511,-6.0,0.0,0,0,0,0.0,0.0769230769230769,-0.0050110398844903,0.5,0.3333333333333333,0.3333333333333333,3.0,57.0,3.0,57.0,3.0,57.0,495.0,1485.0,550.0,0.0,1.0,18.42857142857143,0.0,0.0,1.0,0.0,0.0,0.0,0.0,1.0,0.0,1.0,0.0852842809364548,0.0619946091644204,0.0232896717720343,60.71427704081757,0.0,0.0,0.0,0.0,17.0,0.0,1,0.0540766503912781,41.20877533275366,59804.0,1,0,1,0,3,0.0,0.0,0.0,0.0,0.0,0.0,58.3,58.3,0.9448144878163494,-1.6000000000000014,3.0,0.5175570892279768,B,2.0,0.0,0.2181818181818181,0.0,0.2464788732394366,0.1666666666666666,0.2758620689655172,0.2758620689655172,0.0,0.0,0.0390804597701149,0.1815673981191222,2.0,0,0.0644834262969585,0.0706031923418278,0.197452229299363,0.7,0.0,0.790335312849988,10.3,7.140453722354877
2026030106020207,2026,301,06,マーゴットブロー,2023105356,3,1,1160,荻野極,1177,570,512.0,2.0,1.0,196,6,1,3,8,11,1600,18,1,1,0,12,2,2,Twirling Candy,タフイルマ,Candy Ride,Stormy Atlantic,1,0,1,0,0,0,2,0,0,0,0,0,4,1,0,3,2,0,1,505,175,168,682,351,7695,19,2026-03-01,2026-01-04 00:00:00,8.0,570.0,0.0,5.333333333333333,268.3333333333333,5,1,0.1666666666666666,7.0,71.0,3,0.5,0.3333333333333333,0.0,2,0,0,0.0728729492560091,0.0537974683544303,0.1009463722397476,561600,12312000,6318,138510,1856000,20880,4800,819200.0,24.0,8,2,1710,1.0,1.0,0.0,0.0,2.0,5.25,1,0,0,6.78232998312527,0.0501835985312117,-0.0317505182763555,0.2,0.1666666666666666,0.2857142857142857,6.0,230.8125,6.3086419753086425,403.09876543209896,7.532340687111535,680.0413906153948,515.0,1545.0,570.0,0.0,1.0,24.0,0.0,0.0,3.0,0.0,1.0,0.0,0.0,0.0,0.0,1.0,0.0868094701240135,0.0598859315589353,0.0269235385650781,63.124992109376,1.0,3.0,0.75,1.7320508075688772,18.0,0.0,0,0.1286250939143501,37.26016528925619,13310.0,1,0,1,0,15,51.6,51.6,0.4671752504525157,-1.8999999999999984,1.0,0.904109589041096,68.2,55.7,-0.6049961750521654,2.6000000000000085,3.0,0.4451468896991766,C,1.0,0.0357142857142857,0.0665901262916188,0.5363300492610837,0.044378698224852,0.0806754221388367,0.0,0.0845070422535211,0.0,0.1666666666666666,0.0409380131362889,0.0633180252583237,1.0,0,0.0644834262969585,0.0706031923418278,0.0802010314792535,0.7,0.0,0.4005809182629094,19.6,6.851385997953026
2026022806020109,2026,228,06,コスモエルヴァル,2023106426,3,1,1150,石川裕紀,1133,570,494.0,4.0,1.0,1812,8,2,4,2,2,2200,18,1,1,0,8,2,1,ダノンバラード,ヴァニティールールズ,ディープインパクト,New Approach,1,0,2,0,0,0,0,1,0,0,0,0,1,3,2,1,1,0,2,484,172,152,669,639,15448,292,2026-02-28,2026-02-01 00:00:00,3.857142857142857,570.0,0.0,6.666666666666667,813.3333333333334,5,1,0.1666666666666666,11.0,1563.0,3,0.25,0.25,0.0,0,1,0,0.056269113149847,0.0964360587002096,0.0607876712328767,1405800,33985600,11502,278064,2530000,20700,6600,1086800.0,11.571428571428571,1,3,1710,1.0,1.0,0.0,0.0,4.0,2.125,1,0,0,4.147288270665541,0.0666666666666666,-0.0152674501409006,0.1666666666666666,0.1428571428571428,0.1428571428571428,7.875,1014.0625,6.333333333333334,822.6049382716051,4.402909637319855,628.0486988593675,515.0,1545.0,570.0,0.0,0.0,11.571428571428571,0.0,0.0,2.0,0.0,0.0,0.0,0.0,1.0,1.0,0.0,0.0868094701240135,0.0598859315589353,0.0269235385650781,43.999996000000365,2.0,0.5,0.5,1.5275252316519463,11.0,1.0,1,0.0540766503912781,41.20877533275366,59804.0,1,0,1,0,15,53.7,0.0,0.2524699340289262,0.0,0.0,0.9384615384615383,66.9,0.0,-0.4014856839684216,4.200000000000003,0.0,0.2906537072934313,D,1.0,0.1875,0.0926251097453906,2.0242890995260665,0.1058917197452229,0.0763209393346379,0.0,0.0911949685534591,0.3333333333333333,0.6666666666666666,0.5640625,0.2185250219490781,1.0,0,0.0644834262969585,0.0706031923418278,0.03125,1.0,0.0,0.04287599574537175,181.2,6.76913042906136
2026041806030704,2026,418,06,メディチパワー,2023100419,3,1,1162,木幡巧也,1081,570,474.0,0.0,0.0,109,5,2,1,3,3,1800,24,1,0,1,13,3,7,フィレンツェファイア,トレミエール,Poseidon's Warrior,ハーツクライ,0,0,0,1,0,1,0,0,0,0,1,0,0,2,3,0,1,1,1,533,176,182,700,735,8810,169,2026-04-18,2026-04-04 00:00:00,2.0,570.0,0.0,4.0,146.0,4,0,0.0,2.0,185.0,3,0.25,0.0,0.3333333333333333,0,1,0,0.0420475319926873,0.0685033507073715,0.0407055630936228,1323000,15858000,17640,211440,2091600,27888,5400,853200.0,6.0,0,14,1710,1.0,1.0,0.0,0.0,0.0,-0.75,0,0,0,1.1547005383792517,0.046816479400749,-0.0351176374068182,0.5,0.2,0.25,3.125,216.125,3.333333333333333,275.88888888888897,3.332081141998497,370.70022539444017,515.0,1545.0,570.0,0.0,0.0,6.0,0.0,0.0,4.0,1.0,1.0,0.0,0.0,0.0,1.0,0.0,0.0611861861861861,0.0753604193971166,-0.0141742332109304,59.22221564197604,1.0,0.0,0.0,0.5773502691896257,24.0,0.0,1,0.0540766503912781,41.20877533275366,59804.0,1,0,1,0,12,0.0,0.0,0.0,0.0,0.0,0.0,70.0,53.5,-0.8867799319373494,1.0,5.0,0.4324689186518273,C,1.0,0.0263157894736842,0.0858856962425008,0.3064047987616098,0.0798771121351766,0.0900804289544235,0.0,0.0891089108910891,0.0,0.1111111111111111,0.0,0.0505104725818334,1.0,0,0.0644834262969585,0.0706031923418278,0.09375,1.0,0.0,0.6996894009865576,10.9,6.626614470753478
2026041803010309,2026,418,03,キンググローリー,2023100021,3,1,1221,舟山瑠泉,1079,570,462.0,10.0,-1.0,112,5,2,1,5,5,2000,17,1,1,0,9,1,3,ダノンプレミアム,ハーフムーン２,ディープインパクト,Duke of Marmalade,2,0,0,0,0,0,0,2,0,0,0,0,1,4,2,1,2,0,1,479,164,157,645,640,9894,292,2026-04-18,2026-03-29 00:00:00,2.857142857142857,570.0,0.0,4.333333333333333,135.66666666666666,7,1,0.125,1.0,75.0,3,0.5,0.6666666666666666,0.0,0,2,0,0.0675675675675675,0.0629865534324133,0.0957446808510638,1280000,19788000,10880,168198,2442000,20757,6000,924000.0,8.571428571428571,3,12,1710,1.0,1.0,0.0,0.0,-10.0,1.03125,0,0,1,3.16227766016837,0.0845070422535211,0.0025729254459538,0.2857142857142857,0.2857142857142857,0.25,2.9375,122.3125,3.617283950617285,134.66803840877918,4.013933474489448,141.13734836113457,515.0,1545.0,570.0,0.0,0.0,8.571428571428571,0.0,0.0,4.0,1.0,1.0,0.0,0.0,0.0,0.0,1.0,0.0744908896034298,0.0616136919315403,0.0128771976718894,47.89999521000048,2.0,0.5,0.5,1.0,18.0,1.0,0,0.1286250939143501,37.26016528925619,13310.0,1,0,1,0,21,51.4,51.4,0.4876233758261912,-5.100000000000001,1.0,0.9460916442048516,64.5,55.6,-0.0257740081215082,8.899999999999999,2.0,0.3684706065580533,C,1.0,0.0697674418604651,0.1103343465045592,0.6323275033634441,0.1219653179190751,0.0974358974358974,0.0,0.0,0.2,0.3333333333333333,0.1652928124235083,0.1772340425531914,1.0,0,0.0644834262969585,0.0706031923418278,0.0196078431372549,1.0,0.0,0.6796707372871392,11.2,6.612312257615959
2026011206010503,2026,112,06,ジェイエルモーダル,2023106313,3,1,1075,田辺裕信,405,570,456.0,2.0,-1.0,117,6,2,1,1,1,1800,24,1,0,1,16,1,5,デクラレーションオブウォー,ジェイエルノブレス,War Front,ヨハネスブルグ,0,0,0,1,0,0,0,0,0,0,1,0,0,2,1,2,1,0,1,475,161,157,638,660,6322,220,2026-01-12,2025-12-20 00:00:00,3.2857142857142856,560.0,10.0,5.0,475.0,3,0,0.0,6.0,288.0,2,0.3333333333333333,0.0,0.5,0,1,0,0.1011764705882353,0.0452830188679245,0.0989707046714172,1188000,11379600,15840,151728,1935000,25800,5400,820800.0,9.857142857142858,0,10,1710,1.6422333380569831,0.4627906976744186,0.1395348837209302,0.4186046511627907,-2.0,-3.5,0,1,0,4.163331998932273,0.0561797752808988,-0.0257543415266684,0.25,0.2,0.25,5.25,428.25,4.888888888888889,493.33333333333337,4.512396694214876,560.4545454545454,515.0,1545.0,560.0,10.0,0.0,9.857142857142858,0.0,0.0,1.0,0.0,0.0,0.0,0.0,1.0,1.0,0.0,0.0551495016611295,0.0763076923076923,-0.0211581906465627,52.7777719135809,1.0,0.0,0.5,0.5773502691896258,24.0,0.0,2,0.1271399798590131,33.10866062437059,15888.0,1,0,1,0,9,0.0,0.0,0.0,0.0,0.0,0.0,63.8,53.4,0.0838085640005082,-0.9000000000000057,11.0,0.5249444164500149,B,0.0,0.0,0.100790132973598,0.0,0.0797507788161993,0.1102120535714285,0.0941176470588235,0.0941176470588235,0.0,0.0,0.0,0.0672168501241313,0.0,0,0.0644834262969585,0.0706031923418278,0.0,0.7,0.0,0.6402959676075733,11.7,6.491462821008608
2026022205010805,2026,222,05,スミッコディスコ,2023100169,3,1,1092,津村明秀,1179,570,444.0,10.0,-1.0,382,7,1,4,5,5,1600,11,1,1,0,12,1,8,ダノンプレミアム,エレクトロワールド,ディープインパクト,Into Mischief,1,0,1,0,0,0,1,0,0,0,0,0,2,1,2,2,1,1,1,485,166,160,653,640,2994,292,2026-02-22,2026-01-31 00:00:00,3.142857142857143,570.0,0.0,4.0,242.0,6,1,0.1428571428571428,6.0,551.0,3,0.25,0.3333333333333333,0.0,1,0,0,0.0749601275917065,0.059322033898305,0.0687079910380881,1024000,4790400,7040,32934,1747200,12012,4800,710400.0,9.428571428571429,16,8,1710,1.0,1.0,0.0,0.0,-10.0,3.9375,1,0,1,10.7144761887831,0.0732356857523302,-0.008698431055237,0.25,0.1666666666666666,0.1428571428571428,4.34375,310.75,3.9835390946502063,231.90534979423867,3.609049307362264,164.4497457327182,515.0,1545.0,570.0,0.0,0.0,9.428571428571429,0.0,0.0,2.0,0.0,0.0,0.0,0.0,1.0,0.0,1.0,0.08,0.0671607225567392,0.0128392774432607,60.62499242187595,1.0,1.5,0.5,1.1547005383792517,11.0,0.0,1,0.0540766503912781,41.20877533275366,59804.0,1,0,1,0,18,51.5,51.5,0.4773993131393534,-3.700000000000003,2.0,0.8903743315508021,65.3,58.2,-0.151011233403812,-0.1000000000000085,7.0,0.6378529856589534,B,1.0,0.0,0.0789793438639125,0.0,0.0612244897959183,0.0888468809073724,0.0,0.0483870967741935,0.0,0.0,0.0,0.0157958687727825,1.0,0,0.0644834262969585,0.0706031923418278,0.0196078431372549,0.7,0.0,0.19096972470063417,38.2,6.295043483564226
2026011806010702,2026,118,06,デルマホダカ,2023101362,3,2,1161,菊沢一樹,1115,550,490.0,6.0,1.0,139,7,3,1,3,6,1800,24,1,0,1,16,1,7,ブリックスアンドモルタル,デルマサリーチャン,Giant's Causeway,ホワイトマズル,0,0,0,1,0,0,0,0,0,0,1,0,0,0,2,1,1,0,0,493,167,158,661,748,8602,84,2026-01-18,2025-12-28 00:00:00,3.0,550.0,0.0,8.0,2668.0,1,0,0.0,8.0,2668.0,1,0.5,0.0,0.5,0,1,0,0.0366581415174765,0.0870406189555125,0.0328867235079171,1346400,15483600,17952,206448,2089800,27864,5400,882000.0,9.0,0,0,1650,1.0,1.0,0.0,0.0,6.0,0.0,0,0,0,0.0,0.046816479400749,-0.0351176374068182,0.3333333333333333,0.5,0.5,8.0,2668.0,8.0,2668.0,8.0,2668.0,495.0,1485.0,550.0,0.0,0.0,9.0,0.0,0.0,1.0,0.0,0.0,0.0,0.0,1.0,1.0,0.0,0.0551495016611295,0.0763076923076923,-0.0211581906465627,54.77777169135871,1.0,0.0,0.25,0.0,17.0,1.0,2,0.1271399798590131,33.10866062437059,15888.0,1,0,1,0,3,52.4,52.4,0.3853827489578153,-1.7000000000000028,4.0,0.936,66.1,55.6,-0.2762484586861157,1.0,3.0,0.5373497501329246,B,1.0,0.0,0.1162514827995255,0.0,0.1182557280118255,0.1139455782312925,0.0,0.1111111111111111,0.0,0.0,0.0,0.0232502965599051,1.0,0,0.0644834262969585,0.0706031923418278,0.0238095238095238,1.0,0.0,0.5220465219616452,13.9,6.256446655266869
2026032106020705,2026,321,06,ティラーノ,2023101855,3,1,1197,佐々木大,1171,570,462.0,4.0,-1.0,241,4,2,6,5,7,2200,18,1,1,0,13,2,7,ゴールドシップ,モハー,ステイゴールド,バトルプラン,1,0,1,0,0,0,0,1,0,0,0,0,0,2,3,2,1,0,1,510,174,166,692,526,13552,276,2026-03-21,2026-01-31 00:00:00,7.0,570.0,0.0,11.0,319.6666666666667,5,0,0.0,14.0,577.0,2,0.3333333333333333,0.3333333333333333,0.0,0,1,0,0.0848259547144305,0.0360987967067764,0.0699708454810495,1157200,29814400,9468,243936,2633400,21546,6600,1016400.0,21.0,0,14,1710,1.0,1.0,0.0,0.0,-4.0,-1.0,0,0,0,2.966479394838267,0.0758293838862559,-0.0061047329213113,0.1428571428571428,0.2,0.2,10.9375,555.875,10.51851851851852,626.8271604938273,10.66948978894884,651.0230175534455,515.0,1545.0,570.0,0.0,1.0,21.0,0.0,0.0,3.0,0.0,1.0,0.0,0.0,0.0,0.0,1.0,0.0868094701240135,0.0598859315589353,0.0269235385650781,46.36363214876072,2.0,0.0,1.0,0.577350269189626,23.0,1.0,1,0.0540766503912781,41.20877533275366,59804.0,1,0,1,0,15,53.2,53.2,0.3035902474631142,-14.299999999999995,0.0,0.9664948453608248,69.2,55.6,-0.7615427066550456,-1.5,6.0,0.6366430532735686,B,1.0,0.119047619047619,0.0478260869565217,2.489177489177489,0.0382608695652173,0.057391304347826,0.0,0.0192307692307692,0.25,0.4,0.5041666666666667,0.1295652173913043,1.0,0,0.0644834262969585,0.0706031923418278,0.025,1.0,0.0,0.29967652056560906,24.1,6.222204145631179
2026030709010512,2026,307,09,ジャスパーノベル,2022110113,4,2,1223,和田陽希,427,530,452.0,8.0,-1.0,1001,14,2,11,8,16,1200,24,1,0,2,16,1,5,Vekoma,Flatter Me Owen,Candy Ride,Flatter,0,0,0,0,0,1,0,0,0,0,0,0,0,6,1,2,1,1,1,464,159,154,633,361,325,19,2026-03-07,2026-02-07 00:00:00,4.0,530.0,0.0,11.0,627.3333333333334,10,1,0.0909090909090909,15.0,549.0,3,0.25,0.0,0.0,0,0,0,0.0349344978165938,0.0937829293993677,0.0303030303030303,433200,390000,8664,7800,1467600,29352,4800,542400.0,16.0,0,30,2120,1.0,1.0,0.0,0.0,-8.0,-5.7578125,0,1,0,8.318653737234175,0.089058524173028,0.0071244073654606,0.125,0.0909090909090909,0.2,11.201171875,498.19921875,10.28557638571356,483.7376924249353,8.679210251403322,383.0256291775388,475.0,1900.0,530.0,0.0,0.0,16.0,0.0,0.0,3.0,0.0,1.0,0.0,0.0,0.0,0.0,1.0,0.0675718345437322,0.0804567869192836,-0.0128849523755514,77.33332044444658,0.0,0.0,0.0,1.1547005383792517,24.0,0.0,1,0.0540766503912781,41.20877533275366,59804.0,0,1,0,0,40,0.0,0.0,0.0,0.0,0.0,0.0,63.3,52.4,0.1620818298019484,9.9,9.0,0.3547273867025568,C,2.0,0.1470588235294117,0.1348926626081384,1.0901914209864467,0.1304613504430186,0.1397777029302795,0.2,0.0895765472312703,0.2,0.25,0.4110608495179544,0.2019785325216276,2.0,0,0.0644834262969585,0.0706031923418278,0.0802010314792535,0.7,0.0,0.07182170676461547,100.1,6.189352847138008
2026020105010209,2026,201,05,マテンロウネイビー,2023105153,3,1,660,横山典弘,1092,570,464.0,0.0,0.0,282,9,2,12,8,11,1800,11,1,1,0,12,1,2,ヴァンセンヌ,ショウナンアオバ,ディープインパクト,キングカメハメハ,1,0,0,0,0,0,1,0,0,0,0,0,0,1,1,0,1,0,0,470,157,158,635,859,6018,292,2026-02-01,2025-11-16 00:00:00,11.0,560.0,10.0,1.0,145.0,1,1,0.5,1.0,145.0,1,0.5,0.5,0.0,1,0,0,0.1109503135552339,0.1046683046683046,0.1208333333333333,1546200,10832400,9449,66198,1188000,7260,5400,835200.0,33.0,0,2,1710,1.1250770507187415,0.581081081081081,0.0945945945945946,0.2972972972972973,0.0,0.0,0,0,0,0.0,0.0763888888888889,-0.0055452279186784,0.5,0.5,0.5,1.0,145.0,1.0,145.0,1.0,145.0,515.0,1545.0,560.0,10.0,2.0,33.0,0.0,0.0,2.0,0.0,0.0,0.0,0.0,1.0,0.0,1.0,0.08,0.0671607225567392,0.0128392774432607,52.222216419753735,1.0,0.0,0.0,0.0,11.0,0.0,0,0.1286250939143501,37.26016528925619,13310.0,1,0,1,0,3,0.0,0.0,0.0,0.0,0.0,0.0,0.0,0.0,0.0,0.0,0.0,0.0,C,2.0,0.1875,0.1555747623163353,1.2052083333333332,0.1539272535582498,0.1575603557814485,0.1574803149606299,0.1574803149606299,0.0,0.3333333333333333,0.4505432524059492,0.209855109943582,2.0,0,0.0644834262969585,0.0706031923418278,0.125,1.0,0.0,0.25370499371364186,28.2,6.1544808227247
2026022110010909,2026,221,10,ベルフラム,2023106107,3,2,1152,小崎綾也,1206,550,418.0,0.0,0.0,1328,10,3,9,2,2,1200,17,1,1,0,10,1,9,リアルスティール,ブレイジング,ディープインパクト,パイロ,1,0,0,0,0,0,1,0,0,0,0,0,0,0,4,1,1,0,0,496,171,162,690,813,11417,292,2026-02-21,2025-11-16 00:00:00,13.857142857142858,550.0,0.0,7.666666666666667,362.6666666666667,3,1,0.25,15.0,522.0,1,0.5,0.5,0.0,1,0,0,0.03243917654398,0.0555555555555555,0.0493827160493827,975600,13700400,13821,194089,1382400,19584,3600,501600.0,41.57142857142857,0,0,1650,1.0,1.0,0.0,0.0,0.0,2.0,0,0,0,3.0550504633039,0.056580565805658,-0.0253535510019092,0.25,0.3333333333333333,0.25,9.5,402.5,7.0,343.7777777777778,4.43801652892562,282.198347107438,495.0,1485.0,550.0,0.0,3.0,41.57142857142857,1.0,0.0,2.0,0.0,0.0,0.0,0.0,1.0,1.0,0.0,0.0700298705609027,0.0643879173290938,0.0056419532318089,82.66665288889118,0.0,0.0,0.0,0.0,17.0,0.0,0,0.1286250939143501,37.26016528925619,13310.0,1,0,1,0,9,0.0,0.0,0.0,0.0,0.0,0.0,69.0,0.0,-0.7302334003344692,16.4,0.0,0.228701525823578,D,2.0,0.1739130434782608,0.0730994152046783,2.3791304347826085,0.0628571428571428,0.0838323353293413,0.3333333333333333,0.0,0.3333333333333333,0.2857142857142857,0.7605072463768117,0.2812865497076023,2.0,0,0.0644834262969585,0.0706031923418278,0.1296296296296296,0.1,0.0,0.05357193774020058,132.8,6.114353331898638
2026021505010611,2026,215,05,ガリレア,2023100681,3,1,1077,石橋脩,1080,570,448.0,10.0,1.0,966,8,1,7,3,3,1800,11,1,1,0,9,1,6,モズアスコット,ゴールドテーラー,Frankel,ステイゴールド,1,1,0,0,0,0,1,0,0,0,0,0,2,3,2,0,1,1,0,414,141,141,554,799,5199,76,2026-02-15,2025-11-15 00:00:00,13.142857142857142,560.0,10.0,3.333333333333333,286.3333333333333,4,1,0.2,7.0,191.0,2,0.3333333333333333,0.3333333333333333,0.0,1,0,0,0.0685538881309686,0.0466623460790667,0.0593385214007782,1438200,9358200,8789,57189,1938600,11847,5400,806400.0,39.42857142857143,12,18,1710,1.0,1.0,0.0,0.0,10.0,-0.75,0,0,1,3.415650255319862,0.08206106870229,0.0001269518947227,0.1666666666666666,0.1428571428571428,0.1428571428571428,4.75,349.875,4.407407407407408,449.00000000000006,4.430503380916604,586.7160030052592,515.0,1545.0,560.0,10.0,3.0,39.42857142857143,1.0,0.0,2.0,0.0,0.0,0.0,0.0,1.0,1.0,0.0,0.08,0.0671607225567392,0.0128392774432607,45.99999488888946,1.0,1.5,0.0,0.5773502691896257,18.0,1.0,0,0.1286250939143501,37.26016528925619,13310.0,1,0,1,0,12,0.0,0.0,0.0,0.0,0.0,0.0,55.4,55.4,1.3987994294647017,-0.5,0.0,0.4532983166927204,C,1.0,0.0,0.0702641933670601,0.0,0.0665083135391924,0.0736392742796158,0.0,0.0436893203883495,0.0,0.0,0.0,0.014052838673412,1.0,0,0.0644834262969585,0.0706031923418278,0.06,0.7,0.0,0.07356870445012742,96.6,6.106736849882308
2026021508020611,2026,215,08,バビット,2017103000,9,1,1213,高杉吏麒,1138,570,472.0,10.0,1.0,801,9,1,12,5,5,2200,18,2,1,0,12,2,6,ナカヤマフェスタ,アートリョウコ,ステイゴールド,タイキシャトル,3,2,1,0,0,0,0,4,0,0,0,0,15,9,1,0,4,2,1,527,181,171,711,687,1999,276,2026-02-15,2025-11-22 00:00:00,12.142857142857142,570.0,0.0,9.0,486.6666666666667,22,4,0.1739130434782608,12.0,387.0,7,0.5,0.4285714285714285,0.0,0,4,0,0.0918499353169469,0.0712545676004872,0.0705882352941176,1511400,4397800,12366,35982,2668600,21834,19800,1038400.0,109.28571428571428,90,54,5130,2.1010045829851416,1.145,0.125,0.2,10.0,-4.697754859924316,0,1,1,5.403702434442504,0.1020408163265306,0.0201066995189633,0.2222222222222222,0.1578947368421052,0.1818181818181818,10.697193145751951,437.7301239967346,10.315689736275154,440.9576264770991,9.9930855744232,443.44051864951626,515.0,4635.0,570.0,0.0,3.0,109.28571428571428,0.0,0.0,2.0,0.0,0.0,0.0,0.0,1.0,0.0,1.0,0.0678233438485804,0.0973871733966745,-0.0295638295480941,47.909086553719405,2.0,7.5,0.0,0.0,17.0,1.0,0,0.1286250939143501,37.26016528925619,13310.0,5,0,0,1,198,0.0,0.0,0.0,0.0,0.0,0.0,0.0,0.0,0.0,0.0,0.0,0.0,C,2.0,0.0769230769230769,0.0924932975871313,0.8316610925306578,0.083232810615199,0.0979418026969481,0.0,0.0666666666666666,0.0,0.1428571428571428,0.1557506503158677,0.0613558023745691,2.0,0,0.0644834262969585,0.0706031923418278,0.0769230769230769,1.0,0.0,0.08819974954360263,80.1,6.06479993844257
2026022809010305,2026,228,09,フウセン,2023104552,3,1,666,武豊,1157,570,450.0,12.0,-1.0,196,5,3,4,8,14,1800,18,1,1,0,14,1,3,コントレイル,フリートバーティー,ディープインパクト,Afleet Alex,0,0,2,0,0,0,0,0,0,0,0,0,0,0,3,0,0,0,2,521,173,169,713,516,11105,292,2026-02-28,2026-02-01 00:00:00,3.857142857142857,570.0,0.0,3.0,64.5,2,0,0.0,3.0,42.0,2,0.0,0.0,0.0,0,0,0,0.1440794921335909,0.1348837209302325,0.1352757544224765,928800,19989000,9288,199890,1198800,11988,5400,810000.0,11.571428571428571,0,0,1710,1.0,1.0,0.0,0.0,-12.0,0.0,0,0,1,0.0,0.0744920993227991,-0.0074420174847682,0.3333333333333333,0.25,0.25,3.0,64.5,3.0,72.0,3.0,78.81818181818181,515.0,1545.0,570.0,0.0,0.0,11.571428571428571,0.0,0.0,2.0,0.0,0.0,0.0,0.0,1.0,0.0,1.0,0.0907103825136612,0.073234524847428,0.0174758576662331,57.888882456790846,1.0,0.0,0.0,0.0,17.0,1.0,1,0.0540766503912781,41.20877533275366,59804.0,1,0,1,0,6,53.4,52.7,0.4404592417104477,0.6999999999999957,2.0,0.9133858267716536,71.3,58.0,-1.0902904230210932,2.700000000000003,7.0,0.4293799238784395,C,2.0,0.2702702702702703,0.1800295130349237,1.5012553537143702,0.1945743685687558,0.1639004149377593,0.1884057971014492,0.1884057971014492,0.3333333333333333,0.6,0.6212415373320577,0.3102088011577094,2.0,0,0.0644834262969585,0.0706031923418278,0.1204819277108433,0.7,0.0,0.3479533314359776,19.6,5.819885296145162
2026010406010105,2026,104,06,ナイスプレーアスク,2023105420,3,2,1160,荻野極,1027,550,444.0,8.0,1.0,132,6,1,2,3,5,1600,18,1,1,0,16,1,1,アドマイヤマーズ,エンジェルドンキ,ダイワメジャー,ディープインパクト,1,1,0,0,0,0,1,0,0,0,0,0,2,1,2,0,1,1,0,508,172,166,684,396,3024,285,2026-01-04,2025-09-28 00:00:00,14.0,550.0,0.0,7.0,314.0,1,0,0.0,7.0,314.0,2,0.3333333333333333,0.3333333333333333,0.0,1,0,0,0.0728729492560091,0.0766839378238342,0.1009463722397476,633600,4838400,7128,54432,1856000,20880,4800,710400.0,42.0,2,1,1650,1.0,1.0,0.0,0.0,8.0,0.0,0,0,0,0.0,0.0825035561877667,0.0005694393801994,0.2,0.2,0.2,7.0,314.0,7.0,314.0,7.0,314.0,495.0,1485.0,550.0,0.0,3.0,42.0,1.0,0.0,1.0,0.0,0.0,0.0,0.0,1.0,1.0,0.0,0.0797101449275362,0.0594214229867083,0.0202887219408278,63.499992062501,1.0,1.5,0.0,0.0,17.0,1.0,1,0.0540766503912781,41.20877533275366,59804.0,1,0,1,0,3,72.6,0.0,-1.6798779137833768,0.0,0.0,0.9147727272727276,68.4,0.0,-0.6363054813727419,14.100000000000009,0.0,0.1824446509746132,D,1.0,0.0,0.1142186936124143,0.0,0.1089067116926973,0.1181846832650488,0.1220338983050847,0.1220338983050847,0.0,0.0,0.0,0.0838606878750252,1.0,0,0.0644834262969585,0.0706031923418278,0.0652173913043478,0.7,0.0,0.5140261208052407,13.2,5.7851447946291765
2026021508020605,2026,215,08,シルバーリム,2023106808,3,2,1125,国分優作,1186,550,452.0,0.0,0.0,146,5,2,4,2,2,2000,17,2,1,0,15,2,6,シルバーステート,ヒカルアモーレ,ディープインパクト,クロフネ,1,0,0,0,0,0,0,1,0,0,0,0,1,1,1,0,1,0,0,489,167,154,664,570,10239,292,2026-02-15,2025-12-13 00:00:00,9.142857142857142,550.0,0.0,7.0,164.0,1,0,0.0,7.0,164.0,1,0.5,0.5,0.0,0,1,0,0.0299591466182478,0.08130081300813,0.0323741007194244,1140000,20478000,9690,174063,2250000,19125,6000,904000.0,27.428571428571427,6,6,1650,0.7469659352508435,0.3576388888888889,0.0625,0.2152777777777778,0.0,0.0,0,0,0,0.0,0.0825688073394495,0.0006346905318822,0.3333333333333333,0.3333333333333333,0.3333333333333333,7.0,164.0,7.0,164.0,7.0,164.0,495.0,1485.0,550.0,0.0,2.0,27.428571428571427,0.0,0.0,2.0,0.0,0.0,0.0,0.0,1.0,1.0,0.0,0.0746812386156648,0.0772471910112359,-0.0025659523955711,48.89999511000049,2.0,0.5,0.0,0.0,11.0,1.0,0,0.1286250939143501,37.26016528925619,13310.0,1,0,1,0,3,0.0,0.0,0.0,0.0,0.0,0.0,66.4,0.0,-0.3232124181669815,3.4000000000000057,0.0,0.3055729711367962,D,2.0,0.0434782608695652,0.1091703056768559,0.3982608695652174,0.1121495327102803,0.1065573770491803,0.0,0.1044776119402985,0.0,0.3333333333333333,0.0109130434782608,0.1218340611353711,2.0,0,0.0644834262969585,0.0706031923418278,0.0519480519480519,0.7,0.0,0.46172631795830854,14.6,5.741204242191304
2026042503010502,2026,425,03,フィラーエ,2023102025,3,2,1124,国分恭介,1135,550,446.0,6.0,-1.0,143,4,2,1,6,11,1200,17,1,1,0,16,1,5,ノーブルミッション,イシス,Galileo,キングヘイロー,0,0,1,0,0,0,0,0,0,0,0,0,0,3,1,1,0,0,1,396,140,122,554,703,2065,83,2026-04-25,2026-02-21 00:00:00,9.0,550.0,0.0,6.666666666666667,403.6666666666667,5,0,0.0,7.0,135.0,1,0.0,0.0,0.0,0,0,0,0.0394671928959052,0.0439560439560439,0.0625,843600,2478000,11951,35105,1348800,19108,3600,535200.0,27.0,0,15,1650,1.0,1.0,0.0,0.0,-6.0,0.875,0,0,0,4.147288270665543,0.0621931260229132,-0.019740990784654,0.2,0.2,0.1666666666666666,6.375,318.3125,5.790123456790123,293.64197530864203,4.85957243357694,226.9117546615668,495.0,1485.0,550.0,0.0,2.0,27.0,0.0,0.0,4.0,1.0,1.0,0.0,0.0,0.0,0.0,1.0,0.0744908896034298,0.0616136919315403,0.0128771976718894,65.99998900000183,0.0,0.0,0.0,0.5773502691896258,17.0,0.0,1,0.0540766503912781,41.20877533275366,59804.0,1,0,1,0,15,0.0,0.0,0.0,0.0,0.0,0.0,55.4,51.8,1.3987994294647017,-9.699999999999996,8.0,0.6907983166927204,A,2.0,0.0405405405405405,0.0577008433200177,0.7025987525987526,0.0657065706570657,0.0499124343257443,0.0,0.0,0.0,0.3333333333333333,0.1255623340743181,0.1403905903240124,2.0,0,0.0644834262969585,0.0706031923418278,0.0,0.7,0.0,0.4705073891218118,14.3,5.7282556644419085
2026012408010805,2026,124,08,パウンドフォーワン,2023106716,3,1,1170,横山武史,1180,570,486.0,4.0,-1.0,158,5,3,4,6,11,2200,18,1,1,0,18,1,8,コントレイル,マダムクレアシオン,ディープインパクト,Invincible Spirit,1,0,0,0,0,0,0,0,1,0,0,0,0,2,1,1,1,0,1,448,156,144,614,516,12508,292,2026-01-24,2025-11-09 00:00:00,10.857142857142858,560.0,10.0,3.5,110.0,2,0,0.0,3.0,138.0,2,0.3333333333333333,0.5,0.0,0,0,1,0.1456912585244885,0.116580310880829,0.0615384615384615,1135200,27517600,9288,225144,2574000,21060,6600,1069200.0,32.57142857142857,0,16,1710,1.0,1.0,0.0,0.0,-4.0,1.0,0,0,0,1.4142135623730951,0.0686274509803921,-0.0133066658271751,0.5,0.3333333333333333,0.25,3.5,110.0,3.666666666666667,100.66666666666669,3.818181818181818,92.18181818181816,515.0,1545.0,560.0,10.0,2.0,32.57142857142857,0.0,0.0,1.0,0.0,0.0,0.0,0.0,1.0,0.0,1.0,0.0673352435530086,0.0847826086956521,-0.0174473651426435,40.72726902479373,2.0,0.0,0.5,1.4142135623730951,17.0,1.0,0,0.1286250939143501,37.26016528925619,13310.0,1,0,1,0,6,0.0,0.0,0.0,0.0,0.0,0.0,0.0,0.0,0.0,0.0,0.0,0.0,C,2.0,0.25,0.1840942562592047,1.358,0.1677215189873417,0.1983471074380165,0.3333333333333333,0.2682926829268293,0.3333333333333333,0.0,0.6558833333333334,0.3034855179185076,2.0,0,0.0644834262969585,0.0706031923418278,0.1204819277108433,1.0,0.0,0.42295569018976004,15.8,5.682699904998209
2026012406010805,2026,124,06,キンググローリー,2023100021,3,1,1179,菅原明良,1079,570,474.0,6.0,1.0,174,6,3,9,4,7,2200,18,1,1,0,18,1,8,ダノンプレミアム,ハーフムーン２,ディープインパクト,Duke of Marmalade,2,0,0,0,0,0,0,2,0,0,0,0,1,4,2,1,2,0,1,479,164,157,645,640,9894,292,2026-01-24,2026-01-05 00:00:00,2.7142857142857144,570.0,0.0,4.333333333333333,139.33333333333334,4,0,0.0,5.0,295.0,3,0.5,0.6666666666666666,0.0,0,2,0,0.0808792146820315,0.0629865534324133,0.0695296523517382,1408000,21766800,11520,178092,2593800,21222,6600,1042800.0,8.142857142857142,8,32,1710,1.0,1.0,0.0,0.0,6.0,2.25,1,0,0,5.416025603090635,0.0804020100502512,-0.001532106757316,0.2857142857142857,0.2857142857142857,0.25,4.5,188.5,4.333333333333334,164.62962962962965,4.181818181818182,151.2096168294515,515.0,1545.0,570.0,0.0,0.0,8.142857142857142,0.0,0.0,1.0,0.0,0.0,0.0,0.0,1.0,1.0,0.0,0.0797101449275362,0.0594214229867083,0.0202887219408278,43.54545058677722,2.0,0.5,0.5,0.5773502691896258,17.0,1.0,0,0.1286250939143501,37.26016528925619,13310.0,1,0,1,0,12,51.4,51.4,0.4876233758261912,-5.100000000000001,1.0,0.9460916442048516,64.5,55.6,-0.0257740081215082,8.899999999999999,2.0,0.3684706065580533,C,1.0,0.0,0.1105990783410138,0.0,0.1226635514018691,0.0972132209980557,0.0,0.1212121212121212,0.0,0.0,0.0,0.0221198156682027,1.0,0,0.0644834262969585,0.0706031923418278,0.0196078431372549,1.0,0.0,0.37967665408681134,17.4,5.606373781110516
2026020105010211,2026,201,05,ケイアイドリー,2017101560,9,1,1135,杉原誠人,1210,570,524.0,9.0,-1.0,2847,16,3,16,6,11,1400,23,1,0,1,16,1,2,エスポワールシチー,アルヴェナ,ゴールドアリュール,Seeking the Gold,0,0,0,5,3,1,0,0,0,6,1,0,3,13,3,1,8,6,4,473,165,155,651,433,1797,258,2026-02-01,2024-08-14 00:00:00,76.57142857142857,550.0,20.0,6.0,0.0,27,8,0.2857142857142857,3.0,0.0,18,0.4210526315789473,0.0,0.5,6,1,0,0.0392918825561312,0.04,0.0290697674418604,606200,2515800,9959,41331,1589000,26105,12600,733600.0,689.1428571428571,6,26,5130,2.547239535672396,0.7166666666666667,0.2666666666666666,0.6333333333333333,-9.0,9.394152164459229,1,0,0,284.7511194007848,0.0669565217391304,-0.0149775950684368,0.2105263157894736,0.2758620689655172,0.375,5.082036912441254,0.072372943162918,5.316575431208736,1.0265224389704797,5.094291733505225,6.700817432524807,515.0,4635.0,550.0,20.0,3.0,689.1428571428571,1.0,0.0,2.0,0.0,0.0,0.0,0.0,1.0,0.0,1.0,0.0606701940035273,0.0690003365870077,-0.0083301425834804,67.57141891836872,0.0,3.0,0.0,1.1547005383792512,23.0,0.0,2,0.1271399798590131,33.10866062437059,15888.0,5,0,0,1,243,0.0,0.0,0.0,0.0,0.0,0.0,65.1,0.0,-0.1197019270832355,13.099999999999994,0.0,0.2465086937934056,D,2.0,0.0769230769230769,0.0425531914893617,1.807692307692308,0.043010752688172,0.0421052631578947,0.0,0.0,0.0,0.0,0.4426213857064922,0.0297872340425531,2.0,0,0.0644834262969585,0.0706031923418278,0.0833333333333333,0.4,0.0,0.022415782837771236,284.7,5.381773373913471
2026012410010109,2026,124,10,アンジュプロミス,2023102577,3,2,1190,古川奈穂,1075,550,448.0,4.0,-1.0,147,6,2,3,6,8,1200,17,1,1,0,12,1,1,ドレフォン,サンビスタ,Gio Ponti,スズカマンボ,2,1,2,0,0,0,2,0,0,0,0,0,4,3,0,0,2,1,2,391,140,123,542,685,5631,85,2026-01-24,2025-11-09 00:00:00,10.857142857142858,520.0,30.0,2.0,73.0,5,1,0.1666666666666666,1.0,35.0,5,0.3333333333333333,0.3333333333333333,0.0,2,0,0,0.0547945205479452,0.1086687306501548,0.055045871559633,822000,6757200,11645,95727,1428000,20230,3600,537600.0,32.57142857142857,4,3,1650,1.0,1.0,0.0,0.0,-4.0,-2.0,0,0,0,7.797435475847171,0.0526905829596412,-0.029243533847926,0.25,0.4,0.4,2.0625,51.0,2.580246913580248,53.41975308641976,3.161942490267057,48.888190697356734,495.0,1485.0,520.0,30.0,2.0,32.57142857142857,0.0,0.0,1.0,0.0,0.0,0.0,0.0,1.0,0.0,1.0,0.0700298705609027,0.0643879173290938,0.0056419532318089,65.16665580555737,0.0,4.0,0.0,0.5773502691896258,17.0,0.0,0,0.1286250939143501,37.26016528925619,13310.0,1,0,1,0,15,0.0,0.0,0.0,0.0,0.0,0.0,0.0,0.0,0.0,0.0,0.0,0.0,C,2.0,0.0476190476190476,0.1434084594010497,0.3320518734942846,0.1456628477905073,0.1404694167852062,0.0,0.0,0.0,0.2,0.0865107867241319,0.1603859215807348,2.0,0,0.0644834262969585,0.0706031923418278,0.056338028169014,0.7,0.0,0.4319938799982046,14.7,5.3503100359736075
2026011206010508,2026,112,06,コックオーヴァン,2023106405,3,2,1085,松岡正海,1031,550,452.0,2.0,-1.0,1300,11,3,11,8,11,1200,18,1,1,0,11,1,5,ウインブライト,コスモミール,ステイゴールド,ヘクタープロテクター,1,0,0,0,0,0,1,0,0,0,0,0,1,1,2,2,1,0,0,480,171,145,669,420,4964,276,2026-01-12,2025-12-13 00:00:00,4.285714285714286,550.0,0.0,9.333333333333334,496.0,5,1,0.1666666666666666,7.0,372.0,1,0.5,0.5,0.0,1,0,0,0.0400977995110024,0.0268310369833212,0.0389105058365758,504000,5956800,7560,89352,1302000,19530,3600,542400.0,12.857142857142858,5,5,1650,1.0,1.0,0.0,0.0,-2.0,-3.125,0,1,0,5.0199601592044605,0.0531177829099307,-0.0288163338976365,0.25,0.1666666666666666,0.1666666666666666,8.5,452.9375,7.320987654320987,384.962962962963,5.207499487739908,271.3101564100813,495.0,1485.0,550.0,0.0,1.0,12.857142857142858,0.0,0.0,1.0,0.0,0.0,0.0,0.0,1.0,0.0,1.0,0.0797101449275362,0.0594214229867083,0.0202887219408278,79.99998666666889,0.0,1.0,0.0,1.5275252316519463,18.0,0.0,0,0.1286250939143501,37.26016528925619,13310.0,1,0,1,0,15,0.0,0.0,0.0,0.0,0.0,0.0,0.0,0.0,0.0,0.0,0.0,0.0,C,1.0,0.0,0.0546075085324232,0.0,0.052863436123348,0.0561224489795918,0.0646766169154228,0.0646766169154228,0.0,0.0,0.0,0.043259810164196,1.0,0,0.0644834262969585,0.0706031923418278,0.0333333333333333,0.7,0.0,0.0481598129593582,130.0,5.260775684716566
2026021405010511,2026,214,05,フェーダーローター,2023106484,3,2,1184,原優介,1090,550,442.0,2.0,-1.0,3464,16,2,16,4,7,1600,11,1,1,0,16,1,5,ベンバトル,リープフラウミルヒ,Dubawi,ステイゴールド,1,0,0,0,0,0,1,0,0,0,0,0,0,3,1,2,1,0,0,496,161,170,664,759,14502,54,2026-02-14,2025-11-08 00:00:00,14.0,550.0,0.0,9.333333333333334,1439.6666666666667,3,1,0.25,15.0,645.0,1,0.5,0.5,0.0,1,0,0,0.0318489289740699,0.018,0.036077705827937,1214400,23203200,8349,159522,1894400,13024,4800,707200.0,42.0,0,15,1650,0.9241991067045358,11.103125,0.0625,0.25,-2.0,1.0,0,0,0,2.309401076758499,0.0646976090014064,-0.0172365078061608,0.1666666666666666,0.1666666666666666,0.1428571428571428,10.75,1241.0,10.555555555555555,1275.8888888888891,10.909090909090908,1236.5454545454545,495.0,1485.0,550.0,0.0,3.0,42.0,1.0,0.0,2.0,0.0,0.0,0.0,0.0,1.0,1.0,0.0,0.08,0.0671607225567392,0.0128392774432607,61.99999225000097,1.0,0.0,0.5,1.1547005383792517,11.0,0.0,0,0.1286250939143501,37.26016528925619,13310.0,1,0,1,0,9,51.4,51.4,0.4876233758261912,-16.1,3.0,0.9414893617021276,66.4,64.1,-0.3232124181669815,-0.8999999999999915,5.0,0.688128652931727,A,1.0,0.0555555555555555,0.0389425810119386,1.426601784266018,0.0336538461538461,0.0436893203883495,0.032520325203252,0.032520325203252,0.3333333333333333,0.0,0.3160301235007484,0.1240486788040137,1.0,0,0.0644834262969585,0.0706031923418278,0.0476190476190476,0.7,0.0,0.017849906531424833,346.4,5.183207622485562
2026012408010801,2026,124,08,アーネストアイズ,2023103292,3,2,1170,横山武史,1092,550,466.0,0.0,0.0,133,6,3,6,6,7,1800,24,1,0,1,12,1,8,ルヴァンスレーヴ,バーグアンノール,シンボリクリスエス,キングカメハメハ,0,0,0,1,0,0,0,0,0,0,1,0,0,2,3,0,1,0,1,474,163,154,642,823,10012,267,2026-01-24,2025-10-26 00:00:00,12.857142857142858,550.0,0.0,3.5,78.0,2,0,0.0,4.0,28.0,2,0.3333333333333333,0.0,0.5,0,1,0,0.1456912585244885,0.1046683046683046,0.0615384615384615,1481400,18021600,19752,240288,2106000,28080,5400,838800.0,38.57142857142857,0,16,1650,1.1030608236319173,0.8809859154929578,0.1126760563380281,0.3450704225352112,0.0,-4.0,0,1,0,5.656854249492381,0.0983412322274881,0.0164071154199208,0.5,0.2,0.3333333333333333,3.5,78.0,3.333333333333333,94.66666666666669,3.1818181818181817,109.8181818181818,495.0,1485.0,550.0,0.0,3.0,38.57142857142857,0.0,0.0,1.0,0.0,0.0,0.0,0.0,1.0,0.0,1.0,0.0625,0.0825410544511668,-0.0200410544511668,52.66666081481547,1.0,0.0,0.0,0.7071067811865476,24.0,0.0,2,0.1271399798590131,33.10866062437059,15888.0,1,0,1,0,6,0.0,0.0,0.0,0.0,0.0,0.0,64.2,0.0,0.0211899513593553,-3.299999999999997,0.0,0.4831180402479811,C,2.0,0.2,0.1555555555555555,1.2857142857142858,0.1538054968287526,0.1576605212968849,0.0,0.148036253776435,0.0,0.4,0.3845238095238095,0.1511111111111111,2.0,0,0.0644834262969585,0.0706031923418278,0.1967213114754098,1.0,0.0,0.46157905282163486,13.3,5.139001402527744
2026041209020611,2026,412,09,エレガンスアスク,2023106399,3,2,1174,岩田望来,1180,550,424.0,8.0,-1.0,1556,14,4,8,2,4,1600,18,1,1,0,18,2,6,ポエティックフレア,ネヴァーハーツ,Dawn Approach,ハーツクライ,1,0,0,0,0,0,1,0,0,0,0,0,0,2,0,1,1,0,0,484,165,158,662,767,9483,42,2026-04-12,2026-03-01 00:00:00,6.0,550.0,0.0,4.0,105.5,2,1,0.3333333333333333,7.0,179.0,1,0.5,0.5,0.0,1,0,0,0.1212061489948758,0.116580310880829,0.1282051282051282,1227200,15172800,13806,170694,1878400,21132,4800,678400.0,18.0,0,12,1650,1.0,1.0,0.0,0.0,-8.0,-1.0,0,0,0,1.4142135623730951,0.0912778904665314,0.0093437736589641,0.3333333333333333,0.3333333333333333,0.3333333333333333,4.0,105.5,3.0,81.0,2.090909090909091,58.72727272727273,495.0,1485.0,550.0,0.0,1.0,18.0,0.0,0.0,4.0,1.0,1.0,0.0,0.0,0.0,1.0,0.0,0.0877944325481798,0.0733113673805601,0.0144830651676197,60.49999243750095,1.0,0.0,0.25,0.0,18.0,0.0,0,0.1286250939143501,37.26016528925619,13310.0,1,0,1,0,6,51.3,51.3,0.5510004822212533,-2.3000000000000043,0.0,0.9313186813186816,66.2,63.7,-0.291903111846405,-0.2000000000000028,0.0,0.4700570066359332,C,2.0,0.1914893617021276,0.1838440111420612,1.0415860735009672,0.1686746987951807,0.1968911917098445,0.1428571428571428,0.144927536231884,0.3333333333333333,0.3,0.4012618587086672,0.2081973736569836,2.0,0,0.0644834262969585,0.0706031923418278,0.1153846153846153,0.4,0.0,0.03939137582932571,155.6,5.129298079043081
2026022810011107,2026,228,10,サンライズケヴィン,2023106546,3,1,1154,松若風馬,1082,570,490.0,14.0,1.0,117,5,2,1,6,8,1700,24,1,0,3,13,1,11,シニスターミニスター,カシュカシュ,Old Trieste,アフリート,0,0,0,0,2,0,0,0,0,0,2,0,0,6,0,0,2,2,0,488,164,162,664,563,3498,162,2026-02-28,2025-12-14 00:00:00,10.857142857142858,560.0,10.0,1.6666666666666667,81.66666666666667,4,1,0.2,1.0,36.0,4,0.4,0.0,0.0,0,2,0,0.0582471420794774,0.0642092746730083,0.0772797527047913,957100,5946600,13512,83952,1961800,27696,5100,833000.0,32.57142857142857,0,66,1710,1.4506378991299376,0.3822916666666666,0.1458333333333333,0.34375,14.0,-5.25,0,1,1,8.850612031567843,0.0820451843043995,0.0001110674968322,0.3333333333333333,0.3333333333333333,0.3333333333333333,2.375,65.875,3.7407407407407423,81.62962962962965,5.652141247182568,97.08640120210369,515.0,1545.0,560.0,10.0,2.0,32.57142857142857,0.0,0.0,2.0,0.0,0.0,0.0,0.0,1.0,0.0,1.0,0.0709219858156028,0.0746128578132332,-0.0036908719976303,57.411757951557895,1.0,0.0,0.0,0.0,24.0,0.0,1,0.0540766503912781,41.20877533275366,59804.0,1,0,1,0,12,60.1,60.1,0.0877800457950202,3.5,1.0,0.9616252821670428,66.4,54.6,-0.3232124181669815,4.6000000000000085,7.0,0.3597998891391512,C,2.0,0.032258064516129,0.1249256395002974,0.2582181259600614,0.1239041496201052,0.1259842519685039,0.0,0.0,0.0,0.2,0.0,0.0849851279000594,2.0,0,0.0644834262969585,0.0706031923418278,0.0597014925373134,1.0,0.0,0.5234949673873172,11.7,5.12489111843161
2026011808010703,2026,118,08,カフジクロミエ,2023110034,3,2,1212,柴田裕一,1039,530,464.0,2.0,-1.0,150,5,3,1,7,14,1400,24,1,0,1,16,1,7,Omaha Beach,Song of Solomon,War Front,Unbridled's Song,0,0,0,1,1,1,0,0,0,1,0,0,0,2,5,1,1,1,1,390,130,134,520,236,892,220,2026-01-18,2025-12-27 00:00:00,3.142857142857143,530.0,0.0,5.666666666666667,249.0,4,0,0.0,5.0,465.0,3,0.25,0.0,0.25,1,0,0,0.0417690417690417,0.0783302063789868,0.0526315789473684,330400,1248800,5664,21408,1696800,29088,4200,649600.0,9.428571428571429,0,14,1590,1.0,1.0,0.0,0.0,-2.0,-7.0,0,1,0,8.246211251235327,0.0802047781569965,-0.0017293386505707,0.2,0.125,0.2,6.0,293.625,6.185185185185187,249.22222222222223,6.447032306536437,211.41773102930125,475.0,1425.0,530.0,0.0,0.0,9.428571428571429,0.0,0.0,1.0,0.0,0.0,0.0,0.0,1.0,0.0,1.0,0.0625,0.0825410544511668,-0.0200410544511668,55.714277755103176,0.0,0.0,0.0,0.5773502691896258,24.0,0.0,1,0.0540766503912781,41.20877533275366,59804.0,1,0,1,0,12,51.6,51.6,0.5352088764339952,0.0,0.0,0.9616438356164384,52.0,52.0,1.9310576369144945,-17.299999999999997,0.0,0.6219327733059975,B,2.0,0.1111111111111111,0.1236702127659574,0.8984468339307048,0.1208368915456874,0.1259411362080766,0.0,0.0989473684210526,0.0,0.0,0.2034747112704101,0.0247340425531914,2.0,0,0.0644834262969585,0.0706031923418278,0.0802010314792535,1.0,0.0,0.4074653509055189,15.0,5.111980263582783
2026022205010801,2026,222,05,マルターズドン,2023100626,3,1,1197,佐々木大,1038,570,490.0,0.0,0.0,140,6,1,2,3,5,1400,23,1,0,1,16,1,8,ドレフォン,マルターズディオサ,Gio Ponti,キズナ,0,0,1,1,1,0,0,0,0,1,0,0,3,1,2,1,1,1,1,481,171,150,658,685,12697,85,2026-02-22,2025-12-20 00:00:00,9.142857142857142,540.0,30.0,7.333333333333333,122.0,4,0,0.0,11.0,165.0,3,0.25,0.0,0.3333333333333333,1,0,0,0.0848259547144305,0.1093673369298675,0.055045871559633,959000,17775800,15755,292031,1675800,27531,4200,686000.0,27.428571428571427,24,8,1710,1.0,1.0,0.0,0.0,0.0,2.25,1,0,0,3.7859388972001855,0.056,-0.0259341168075673,0.2,0.25,0.3333333333333333,9.5,121.625,9.740740740740742,109.2962962962963,10.675432006010515,95.50187828700224,515.0,1545.0,540.0,30.0,2.0,27.428571428571427,0.0,0.0,2.0,0.0,0.0,0.0,0.0,1.0,1.0,0.0,0.0606701940035273,0.0690003365870077,-0.0083301425834804,68.71427589796059,0.0,3.0,0.0,1.5275252316519468,24.0,1.0,2,0.1271399798590131,33.10866062437059,15888.0,1,0,1,0,12,50.9,50.9,0.5387436892603791,-26.7,0.0,0.947802197802198,65.8,56.5,-0.2292844992052521,0.5999999999999943,0.0,0.5590258930432744,B,1.0,0.2,0.1485868661679135,1.346013986013986,0.1505216095380029,0.1461466165413533,0.2222222222222222,0.1775836972343522,0.4,0.3333333333333333,0.5394926184926184,0.2608284843446938,1.0,0,0.0644834262969585,0.0706031923418278,0.056338028169014,1.0,0.0,0.43037307915261536,14.0,5.025223108136615
2026011808010701,2026,118,08,ヴェルジーネ,2023106786,3,2,1157,鮫島克駿,1211,550,446.0,2.0,-1.0,159,5,4,8,7,13,1200,24,1,0,1,16,1,7,ニューイヤーズデイ,アンティフリーズ,Street Cry,タップダンスシチー,0,0,0,1,0,0,0,0,0,1,0,0,0,0,2,1,1,0,0,389,136,125,534,692,1888,201,2026-01-18,2025-12-21 00:00:00,4.0,550.0,0.0,6.0,186.0,1,0,0.0,6.0,186.0,1,0.5,0.0,0.5,1,0,0,0.0888144938952343,0.0714285714285714,0.0682451253481894,830400,2265600,16608,45312,1388400,27768,3600,535200.0,12.0,0,0,1650,1.0,1.0,0.0,0.0,-2.0,0.0,0,0,0,0.0,0.1016597510373444,0.019725634229777,0.5,0.3333333333333333,0.5,6.0,186.0,6.0,186.0,6.0,186.0,495.0,1485.0,550.0,0.0,0.0,12.0,0.0,0.0,1.0,0.0,0.0,0.0,0.0,1.0,0.0,1.0,0.0625,0.0825410544511668,-0.0200410544511668,64.83332252777957,0.0,0.0,0.0,0.0,23.0,1.0,2,0.1271399798590131,33.10866062437059,15888.0,1,0,1,0,3,52.3,0.0,0.4983617962637268,-3.6000000000000014,0.0,0.91644908616188,53.4,0.0,1.7118924926704622,-10.0,0.0,0.6144657500939138,B,2.0,0.0,0.0962566844919786,0.0,0.0833333333333333,0.1098901098901098,0.0,0.074074074074074,0.0,0.0,0.0,0.0192513368983957,2.0,0,0.0644834262969585,0.0706031923418278,0.1071428571428571,0.7,0.0,0.37386976184394155,15.9,4.9445292133186705
2026032109010905,2026,321,09,テイエムアイラン,2023100448,3,2,1091,丹内祐次,1211,550,410.0,2.0,1.0,106,6,2,1,7,15,1600,18,1,1,0,18,1,9,ミッキーアイル,クインオブザシーズ,ディープインパクト,ノヴェリスト,1,0,2,0,0,0,1,0,0,0,0,0,0,4,2,0,1,1,2,401,139,126,549,787,4160,292,2026-03-21,2026-02-07 00:00:00,6.0,550.0,0.0,3.6666666666666665,111.33333333333331,5,0,0.0,6.0,58.0,4,0.2,0.25,0.0,1,0,0,0.0705355476768053,0.0714285714285714,0.0166666666666666,1259200,6656000,14166,74880,1745600,19638,4800,656000.0,18.0,0,36,1650,1.0,1.0,0.0,0.0,2.0,0.875,0,0,0,4.60434577328853,0.0713286713286713,-0.0106054454788959,0.5,0.2,0.1666666666666666,4.3125,103.8125,3.975308641975309,148.96296296296302,3.8448193429410553,205.685813810532,495.0,1485.0,550.0,0.0,1.0,18.0,0.0,0.0,3.0,0.0,1.0,0.0,0.0,0.0,0.0,1.0,0.0907103825136612,0.073234524847428,0.0174758576662331,50.124993734375785,1.0,0.0,0.0,0.5773502691896258,17.0,1.0,1,0.0540766503912781,41.20877533275366,59804.0,1,0,1,0,15,67.2,0.0,-0.2859546245034176,0.0,0.0,0.9573170731707316,54.9,0.0,1.477072695266142,-9.6,0.0,0.5847409437305794,B,2.0,0.0,0.0821917808219178,0.0,0.0727272727272727,0.091743119266055,0.0,0.1,0.0,0.0,0.0,0.0164383561643835,2.0,0,0.0644834262969585,0.0706031923418278,0.0652173913043478,0.1,0.0,0.5592608666366035,10.6,4.9281651863479965
2026032809020111,2026,328,09,フレイムスター,2023101577,3,1,1180,団野大成,1110,570,518.0,0.0,0.0,520,7,1,5,1,1,1800,18,1,1,0,7,2,1,ドレフォン,テーオーヴィーナス,Gio Ponti,ディープインパクト,1,0,0,0,0,0,1,0,0,0,0,0,4,2,0,1,1,0,0,429,152,130,586,685,8377,85,2026-03-28,2026-03-15 00:00:00,1.8571428571428568,570.0,0.0,12.333333333333334,1460.0,6,1,0.1428571428571428,16.0,3121.0,1,0.5,0.5,0.0,1,0,0,0.0753212228622064,0.0825059910989387,0.0752248569092395,1233000,15078600,12330,150786,2124000,21240,5400,932400.0,5.571428571428571,4,2,1710,1.033688532332915,0.4793352601156069,0.1026011560693641,0.3439306358381503,0.0,-3.3125,0,1,0,4.335896677735758,0.0668896321070234,-0.0150444847005438,0.1428571428571428,0.1428571428571428,0.1428571428571428,12.0,1872.875,10.962962962962964,1473.4938271604938,10.61556898125438,1123.3637978031802,515.0,1545.0,570.0,0.0,0.0,5.57142857142857,0.0,0.0,3.0,0.0,1.0,0.0,0.0,0.0,1.0,0.0,0.0877944325481798,0.0733113673805601,0.0144830651676197,47.66666137037096,1.0,3.0,0.25,0.5773502691896261,17.0,1.0,0,0.1286250939143501,37.26016528925619,13310.0,1,0,1,0,18,53.9,0.0,0.4141398987316844,1.7999999999999972,0.0,0.8763157894736843,58.6,0.0,0.8978505283354846,-15.4,0.0,0.5882663874561257,B,2.0,0.0512820512820512,0.1094357976653696,0.4686039886039886,0.1185185185185185,0.0920679886685552,0.0,0.110912343470483,0.1818181818181818,0.0555555555555555,0.0364995251661918,0.0764326140785284,2.0,0,0.0644834262969585,0.0706031923418278,0.056338028169014,0.7,0.0,0.11321368146018297,52.0,4.887111435929515
2026013110010307,2026,131,10,アイドクレース,2023104487,3,2,1209,石神深道,1132,520,422.0,6.0,-1.0,176,6,3,1,3,5,1800,17,1,1,0,16,1,3,ダノンバラード,ビジュティエ,ディープインパクト,オルフェーヴル,1,0,3,0,0,0,0,1,0,0,0,0,1,2,2,4,1,0,3,453,160,149,634,639,10394,292,2026-01-31,2025-11-22 00:00:00,10.0,520.0,0.0,4.0,239.66666666666663,5,0,0.0,3.0,166.0,4,0.2,0.2,0.0,0,1,0,0.0298329355608591,0.0624249699879951,0.0561797752808988,1150200,18709200,10863,176698,2176200,20553,5400,759600.0,30.0,3,6,1560,0.8895290101480529,2.462962962962963,0.074074074074074,0.5185185185185185,-6.0,-1.0,0,0,0,2.4494897427831823,0.0760095011876484,-0.0059246156199188,0.125,0.1111111111111111,0.1111111111111111,3.6875,202.9375,4.135802469135803,251.7037037037038,4.560139334744893,328.7407280923434,465.0,1395.0,520.0,0.0,2.0,30.0,0.0,0.0,1.0,0.0,0.0,0.0,0.0,1.0,1.0,0.0,0.0700298705609027,0.0643879173290938,0.0056419532318089,50.33332774074137,1.0,0.75,1.0,0.5773502691896262,17.0,0.0,1,0.0540766503912781,41.20877533275366,59804.0,1,0,1,0,15,52.7,51.4,0.3547105608973021,1.3000000000000045,1.0,0.9151193633952254,63.4,57.3,0.1464271766416601,-17.000000000000007,1.0,0.5979498506782197,B,1.0,0.0,0.0932410423452768,0.0,0.0924731182795698,0.0942507068803016,0.0,0.0,0.0,0.0,0.0,0.0652687296416938,1.0,0,0.0644834262969585,0.0706031923418278,0.03125,0.4,0.0,0.333933158965527,17.6,4.877223597793276
2026020108020206,2026,201,08,ベラジオリン,2023106968,3,2,1213,高杉吏麒,1197,550,422.0,0.0,0.0,670,12,3,6,6,12,1400,24,1,0,1,16,2,2,シスキン,ギーニョ,First Defence,サンデーサイレンス,0,0,0,1,0,0,0,0,0,1,0,0,0,2,3,0,1,0,0,468,160,154,632,562,4130,68,2026-02-01,2025-12-06 00:00:00,8.142857142857142,550.0,0.0,3.6666666666666665,277.3333333333333,3,1,0.25,1.0,238.0,1,0.5,0.0,0.5,1,0,0,0.0918499353169469,0.037593984962406,0.0705882352941176,786800,5782000,13488,99120,1698200,29112,4200,590800.0,24.428571428571427,0,4,1650,1.0,1.0,0.0,0.0,0.0,2.5,1,0,0,3.055050463303885,0.0616438356164383,-0.0202902811911289,0.3333333333333333,0.25,0.3333333333333333,3.0,267.5,3.888888888888889,238.44444444444449,4.793388429752065,195.1570247933884,495.0,1485.0,550.0,0.0,2.0,24.428571428571427,0.0,0.0,2.0,0.0,0.0,0.0,0.0,1.0,0.0,1.0,0.0646117368109069,0.0831721470019342,-0.0185604101910272,66.85713330612381,0.0,0.0,0.0,0.5773502691896258,24.0,0.0,2,0.1271399798590131,33.10866062437059,15888.0,1,0,1,0,9,51.5,51.5,0.5404727450297478,-19.700000000000003,0.0,0.9734042553191488,63.2,54.3,0.1777364829622355,-0.7999999999999972,7.0,0.6709477691497661,A,2.0,0.0,0.0524691358024691,0.0,0.0526315789473684,0.0522875816993464,0.0,0.0517241379310344,0.0,0.0,0.0,0.0104938271604938,2.0,0,0.0644834262969585,0.0706031923418278,0.1212121212121212,0.4,0.0,0.08770231022531358,67.0,4.876054785096009
2026010508010205,2026,105,08,サイモンシャリオ,2023101569,3,1,1126,松山弘平,1084,570,492.0,4.0,1.0,120,6,2,8,8,16,2000,17,1,1,0,17,1,2,アルアイン,キュアロージズ,ディープインパクト,ロージズインメイ,1,1,1,0,0,0,0,1,0,0,0,0,0,2,3,3,1,1,1,484,160,164,663,407,3984,292,2026-01-05,2025-12-20 00:00:00,2.2857142857142856,560.0,10.0,4.0,172.0,4,0,0.0,4.0,83.0,3,0.25,0.25,0.0,0,1,0,0.1426993187258332,0.0553290623179965,0.1432692307692307,814000,7968000,6919,67728,2252000,19142,6000,984000.0,6.857142857142857,0,4,1710,1.0,1.0,0.0,0.0,4.0,-3.75,0,1,0,3.785938897200179,0.0807453416149068,-0.0011887751926604,0.1666666666666666,0.1428571428571428,0.125,4.25,143.125,4.5925925925925934,179.51851851851856,5.0954169797145,217.60781367392937,515.0,1545.0,560.0,10.0,0.0,6.857142857142857,0.0,0.0,1.0,0.0,0.0,0.0,0.0,1.0,0.0,1.0,0.0852842809364548,0.0619946091644204,0.0232896717720343,48.399995160000486,2.0,0.0,1.5,0.5773502691896258,11.0,1.0,1,0.0540766503912781,41.20877533275366,59804.0,1,0,1,0,12,68.1,61.1,-0.333329441865191,6.999999999999993,1.0,0.943887775551102,66.3,53.8,-0.3075577650066922,5.399999999999999,5.0,0.3313074564662367,D,2.0,0.0,0.0926470588235294,0.0,0.0893355667225014,0.09633312616532,0.072639225181598,0.072639225181598,0.0,0.0,0.0,0.0548490243555049,2.0,0,0.0644834262969585,0.0706031923418278,0.027027027027027,1.0,0.0,0.48909860271722305,12.0,4.869183232606677
2026042508030103,2026,425,08,ダイチノナポリ,2023109106,3,2,1130,高倉稜,1188,550,432.0,10.0,1.0,205,7,2,1,8,15,1800,18,1,1,0,15,3,1,グレーターロンドン,ミラノリッチ,ディープインパクト,キングカメハメハ,0,2,1,0,0,0,0,0,0,0,0,0,0,2,4,0,0,2,1,391,143,124,562,503,13054,292,2026-04-25,2026-02-21 00:00:00,9.0,550.0,0.0,5.333333333333333,434.3333333333333,6,0,0.0,4.0,294.0,3,0.0,0.0,0.0,0,0,0,0.0354430379746835,0.0397727272727272,0.0340425531914893,905400,23497200,9054,234972,2034000,20340,5400,777600.0,27.0,0,2,1650,0.1996145930434328,2.2020833333333334,0.0208333333333333,0.25,10.0,-1.25,0,0,1,3.033150177620624,0.0843373493975903,0.002403232590023,0.1428571428571428,0.1666666666666666,0.1666666666666666,4.09375,395.0625,4.1152263374485605,346.69135802469134,3.866942769681653,265.2642765335204,495.0,1485.0,550.0,0.0,2.0,27.0,0.0,0.0,4.0,1.0,1.0,0.0,0.0,0.0,0.0,1.0,0.0952380952380952,0.0689655172413793,0.0262725779967159,43.44443961728449,1.0,0.0,0.0,0.0,18.0,0.0,1,0.0540766503912781,41.20877533275366,59804.0,1,0,1,0,18,0.0,0.0,0.0,0.0,0.0,0.0,56.2,54.8,1.2735622041823969,-11.799999999999995,8.0,0.6871455642886531,A,2.0,0.0441176470588235,0.0532623169107856,0.8283088235294118,0.0334448160535117,0.0663716814159292,0.0,0.0222222222222222,0.0,0.2222222222222222,0.1261519607843137,0.0773191300488237,2.0,0,0.0644834262969585,0.0706031923418278,0.1538461538461538,0.4,0.0,0.2847088323495265,20.5,4.836531063165293
2026011708010606,2026,117,08,ミヤジオズ,2023106011,3,1,1208,田口貫太,1111,570,490.0,4.0,-1.0,618,8,2,4,1,1,1800,24,1,0,1,8,1,6,リアルスティール,ミヤジレリゴー,ディープインパクト,キングカメハメハ,0,0,0,1,0,0,0,0,0,0,1,0,0,3,1,1,1,0,0,492,166,163,679,813,12994,292,2026-01-17,2025-12-28 00:00:00,2.857142857142857,560.0,10.0,2.5,120.5,2,1,0.3333333333333333,1.0,18.0,1,0.5,0.0,0.5,0,1,0,0.0509316770186335,0.0782190132370637,0.0483729111697449,1463400,23389200,19512,311856,2174400,28992,5400,882000.0,8.571428571428571,0,18,1710,1.232640798408009,1.0504237288135594,0.1271186440677966,0.3347457627118644,-4.0,0.0,0,0,0,0.0,0.0631067961165048,-0.0188273206910624,0.25,0.25,0.3333333333333333,2.5,120.5,3.0000000000000004,154.66666666666669,3.454545454545454,185.72727272727272,515.0,1545.0,560.0,10.0,0.0,8.571428571428571,0.0,0.0,1.0,0.0,0.0,0.0,0.0,1.0,1.0,0.0,0.0625,0.0825410544511668,-0.0200410544511668,54.66666059259328,1.0,0.0,0.25,0.0,24.0,0.0,2,0.1271399798590131,33.10866062437059,15888.0,1,0,1,0,6,0.0,0.0,0.0,0.0,0.0,0.0,67.9,0.0,-0.5580322155713019,14.200000000000005,0.0,0.2337240603791703,D,2.0,0.0,0.0964607911172796,0.0,0.0879199428162973,0.1045178691840863,0.0,0.064516129032258,0.0,0.0,0.0,0.0192921582234559,2.0,0,0.0644834262969585,0.0706031923418278,0.1296296296296296,1.0,0.0,0.09269126224412352,61.8,4.728320006686833
2026012510010206,2026,125,10,ブラックレジェンド,2023100297,3,1,1193,今村聖奈,1158,550,462.0,2.0,1.0,111,4,2,1,7,8,1700,24,1,0,1,11,1,2,ダノンレジェンド,ララエクレリゼ,Macho Uno,スペシャルウィーク,0,0,0,1,0,1,0,0,0,0,1,0,0,4,0,0,1,0,1,469,164,152,638,641,14131,130,2026-01-25,2025-11-29 00:00:00,8.142857142857142,560.0,-10.0,5.5,61.5,2,0,0.0,8.0,80.0,2,0.3333333333333333,0.0,0.3333333333333333,0,1,0,0.0637799882972498,0.088724584103512,0.0714285714285714,1089700,24022700,15384,339144,2028100,28632,5100,785400.0,24.428571428571427,0,8,1650,1.0574232516756703,0.9481818181818182,0.1,0.3,2.0,-2.0,0,0,0,2.8284271247461903,0.0488940628637951,-0.0330400539437721,0.2,0.2,0.3333333333333333,5.5,61.5,4.666666666666666,55.333333333333336,3.9090909090909087,49.72727272727273,495.0,1485.0,560.0,0.0,2.0,24.428571428571427,0.0,0.0,1.0,0.0,0.0,0.0,0.0,1.0,0.0,1.0,0.0709219858156028,0.0746128578132332,-0.0036908719976303,55.17646409688658,1.0,0.0,0.0,0.0,24.0,0.0,1,0.0540766503912781,41.20877533275366,59804.0,1,0,1,0,6,54.4,54.1,0.3878205557529212,0.2999999999999971,2.0,0.917098445595855,63.8,56.6,0.0838085640005082,7.199999999999996,5.0,0.3804225159928083,C,2.0,0.1666666666666666,0.1218655967903711,1.3676268861454046,0.0979166666666666,0.144100580270793,0.0,0.0,0.0,0.3333333333333333,0.4533665009660898,0.1853059177532597,2.0,0,0.0644834262969585,0.0706031923418278,0.1176470588235294,1.0,0.0,0.5021337806161472,11.1,4.573684964839234
2026031406020504,2026,314,06,メディチパワー,2023100419,3,1,1162,木幡巧也,1081,570,476.0,2.0,1.0,186,4,3,4,7,13,1800,24,1,0,1,16,2,5,フィレンツェファイア,トレミエール,Poseidon's Warrior,ハーツクライ,0,0,0,1,0,1,0,0,0,0,1,0,0,2,3,0,1,1,1,533,176,182,700,735,8810,169,2026-03-14,2025-12-13 00:00:00,13.0,560.0,10.0,4.5,308.5,2,0,0.0,6.0,67.0,3,0.25,0.0,0.3333333333333333,0,1,0,0.0420475319926873,0.0685033507073715,0.0407055630936228,1323000,15858000,17640,211440,2091600,27888,5400,856800.0,39.0,0,10,1710,1.0,1.0,0.0,0.0,2.0,-1.0,0,0,0,1.4142135623730951,0.0769230769230769,-0.0050110398844903,0.5,0.2,0.25,4.5,308.5,4.0,389.0,3.545454545454545,462.1818181818181,515.0,1545.0,560.0,10.0,3.0,39.0,1.0,0.0,3.0,0.0,1.0,0.0,0.0,0.0,0.0,1.0,0.0577326801959412,0.0731387340111512,-0.0154060538152099,59.22221564197604,1.0,0.0,0.0,0.0,24.0,0.0,1,0.0540766503912781,41.20877533275366,59804.0,1,0,1,0,6,0.0,0.0,0.0,0.0,0.0,0.0,70.0,53.5,-0.8867799319373494,1.0,5.0,0.4324689186518273,C,1.0,0.0434782608695652,0.0862944162436548,0.5038363171355499,0.080370942812983,0.0904198062432723,0.1111111111111111,0.0903010033444816,0.0,0.2,0.1085109406081273,0.1328144388042865,1.0,0,0.0644834262969585,0.0706031923418278,0.09375,1.0,0.0,0.2995620236133077,18.6,4.571853639207523
2026011806010711,2026,118,06,ステラスペース,2023104346,3,1,1169,武藤雅,1064,570,480.0,4.0,-1.0,764,14,2,5,2,3,2000,17,1,1,0,15,1,7,レイデオロ,フィリポナ,キングカメハメハ,ブラックタイド,1,1,1,0,0,0,0,2,0,0,0,0,2,4,1,1,2,1,1,421,148,135,567,827,10824,250,2026-01-18,2026-01-05 00:00:00,1.8571428571428568,570.0,0.0,3.0,166.66666666666666,6,2,0.2857142857142857,1.0,138.0,4,0.4,0.25,0.0,0,2,0,0.0437070012140833,0.0598290598290598,0.0471464019851116,1654000,21648000,14059,184008,2338000,19873,6000,960000.0,5.571428571428571,14,28,1710,1.392238068288622,0.6755102040816326,0.1224489795918367,0.3877551020408163,-4.0,0.0,0,0,0,5.176871642217926,0.0721442885771543,-0.0097898282304129,0.1666666666666666,0.1428571428571428,0.25,2.75,196.96875,2.991769547325104,270.246913580247,3.273149499226952,451.840597077944,515.0,1545.0,570.0,0.0,0.0,5.57142857142857,0.0,0.0,1.0,0.0,0.0,0.0,0.0,1.0,1.0,0.0,0.0592105263157894,0.0809399477806788,-0.0217294214648893,42.09999579000043,2.0,1.0,0.5,0.5773502691896253,17.0,0.0,0,0.1286250939143501,37.26016528925619,13310.0,1,0,1,0,18,54.3,52.2,0.1911255579079013,2.0999999999999943,2.0,0.904639175257732,56.7,56.7,1.1952889383809568,-1.5,2.0,0.4921037561417585,C,1.0,0.1428571428571428,0.082930200414651,1.7226190476190475,0.0717997165800661,0.0935251798561151,0.3333333333333333,0.053030303030303,0.0,0.0,0.6593650793650794,0.1832527067495968,1.0,0,0.0644834262969585,0.0706031923418278,0.1428571428571428,1.0,0.0,0.07257243166359782,76.4,4.544533779098874
2026032907010608,2026,329,07,スタニングレディ,2023106469,3,2,1122,三浦皇成,1088,550,452.0,2.0,1.0,428,7,2,3,4,4,2200,11,1,1,0,7,1,6,ベンバトル,フォクシーレディ,Dubawi,ディープインパクト,1,0,1,0,0,0,0,1,0,0,0,0,0,1,2,1,1,0,1,527,188,165,715,759,10940,54,2026-03-29,2026-02-28 00:00:00,4.142857142857143,550.0,0.0,6.666666666666667,313.6666666666667,3,1,0.25,8.0,76.0,2,0.3333333333333333,0.3333333333333333,0.0,0,1,0,0.0919452887537994,0.0921273031825795,0.075,1669800,24068000,8349,120340,2468400,12342,6600,994400.0,12.42857142857143,0,6,1650,2.881019518407652,2.372727272727273,0.2272727272727272,0.3636363636363636,2.0,-3.0,0,1,0,3.4641016151377544,0.1034482758620689,0.0215141590545016,0.25,0.25,0.25,7.0,254.25,5.555555555555555,285.5555555555556,3.760330578512397,301.8181818181818,495.0,1485.0,550.0,0.0,1.0,12.42857142857143,0.0,0.0,3.0,0.0,1.0,0.0,0.0,0.0,1.0,0.0,0.0819415448851774,0.0685449957947855,0.0133965490903919,47.909086553719405,2.0,0.0,0.5,0.5773502691896258,17.0,1.0,0,0.1286250939143501,37.26016528925619,13310.0,1,0,1,0,9,52.0,51.9,0.4262789997051655,0.1000000000000014,2.0,0.9088471849865952,71.5,56.6,-1.1215997293416695,-0.5,8.0,0.5230531453856018,B,1.0,0.125,0.114471452798191,1.0919753086419752,0.0856055802155992,0.1376848546659867,0.3333333333333333,0.0,0.0,0.3529411764705882,0.47556841563786,0.2954433101674813,1.0,0,0.0644834262969585,0.0706031923418278,0.0476190476190476,0.7,0.0,0.1257755600172356,42.8,4.383193968737684
2026031509010805,2026,315,09,シルバーリム,2023106808,3,2,1125,国分優作,1186,550,450.0,2.0,-1.0,112,7,3,1,5,10,2000,17,2,1,0,16,1,8,シルバーステート,ヒカルアモーレ,ディープインパクト,クロフネ,1,0,0,0,0,0,0,1,0,0,0,0,1,1,1,0,1,0,0,489,167,154,664,570,10239,292,2026-03-15,2026-02-15 00:00:00,4.0,550.0,0.0,5.5,155.0,2,0,0.0,4.0,146.0,1,0.5,0.5,0.0,0,1,0,0.0299591466182478,0.08130081300813,0.0260416666666666,1140000,20478000,9690,174063,2250000,19125,6000,900000.0,12.0,8,8,1650,0.7469659352508435,0.3576388888888889,0.0625,0.2152777777777778,-2.0,0.0,0,0,0,0.0,0.0763157894736842,-0.005618327333883,0.3333333333333333,0.3333333333333333,0.3333333333333333,5.5,155.0,6.0,158.0,6.454545454545454,160.7272727272727,495.0,1485.0,550.0,0.0,0.0,12.0,0.0,0.0,3.0,0.0,1.0,0.0,0.0,0.0,0.0,1.0,0.0976253298153034,0.0712166172106825,0.0264087126046209,48.89999511000049,2.0,0.5,0.0,0.7071067811865476,17.0,0.0,0,0.1286250939143501,37.26016528925619,13310.0,1,0,1,0,6,0.0,0.0,0.0,0.0,0.0,0.0,66.4,0.0,-0.3232124181669815,3.4000000000000057,0.0,0.3055729711367962,D,2.0,0.03125,0.1077586206896551,0.29,0.1118012422360248,0.1042780748663101,0.0,0.1304347826086956,0.0,0.3333333333333333,0.0,0.121551724137931,2.0,0,0.0644834262969585,0.0706031923418278,0.0519480519480519,0.7,0.0,0.4786020563971965,11.2,4.3603430316486005
2026022110010906,2026,221,10,フィラーエ,2023102025,3,2,1178,斎藤新,1135,550,452.0,2.0,-1.0,135,7,2,7,3,6,1800,17,1,1,0,16,1,9,ノーブルミッション,イシス,Galileo,キングヘイロー,0,0,1,0,0,0,0,0,0,0,0,0,0,3,1,1,0,0,1,396,140,122,554,703,2065,83,2026-02-21,2025-12-27 00:00:00,8.0,550.0,0.0,6.0,394.6666666666667,4,0,0.0,6.0,834.0,1,0.0,0.0,0.0,0,0,0,0.0604575163398692,0.0439560439560439,0.0592105263157894,1265400,3717000,11951,35105,2120400,20026,5400,813600.0,24.0,0,27,1650,1.0,1.0,0.0,0.0,-2.0,3.75,1,0,0,4.434711565216687,0.0760095011876484,-0.0059246156199188,0.2,0.2,0.1666666666666666,5.75,501.625,5.185185185185185,372.962962962963,4.383921863260705,247.3365890308039,495.0,1485.0,550.0,0.0,1.0,24.0,0.0,0.0,2.0,0.0,0.0,0.0,0.0,1.0,1.0,0.0,0.0700298705609027,0.0643879173290938,0.0056419532318089,43.99999511111166,1.0,0.0,0.25,1.0,18.0,1.0,1,0.0540766503912781,41.20877533275366,59804.0,1,0,1,0,12,0.0,0.0,0.0,0.0,0.0,0.0,55.4,51.8,1.3987994294647017,-9.699999999999996,8.0,0.6907983166927204,A,2.0,0.0689655172413793,0.0584239130434782,1.1804330392943063,0.0672811059907834,0.0498664292074799,0.0,0.0,0.0,0.25,0.2417936380646886,0.0866847826086956,2.0,0,0.0644834262969585,0.0706031923418278,0.0,0.7,0.0,0.3901534171970287,13.5,4.267071132159887
2026013105010110,2026,131,05,ユウファラオ,2023110065,3,1,1088,川田将雅,427,570,502.0,16.0,1.0,271,9,2,12,6,11,1400,11,1,1,0,15,1,1,American Pharoah,Limari,Pioneerof the Nile,Medaglia d'Oro,1,1,0,0,0,0,1,0,0,0,0,0,2,6,1,1,1,2,1,458,159,149,627,10,522,165,2026-01-31,2025-11-08 00:00:00,12.0,560.0,10.0,4.666666666666667,294.3333333333333,7,1,0.125,6.0,365.0,4,0.2,0.3333333333333333,0.0,1,0,0,0.2695573074590661,0.0937829293993677,0.210401891252955,14000,730800,110,5742,1523200,11968,4200,702800.0,36.0,2,6,1710,0.9255946468245392,0.95,0.125,0.5833333333333334,16.0,1.9375,0,0,1,2.68328157299976,0.0799347471451876,-0.0019993696623797,0.1666666666666666,0.1428571428571428,0.1111111111111111,5.3125,313.953125,5.001371742112484,269.6255144032922,4.825529010855398,229.36985404397583,515.0,1545.0,560.0,10.0,2.0,36.0,0.0,0.0,1.0,0.0,0.0,0.0,0.0,1.0,0.0,1.0,0.08,0.0671607225567392,0.0128392774432607,65.42856208163398,0.0,2.0,0.0,0.0,11.0,0.0,0,0.1286250939143501,37.26016528925619,13310.0,1,0,1,0,21,0.0,0.0,0.0,0.0,0.0,0.0,62.7,52.7,0.2560097487636756,0.1000000000000014,7.0,0.5049669510056071,B,2.0,0.1818181818181818,0.1349091493809294,1.3477083107595624,0.1304747320061255,0.1398104265402843,0.094240837696335,0.094240837696335,0.25,0.0,0.4440469821870018,0.1491022487243534,2.0,0,0.0644834262969585,0.0706031923418278,0.1333333333333333,0.7,0.0,0.1932594591924509,27.1,4.23733134411542
2026021008020401,2026,210,08,シャンデヴィーニュ,2023107384,3,2,1195,川端海翼,1212,520,444.0,4.0,-1.0,716,10,3,12,3,6,1200,24,1,0,1,16,2,4,ミスターメロディ,シュペトレーゼ,Scat Daddy,ディープインパクト,0,0,0,1,0,0,0,0,0,0,1,0,3,0,4,0,1,0,0,481,167,153,660,785,6001,183,2026-02-10,2026-01-25 00:00:00,2.2857142857142856,520.0,0.0,8.666666666666666,499.0,4,0,0.0,7.0,917.0,1,0.5,0.0,0.5,0,1,0,0.0222717149220489,0.0433333333333333,0.0136986301369863,942000,7201200,18840,144024,1434000,28680,3600,532800.0,6.857142857142857,12,0,1560,0.9307800428209924,1.1,0.0769230769230769,0.2307692307692307,-4.0,0.0,0,0,0,6.806859285554048,0.0597701149425287,-0.0221640018650385,0.1666666666666666,0.2,0.2,8.125,564.125,8.25925925925926,437.22222222222223,8.237415477084896,305.4057099924868,465.0,1395.0,520.0,0.0,0.0,6.857142857142857,0.0,0.0,2.0,0.0,0.0,0.0,0.0,1.0,1.0,0.0,0.0646117368109069,0.0831721470019342,-0.0185604101910272,80.16665330555779,0.0,3.0,0.0,1.1547005383792517,24.0,0.0,2,0.1271399798590131,33.10866062437059,15888.0,1,0,1,0,12,56.0,0.0,0.3035986582208788,0.0,0.0,0.9375,66.0,53.3,-0.2605938055258285,10.1,4.0,0.3179209748702723,D,2.0,0.05,0.0564971751412429,0.885,0.037037037037037,0.065040650406504,0.0833333333333333,0.0,0.0,0.1428571428571428,0.1985,0.0958232445520581,2.0,0,0.0644834262969585,0.0706031923418278,0.0285714285714285,0.7,0.0,0.07307059441341571,71.6,4.231854560000564
2026042503010509,2026,425,03,クワイエットアイ,2023110054,3,1,1150,石川裕紀,1039,570,466.0,0.0,0.0,368,10,2,16,4,8,1200,17,1,1,0,16,1,5,St Mark's Basilica,Blanc Bonheur,Siyouni,Deep Impact,1,0,0,0,0,0,1,0,0,0,0,0,1,2,1,0,1,1,1,385,136,125,537,307,102,194,2026-04-25,2026-02-08 00:00:00,10.857142857142858,570.0,0.0,6.333333333333333,93.66666666666669,4,1,0.2,15.0,195.0,3,0.25,0.5,0.0,1,0,0,0.056269113149847,0.0783302063789868,0.0766550522648083,368400,122400,5219,1734,1380000,19550,3600,559200.0,32.57142857142857,5,10,1710,1.0,1.0,0.0,0.0,0.0,7.25,1,0,0,9.092121131323903,0.0674740484429065,-0.0144600683646607,0.5,0.3333333333333333,0.2,8.375,123.125,6.25925925925926,99.66666666666669,4.336589030803907,79.8595041322314,515.0,1545.0,570.0,0.0,2.0,32.57142857142857,0.0,0.0,4.0,1.0,1.0,0.0,0.0,0.0,1.0,0.0,0.0744908896034298,0.0616136919315403,0.0128771976718894,64.166655972224,0.0,1.0,0.0,1.0,17.0,0.0,0,0.1286250939143501,37.26016528925619,13310.0,1,0,1,0,12,0.0,0.0,0.0,0.0,0.0,0.0,53.7,52.7,1.664928533189597,-4.799999999999997,4.0,0.6352270822180298,B,2.0,0.0675675675675675,0.1229123662976168,0.5497214772023933,0.120050547598989,0.1252115059221658,0.0,0.0,0.1,0.375,0.149200911144937,0.1985386564083317,2.0,0,0.0644834262969585,0.0706031923418278,0.0,1.0,0.0,0.14196309101369553,36.8,4.224241749303995
2026020708020310,2026,207,08,アイニードユー,2023101159,3,2,1126,松山弘平,1130,550,466.0,2.0,1.0,228,6,1,3,5,5,1600,18,2,1,0,9,2,3,ファインニードル,プリディカメント,アドマイヤムーン,ハードスパン,1,0,2,0,0,0,1,0,0,0,0,0,2,3,0,2,1,0,2,468,160,152,636,728,11540,236,2026-02-07,2026-01-17 00:00:00,3.0,550.0,0.0,4.666666666666667,108.66666666666669,4,1,0.2,5.0,172.0,3,0.25,0.25,0.0,1,0,0,0.1426993187258332,0.0857480780603193,0.1432692307692307,1164800,18464000,13104,207720,1801600,20268,4800,745600.0,9.0,6,9,1650,0.3039541154461641,0.08,0.025,0.275,2.0,-0.25,0,0,0,2.516611478423585,0.0778443113772455,-0.0040898054303217,0.3333333333333333,0.1666666666666666,0.1428571428571428,4.375,121.875,3.6666666666666665,97.11111111111111,2.687453042824944,70.27498121712998,495.0,1485.0,550.0,0.0,0.0,9.0,0.0,0.0,2.0,0.0,0.0,0.0,0.0,1.0,0.0,1.0,0.0678233438485804,0.0973871733966745,-0.0295638295480941,58.49999268750092,1.0,1.5,0.5,1.1547005383792517,18.0,0.0,1,0.0540766503912781,41.20877533275366,59804.0,1,0,1,0,12,51.9,51.9,0.5194172706467374,0.0,0.0,0.9243243243243244,63.6,53.1,0.1151178703210836,-3.3000000000000043,0.0,0.5010072749448948,B,2.0,0.0625,0.1276955602536998,0.4894453642384105,0.1307565789473684,0.124456048738033,0.0,0.1449814126394052,0.0,0.0,0.0518729304635761,0.0255391120507399,2.0,0,0.0644834262969585,0.0706031923418278,0.1363636363636363,1.0,0.0,0.22345259676673473,22.8,4.094719206281552
2026031507010211,2026,315,07,アラタ,2017104756,9,1,660,横山典弘,1165,570,476.0,18.0,-1.0,1423,14,3,10,5,8,2000,11,1,1,0,14,1,2,キングカメハメハ,サンシャイン,Kingmambo,ハーツクライ,4,0,3,0,0,0,0,6,1,0,0,0,2,5,16,10,7,1,4,520,173,175,697,483,5570,114,2026-03-15,2025-12-28 00:00:00,11.0,580.0,-10.0,7.333333333333333,1107.6666666666667,30,7,0.2258064516129032,15.0,1742.0,12,0.5384615384615384,0.5,0.0,0,6,1,0.1109503135552339,0.070855614973262,0.1047297297297297,966000,11140000,5313,61270,1320000,7260,18000,952000.0,99.0,4,10,5130,1.3736968548170705,0.7515306122448979,0.1326530612244898,0.336734693877551,-18.0,7.701355371624231,1,0,1,10.295630140986988,0.0844277673545966,0.0024936505470293,0.1111111111111111,0.2,0.2333333333333333,10.37920775078237,1280.0749437734485,9.496994876926165,1177.3938131819154,8.581063980327704,959.7404349048192,515.0,4635.0,580.0,0.0,2.0,99.0,0.0,0.0,3.0,0.0,1.0,0.0,0.0,0.0,0.0,1.0,0.0819415448851774,0.0685449957947855,0.0133965490903919,51.99999480000052,2.0,1.0,5.0,1.0,17.0,1.0,0,0.1286250939143501,37.26016528925619,13310.0,5,0,0,1,270,67.5,0.0,-1.1584507167546605,15.200000000000005,0.0,0.9230769230769232,0.0,0.0,0.0,0.0,0.0,0.2162118540946557,D,0.054054054054054,0.0841399851079672,0.6424300406601292,0.0834645669291338,0.0847457627118644,0.0,0.0,0.0,0.3333333333333333,0.1378661321658112,0.158897989575577,1.0,0.0,0,0.0644834262969585,0.0706031923418278,0.1621621621621621,1.0,0.0,0.034670438229695524,142.3,3.933603360085674
2026011708010610,2026,117,08,フルールジェンヌ,2023103247,3,2,1208,田口貫太,1111,550,458.0,2.0,-1.0,626,9,2,6,2,2,1400,18,1,1,0,9,1,6,ミッキーアイル,ホーマンピクシー,ディープインパクト,キングカメハメハ,1,0,0,0,0,0,1,0,0,0,0,0,1,5,0,0,1,0,1,497,172,164,684,787,12082,292,2026-01-17,2025-11-01 00:00:00,11.0,550.0,0.0,4.666666666666667,184.0,3,1,0.25,10.0,249.0,2,0.3333333333333333,0.5,0.0,1,0,0,0.0509316770186335,0.0782190132370637,0.0483729111697449,1101800,16914800,14166,217476,1691200,21744,4200,641200.0,33.0,6,30,1650,0.7585578970206206,0.1959183673469387,0.0680272108843537,0.2585034013605442,-2.0,0.5,0,0,0,1.1547005383792557,0.0805369127516778,-0.0013972040558894,0.25,0.2,0.1666666666666666,6.0,200.25,4.444444444444445,176.55555555555557,2.9338842975206614,151.78512396694214,495.0,1485.0,550.0,0.0,2.0,33.0,0.0,0.0,1.0,0.0,0.0,0.0,0.0,1.0,1.0,0.0,0.0673352435530086,0.0847826086956521,-0.0174473651426435,70.9999898571443,0.0,1.0,0.0,0.5773502691896257,18.0,0.0,0,0.1286250939143501,37.26016528925619,13310.0,1,0,1,0,9,0.0,0.0,0.0,0.0,0.0,0.0,68.4,0.0,-0.6363054813727419,11.200000000000005,0.0,0.2314410901266283,D,2.0,0.0,0.0964607911172796,0.0,0.0879199428162973,0.1045178691840863,0.0,0.064516129032258,0.0,0.0,0.0,0.0192921582234559,2.0,0,0.0644834262969585,0.0706031923418278,0.0652173913043478,0.7,0.0,0.07692078045344196,62.6,3.8152408563854667
2026012408010809,2026,124,08,エルハーベン,2023107169,3,1,1213,高杉吏麒,1062,570,494.0,6.0,1.0,233,9,2,10,8,12,2000,17,1,1,0,13,1,8,モーリス,ピュアチャプレット,スクリーンヒーロー,クロフネ,1,0,0,0,0,0,0,1,0,0,0,0,1,1,0,0,1,0,0,480,165,155,649,803,10598,272,2026-01-24,2025-12-06 00:00:00,7.0,560.0,10.0,1.0,39.0,1,1,0.5,1.0,39.0,1,0.5,0.5,0.0,0,1,0,0.0918499353169469,0.099767981438515,0.0705882352941176,1606000,21196000,13651,180166,2426000,20621,6000,988000.0,21.0,8,8,1710,1.322663145197394,0.7038095238095238,0.1238095238095238,0.2761904761904762,6.0,0.0,0,0,0,0.0,0.0807453416149068,-0.0011887751926604,0.5,0.5,0.5,1.0,39.0,1.0,39.0,1.0,39.0,515.0,1545.0,560.0,10.0,1.0,21.0,0.0,0.0,1.0,0.0,0.0,0.0,0.0,1.0,0.0,1.0,0.0852842809364548,0.0619946091644204,0.0232896717720343,47.99999520000048,2.0,0.5,0.0,0.0,17.0,0.0,0,0.1286250939143501,37.26016528925619,13310.0,1,0,1,0,3,52.0,52.0,0.5141534020509846,-0.2000000000000028,2.0,0.91869918699187,64.9,52.0,-0.0883926207626612,6.500000000000007,6.0,0.3957513561209094,C,2.0,0.125,0.1558409483823166,0.8020998415213946,0.1655038759689922,0.1388699795779441,0.2,0.1889168765743073,0.0,0.0,0.3149349577390385,0.1311681896764633,2.0,0,0.0644834262969585,0.0706031923418278,0.2419354838709677,1.0,0.0,0.19932500062449562,23.3,3.6442725145507477
2026020810010610,2026,208,10,ヤマニンガラッシア,2017101772,9,1,1192,横山琉人,1182,580,448.0,6.0,-1.0,453,12,4,15,8,16,1700,24,2,0,1,16,1,6,ディープインパクト,ヤマニングルノイユ,サンデーサイレンス,タイキシャトル,1,1,8,0,0,0,1,0,0,0,0,0,2,13,13,6,4,3,9,503,184,151,706,655,13667,264,2026-02-08,2025-12-14 00:00:00,8.0,580.0,0.0,6.333333333333333,249.3333333333333,36,4,0.1081081081081081,7.0,447.0,16,0.2352941176470588,0.0909090909090909,0.0,1,0,0,0.053516143299425,0.0799605133267522,0.0617283950617283,1113500,23233900,15720,328008,2026400,28608,15300,761600.0,72.0,12,78,5220,0.9729414525626988,0.7274647887323944,0.0915492957746478,0.3028169014084507,-6.0,-1.3662562298122791,0,0,0,3.0331501776206253,0.0835266821345707,0.0015925653270034,0.2857142857142857,0.6,0.5,6.411492504761554,300.2496054923686,5.757200731151993,264.20303909603774,5.144786772593594,255.26248644973788,525.0,4725.0,580.0,0.0,1.0,72.0,0.0,0.0,2.0,0.0,0.0,0.0,0.0,1.0,0.0,1.0,0.0709219858156028,0.0746128578132332,-0.0036908719976303,59.1764636262984,1.0,1.5,1.5,0.5773502691896272,17.0,1.0,3,0.0446596717783158,59.28527710519236,14868.0,5,0,0,1,324,77.8,51.9,-2.211529173498932,25.9,0.0,0.921847246891652,70.6,69.5,-0.9807078508990766,-35.30000000000001,0.0,0.4568930867883914,C,1.0,0.2,0.1047619047619047,1.9090909090909087,0.1114982578397212,0.0991253644314868,0.0,0.0,0.0,0.0,0.6162337662337662,0.0733333333333333,1.0,0,0.0644834262969585,0.0706031923418278,0.2883435582822086,0.7,0.0,0.10170352015560012,45.3,3.6071694630486855
2026041206030605,2026,412,06,ティラーノ,2023101855,3,1,1197,佐々木大,1171,570,462.0,0.0,0.0,165,7,3,1,4,8,2200,18,1,1,0,18,3,6,ゴールドシップ,モハー,ステイゴールド,バトルプラン,1,0,1,0,0,0,0,1,0,0,0,0,0,2,3,2,1,0,1,510,174,166,692,526,13552,276,2026-04-12,2026-03-21 00:00:00,3.142857142857143,570.0,0.0,8.333333333333334,324.3333333333333,6,0,0.0,6.0,241.0,2,0.3333333333333333,0.3333333333333333,0.0,0,1,0,0.0848259547144305,0.0360987967067764,0.0699708454810495,1157200,29814400,9468,243936,2633400,21546,6600,1016400.0,9.428571428571429,0,12,1710,1.0,1.0,0.0,0.0,0.0,-2.5,0,1,0,3.6331804249169855,0.0804020100502512,-0.001532106757316,0.1428571428571428,0.2,0.2,8.46875,398.4375,9.012345679012348,498.21810699588485,9.820491645503594,576.4733779982736,515.0,1545.0,570.0,0.0,0.0,9.428571428571429,0.0,0.0,4.0,1.0,1.0,0.0,0.0,0.0,1.0,0.0,0.0800942285041225,0.0644230769230769,0.0156711515810455,46.36363214876072,2.0,0.0,1.0,0.577350269189626,18.0,0.0,1,0.0540766503912781,41.20877533275366,59804.0,1,0,1,0,18,53.2,53.2,0.3035902474631142,-14.299999999999995,0.0,0.9664948453608248,69.2,55.6,-0.7615427066550456,-1.5,6.0,0.6366430532735686,B,1.0,0.1111111111111111,0.0481927710843373,2.305555555555556,0.0381282495667244,0.0581196581196581,0.0,0.019047619047619,0.25,0.4285714285714285,0.4972222222222222,0.138209982788296,1.0,0,0.0644834262969585,0.0706031923418278,0.025,1.0,0.0,0.2769168394165401,16.5,3.5691278503729116
2026031506020607,2026,315,06,フォトンゲイザー,2023106479,3,1,1162,木幡巧也,1106,570,434.0,4.0,-1.0,1684,12,3,7,4,6,1200,18,1,1,0,15,2,6,アドマイヤマーズ,マイネノンノ,ダイワメジャー,タイキシャトル,1,0,0,0,0,0,1,0,0,0,0,0,1,2,4,2,1,0,0,472,158,159,635,396,12340,285,2026-03-15,2026-02-14 00:00:00,4.142857142857143,570.0,0.0,12.0,2574.333333333333,7,1,0.125,15.0,3822.0,1,0.5,0.5,0.0,1,0,0,0.0420475319926873,0.0616302186878727,0.0407055630936228,475200,14808000,7128,222120,1394400,20916,3600,520800.0,12.42857142857143,6,12,1710,1.0,1.0,0.0,0.0,-4.0,4.90625,1,0,0,6.418722614352486,0.0653266331658291,-0.0166074836417381,0.125,0.125,0.125,12.53125,2712.484375,10.695473251028806,2093.593964334705,8.640356160470905,1396.7374084211606,515.0,1545.0,570.0,0.0,1.0,12.42857142857143,0.0,0.0,3.0,0.0,1.0,0.0,0.0,0.0,1.0,0.0,0.0868094701240135,0.0598859315589353,0.0269235385650781,78.66665355555774,0.0,1.0,0.0,1.5275252316519463,11.0,1.0,0,0.1286250939143501,37.26016528925619,13310.0,1,0,1,0,21,59.6,59.6,-0.3507497644944912,7.0,0.0,0.9164677804295944,0.0,0.0,0.0,0.0,0.0,0.2397697985355773,D,1.0,0.125,0.0982026569419119,1.2728779840848807,0.0956103427540589,0.1001838235294117,0.0,0.1119402985074626,0.3333333333333333,0.2,0.3154757957559682,0.1196405313883823,1.0,0,0.0644834262969585,0.0706031923418278,0.0652173913043478,0.4,0.0,0.02654889921666238,168.4,3.470834628085945
2026011808010706,2026,118,08,ララファキュルテ,2023102845,3,1,1180,団野大成,1151,570,478.0,2.0,-1.0,156,5,3,2,8,18,1600,17,1,1,0,18,1,7,シスキン,ビットレート,First Defence,スペシャルウィーク,1,2,0,0,0,0,1,0,0,0,0,0,0,2,1,0,1,2,0,496,177,154,683,562,10420,68,2026-01-18,2025-12-28 00:00:00,3.0,560.0,10.0,2.0,45.0,1,0,0.0,2.0,45.0,3,0.25,0.25,0.0,1,0,0,0.0753212228622064,0.1328708644610459,0.0709071949947862,899200,16672000,9554,177140,1888000,20060,4800,764800.0,9.0,0,14,1710,1.0,1.0,0.0,0.0,-2.0,0.0,0,0,0,0.0,0.0692041522491349,-0.0127299645584323,0.25,0.25,0.25,2.0,45.0,2.0,45.0,2.0,45.0,515.0,1545.0,560.0,10.0,0.0,9.0,0.0,0.0,1.0,0.0,0.0,0.0,0.0,1.0,0.0,1.0,0.0852842809364548,0.0619946091644204,0.0232896717720343,61.99999225000097,1.0,0.0,0.0,0.0,18.0,1.0,1,0.0540766503912781,41.20877533275366,59804.0,1,0,1,0,3,61.7,53.2,0.0035581482629778,8.5,1.0,0.8317535545023695,68.3,66.2,-0.6206508282124525,-0.6000000000000085,5.0,0.3320014635014737,D,2.0,0.0,0.1768545994065282,0.0,0.1883530482256596,0.1552901023890785,0.0,0.1712962962962963,0.0,0.0,0.0,0.0353709198813056,2.0,0,0.0644834262969585,0.0706031923418278,0.1212121212121212,1.0,0.0,0.2847623045123583,15.6,3.4422919503927893
2026031406020511,2026,314,06,ランプローグ,2023106780,3,2,733,吉田豊,1108,550,404.0,4.0,-1.0,1354,13,4,8,3,5,1600,18,1,1,0,16,2,5,ダノンキングリー,ベネラ,ディープインパクト,フォーティナイナー,1,0,1,0,0,0,1,0,0,0,0,0,0,2,1,2,1,0,1,487,172,156,670,634,11808,292,2026-03-14,2026-02-14 00:00:00,4.0,550.0,0.0,4.666666666666667,493.3333333333333,4,1,0.2,6.0,930.0,2,0.3333333333333333,0.3333333333333333,0.0,1,0,0,0.0461876832844574,0.0565797838525111,0.0457198443579766,1014400,18892800,11412,212544,1172800,13194,4800,646400.0,12.0,0,10,1650,1.0,1.0,0.0,0.0,-4.0,1.0,0,0,0,1.914854215512676,0.0825035561877667,0.0005694393801994,0.25,0.2,0.2,4.75,568.25,3.851851851851852,427.925925925926,2.7475582268970697,280.98572501878283,495.0,1485.0,550.0,0.0,0.0,12.0,0.0,0.0,3.0,0.0,1.0,0.0,0.0,0.0,1.0,0.0,0.0868094701240135,0.0598859315589353,0.0269235385650781,60.87499239062596,1.0,0.0,0.5,1.0,11.0,1.0,0,0.1286250939143501,37.26016528925619,13310.0,1,0,1,0,12,0.0,0.0,0.0,0.0,0.0,0.0,67.0,0.0,-0.4171403371287088,2.299999999999997,0.0,0.330333406833746,D,1.0,0.037037037037037,0.0932859909619109,0.3970267845700371,0.0799319727891156,0.1014568158168574,0.0,0.1022727272727272,0.0,0.1666666666666666,0.0049478832927506,0.0686571981923821,1.0,0,0.0644834262969585,0.0706031923418278,0.0714285714285714,0.1,0.0,0.032170800363082376,135.4,3.355926369161354
2026032109010911,2026,321,09,ショウナンバンライ,2023107036,3,1,1102,北村友一,1149,570,474.0,2.0,1.0,427,10,3,10,4,4,2000,17,1,1,0,12,1,9,オルフェーヴル,シュガーショック,ステイゴールド,Candy Ride,1,1,0,0,0,0,0,1,0,0,0,0,0,4,1,0,1,1,1,488,172,152,669,451,5985,276,2026-03-21,2026-03-01 00:00:00,2.857142857142857,570.0,0.0,2.0,41.333333333333336,4,1,0.2,1.0,28.0,3,0.25,0.3333333333333333,0.0,0,1,0,0.0998910279694878,0.0773109243697479,0.1077586206896551,902000,11970000,7667,101745,2204000,18734,6000,948000.0,8.571428571428571,0,36,1710,1.5718077340004204,0.796969696969697,0.1818181818181818,0.3636363636363636,2.0,1.0,0,0,0,6.2182527020592095,0.0779944289693593,-0.0039396878382079,0.3333333333333333,0.25,0.2,1.875,37.375,2.4074074074074083,37.62962962962963,3.0353117956423734,36.41848234410217,515.0,1545.0,570.0,0.0,0.0,8.571428571428571,0.0,0.0,3.0,0.0,1.0,0.0,0.0,0.0,1.0,0.0,0.0976253298153034,0.0712166172106825,0.0264087126046209,48.79999512000049,2.0,0.0,0.0,0.0,17.0,0.0,0,0.1286250939143501,37.26016528925619,13310.0,1,0,1,0,12,0.0,0.0,0.0,0.0,0.0,0.0,66.9,0.0,-0.4014856839684216,12.600000000000009,0.0,0.2382900008842543,D,2.0,0.2,0.1032885595182955,1.936322869955157,0.106951871657754,0.1004901960784313,0.375,0.1,0.5,0.4285714285714285,0.7923944319880419,0.3581577119036591,2.0,0,0.0644834262969585,0.0706031923418278,0.0895522388059701,1.0,0.0,0.09906835804466972,42.7,3.2302188885073972
2026022109010108,2026,221,09,ガウディ,2023105897,3,1,1126,松山弘平,1168,570,460.0,8.0,-1.0,192,7,2,4,6,6,2200,17,1,1,0,7,1,1,レイデオロ,グラディーヴァ,キングカメハメハ,ハービンジャー,1,0,0,0,0,0,0,0,1,0,0,0,0,1,1,1,1,0,0,467,162,153,639,827,4583,250,2026-02-21,2026-01-10 00:00:00,6.0,570.0,0.0,2.5,58.0,2,1,0.3333333333333333,1.0,62.0,1,0.5,0.5,0.0,0,0,1,0.1426993187258332,0.1502808988764045,0.1442424242424242,1819400,10082600,14059,77911,2477200,19142,6600,1012000.0,18.0,0,1,1710,1.4093616281427963,0.4969696969696969,0.1212121212121212,0.4242424242424242,-8.0,7.0,1,0,0,9.899494936611664,0.0642201834862385,-0.0177139333213287,0.3333333333333333,0.5,0.3333333333333333,2.5,58.0,3.0000000000000004,56.66666666666667,3.454545454545454,55.45454545454545,515.0,1545.0,570.0,0.0,1.0,18.0,0.0,0.0,2.0,0.0,0.0,0.0,0.0,1.0,0.0,1.0,0.0976253298153034,0.0712166172106825,0.0264087126046209,42.45454159504168,2.0,0.0,0.5,0.7071067811865476,18.0,1.0,0,0.1286250939143501,37.26016528925619,13310.0,1,0,1,0,6,0.0,0.0,0.0,0.0,0.0,0.0,0.0,0.0,0.0,0.0,0.0,0.0,C,2.0,0.217391304347826,0.2202868852459016,0.98685540950455,0.2325581395348837,0.2065217391304347,0.2761194029850746,0.2761194029850746,0.2,0.0,0.4926201273712328,0.2421170785417176,2.0,0,0.0644834262969585,0.0706031923418278,0.1428571428571428,1.0,0.0,0.21808973518791588,19.2,3.187322915607985
2026030109010404,2026,301,09,ブームバップビート,2023110070,3,1,1171,西村淳也,1137,570,532.0,8.0,-1.0,206,4,2,3,8,8,1800,24,1,0,1,8,1,4,Into Mischief,Point of Honor,Harlan's Holiday,Curlin,0,0,0,1,0,1,0,0,0,0,1,0,1,3,0,1,1,0,2,468,161,153,646,151,724,93,2026-03-01,2026-01-17 00:00:00,6.142857142857143,570.0,0.0,3.0,59.66666666666666,4,1,0.2,5.0,95.0,3,0.25,0.0,0.3333333333333333,0,1,0,0.0960348384139353,0.1849935316946959,0.0723039215686274,271800,1303200,3624,17376,2107800,28104,5400,957600.0,18.42857142857143,4,12,1710,1.0,1.0,0.0,0.0,-8.0,-0.5,0,0,0,5.163977794943208,0.0851498637602179,0.0032157469526506,0.25,0.2,0.3333333333333333,3.875,64.625,4.111111111111112,54.48148148148148,4.709241172051088,44.02930127723516,515.0,1545.0,570.0,0.0,1.0,18.42857142857143,0.0,0.0,3.0,0.0,1.0,0.0,0.0,0.0,0.0,1.0,0.0675718345437322,0.0804567869192836,-0.0128849523755514,51.99999422222287,1.0,0.75,0.25,1.5275252316519463,24.0,0.0,2,0.1271399798590131,33.10866062437059,15888.0,1,0,1,0,12,63.3,0.0,-0.0806637492690641,-3.299999999999997,0.0,0.9563318777292577,64.6,0.0,-0.0414286612817954,-1.1000000000000083,0.0,0.5064389713589333,B,2.0,0.2631578947368421,0.2885085574572127,0.9121320249776984,0.3227783452502553,0.2374429223744292,0.3574468085106383,0.3574468085106383,0.6,0.0,0.563569286541272,0.4164251157467616,2.0,0,0.0644834262969585,0.0706031923418278,0.2,0.4,0.0,0.20305045357719648,20.6,3.1828393436902473
2026010406010110,2026,104,06,グランセレスト,2023100953,3,1,1122,三浦皇成,1152,570,522.0,6.0,-1.0,311,6,1,4,6,6,1600,18,1,1,0,8,1,1,モーリス,ハンティングシーズン,スクリーンヒーロー,Pioneerof the Nile,1,0,0,0,0,0,1,0,0,0,0,0,4,2,1,0,1,0,0,493,174,154,675,803,9842,272,2026-01-04,2025-11-30 00:00:00,5.0,560.0,10.0,4.0,56.333333333333336,5,1,0.1666666666666666,7.0,106.0,1,0.5,0.5,0.0,1,0,0,0.0919452887537994,0.0755885997521685,0.0974124809741248,1284800,15747200,14454,177156,1795200,20196,4800,835200.0,15.0,4,2,1710,1.0,1.0,0.0,0.0,-6.0,5.125,1,0,0,6.41872261435248,0.0548469387755102,-0.0270871780320571,0.1666666666666666,0.1428571428571428,0.1428571428571428,4.8125,79.3125,4.530864197530864,88.0493827160494,4.547298681784032,113.71094870568947,515.0,1545.0,560.0,10.0,1.0,15.0,0.0,0.0,1.0,0.0,0.0,0.0,0.0,1.0,0.0,1.0,0.0797101449275362,0.0594214229867083,0.0202887219408278,61.624992296875966,1.0,3.0,0.0,0.5773502691896257,11.0,1.0,0,0.1286250939143501,37.26016528925619,13310.0,1,0,1,0,15,54.4,50.3,0.1809014952210635,4.100000000000001,1.0,0.9417721518987342,67.5,56.7,-0.4954136029301488,10.5,1.0,0.2741600635251516,D,1.0,0.0,0.0798274002157497,0.0,0.0601092896174863,0.0926916221033868,0.0787878787878787,0.0787878787878787,0.0,0.0,0.0,0.0553594194370893,1.0,0,0.0644834262969585,0.0706031923418278,0.2419354838709677,0.4,0.0,0.13011725117749895,31.1,3.0466465116202173
2026030706020302,2026,307,06,グランドスウェル,2023102833,3,1,1135,杉原誠人,1048,570,514.0,2.0,-1.0,379,11,4,7,2,3,1800,24,1,0,3,14,2,3,サトノダイヤモンド,ホットスウェル,ディープインパクト,Fusaichi Pegasus,0,0,0,0,0,1,0,0,0,0,1,0,0,1,1,4,1,0,1,476,166,155,648,546,12034,292,2026-03-07,2026-02-15 00:00:00,2.857142857142857,570.0,0.0,8.333333333333334,702.3333333333334,4,0,0.0,11.0,123.0,2,0.3333333333333333,0.0,0.0,0,1,0,0.0392918825561312,0.0547112462006079,0.034712950600801,982800,21661200,13104,288816,2043000,27240,5400,925200.0,8.571428571428571,0,3,1710,1.0,1.0,0.0,0.0,-2.0,2.0,0,0,0,5.6568542494923735,0.0747051114023591,-0.0072290054052081,0.1666666666666666,0.25,0.5,8.625,550.625,8.333333333333334,834.0370370370373,8.16679188580015,1150.6363636363633,515.0,1545.0,570.0,0.0,0.0,8.571428571428571,0.0,0.0,3.0,0.0,1.0,0.0,0.0,0.0,1.0,0.0,0.0577326801959412,0.0731387340111512,-0.0154060538152099,52.888883012346334,1.0,0.0,1.0,0.5773502691896258,23.0,1.0,1,0.0540766503912781,41.20877533275366,59804.0,1,0,1,0,12,54.1,0.0,0.211573683281576,0.6000000000000014,0.0,0.8969072164948454,64.8,64.8,-0.0727379676023719,-3.200000000000003,0.0,0.4690493750406435,C,1.0,0.054054054054054,0.0879471405787195,0.6146198011482986,0.0788671023965141,0.097898758357211,0.1428571428571428,0.090717299578059,0.3333333333333333,0.1111111111111111,0.1671482918892245,0.1890179995443153,1.0,0,0.0644834262969585,0.0706031923418278,0.0217391304347826,0.7,0.0,0.10565718425726595,37.9,3.004407283350379
2026022105010702,2026,221,05,ヒナノムサシ,2023101645,3,1,641,柴田善臣,1056,570,532.0,10.0,1.0,589,14,1,14,3,5,1400,23,1,0,1,16,1,7,ミッキーアイル,シルクリバー,ディープインパクト,タニノギムレット,0,0,0,1,0,0,0,0,0,1,0,0,3,2,0,0,1,0,0,498,169,161,671,787,6127,292,2026-02-21,2025-11-30 00:00:00,11.857142857142858,560.0,10.0,3.0,318.5,2,1,0.3333333333333333,1.0,102.0,1,0.5,0.0,0.5,1,0,0,0.0521148036253776,0.0287398673544583,0.0505050505050505,1101800,8577800,18101,140921,897400,14743,4200,744800.0,35.57142857142857,21,14,1710,1.9973830170813704,1.0185185185185186,0.1481481481481481,0.3518518518518518,10.0,1.0,0,0,1,1.4142135623730951,0.056,-0.0259341168075673,0.2,0.3333333333333333,0.3333333333333333,3.0,318.5,3.6666666666666674,390.6666666666667,4.2727272727272725,456.27272727272725,515.0,1545.0,560.0,10.0,2.0,35.57142857142857,0.0,0.0,2.0,0.0,0.0,0.0,0.0,1.0,1.0,0.0,0.0606701940035273,0.0690003365870077,-0.0083301425834804,71.14284697959329,0.0,3.0,0.0,0.0,23.0,0.0,2,0.1271399798590131,33.10866062437059,15888.0,1,0,1,0,6,68.6,52.9,-1.270915406309873,1.5,2.0,0.9326732673267328,67.1,0.0,-0.4327949902889959,-2.9000000000000057,0.0,0.4186417800991998,C,1.0,0.1333333333333333,0.0518655729028843,2.570748299319728,0.0483772198407838,0.0545200372786579,0.2,0.0471976401179941,0.0,0.25,0.6416666666666667,0.1853731145805768,1.0,0,0.0644834262969585,0.0706031923418278,0.0652173913043478,0.4,0.0,0.06753809917829785,58.9,2.9779940416017436
2026031407010105,2026,314,07,マイバレンタイン,2023106283,3,1,1200,西塚洸二,1071,570,514.0,6.0,-1.0,222,8,4,6,2,3,2000,11,1,1,0,18,1,1,キズナ,キトゥンズクイーン,ディープインパクト,Kitten's Joy,1,0,0,0,0,0,0,1,0,0,0,0,0,1,1,1,1,0,0,550,186,178,743,471,3885,292,2026-03-14,2026-02-14 00:00:00,4.0,570.0,0.0,11.0,140.0,1,0,0.0,11.0,140.0,1,0.5,0.5,0.0,0,1,0,0.0656716417910447,0.1193806193806193,0.0662824207492795,942000,7770000,5181,42735,2400000,13200,6000,1028000.0,12.0,0,1,1710,1.1869575735699964,1.059375,0.125,0.21875,-6.0,0.0,0,0,0,0.0,0.0984682713347921,0.0165341545272248,0.5,0.3333333333333333,0.3333333333333333,11.0,140.0,11.0,140.0,11.0,140.0,515.0,1545.0,570.0,0.0,0.0,12.0,0.0,0.0,3.0,0.0,1.0,0.0,0.0,0.0,1.0,0.0,0.0819415448851774,0.0685449957947855,0.0133965490903919,54.99999450000056,2.0,0.0,0.5,0.0,17.0,1.0,0,0.1286250939143501,37.26016528925619,13310.0,1,0,1,0,3,51.7,0.0,0.5299450078382424,0.0,0.0,0.934959349593496,74.3,66.8,-1.5599300178297335,-2.299999999999997,0.0,0.4274587705419148,C,2.0,0.3,0.2243573745944597,1.3371523915461625,0.2378971255673222,0.198092443140132,0.0,0.0,0.5,0.6,0.6259639968671805,0.3370501622161218,2.0,0,0.0644834262969585,0.0706031923418278,0.1257861635220125,0.7,0.0,0.17134367849009136,22.2,2.803829662480028
2026032207010409,2026,322,07,リアライズブラーヴ,2023103678,3,1,1216,吉村誠之,1157,570,472.0,2.0,-1.0,117,6,2,8,7,7,1600,11,2,1,0,10,1,4,エピファネイア,イルーシヴキャット,シンボリクリスエス,キングカメハメハ,1,0,0,0,0,0,1,0,0,0,0,0,0,6,0,1,1,0,0,502,176,155,687,436,2165,267,2026-03-22,2026-02-15 00:00:00,5.0,570.0,0.0,8.333333333333334,123.0,6,1,0.1428571428571428,11.0,78.0,1,0.5,0.5,0.0,1,0,0,0.0651056539120502,0.1348837209302325,0.074074074074074,697600,3464000,4796,23815,1945600,13376,4800,755200.0,15.0,0,24,1710,0.997965319170665,0.6414253897550112,0.0902004454342984,0.2661469933184855,-2.0,0.8125,0,0,0,7.615773105863902,0.0761523046092184,-0.0057818121983488,0.5,0.1666666666666666,0.1666666666666666,8.84375,113.625,7.436213991769548,107.440329218107,5.948016466833487,95.80720392919014,515.0,1545.0,570.0,0.0,1.0,15.0,0.0,0.0,3.0,0.0,1.0,0.0,0.0,0.0,0.0,1.0,0.0819415448851774,0.0685449957947855,0.0133965490903919,62.74999215625099,1.0,0.0,0.25,1.1547005383792517,23.0,1.0,0,0.1286250939143501,37.26016528925619,13310.0,1,0,1,0,18,0.0,0.0,0.0,0.0,0.0,0.0,68.7,0.0,-0.6832694408536055,1.5,0.0,0.3425713079751031,D,2.0,0.3018867924528302,0.1815519765739385,1.6628119293974437,0.1938775510204081,0.1678681771369722,0.0,0.0,0.3333333333333333,0.7142857142857143,0.6877041099275896,0.3413720978874712,2.0,0,0.0644834262969585,0.0706031923418278,0.197452229299363,1.0,0.0,0.3250254020292277,11.7,2.8027972037419637
2026041206030606,2026,412,06,ベルウッドピース,2023101642,3,1,1075,田辺裕信,1153,570,516.0,6.0,-1.0,224,10,2,9,2,2,1800,24,1,0,1,11,3,6,マジェスティックウォリアー,アオイシチフク,A.P. Indy,ドゥラメンテ,0,0,0,1,0,0,0,0,0,0,1,0,0,3,1,1,1,1,0,515,180,165,701,773,1230,1,2026-04-12,2026-03-14 00:00:00,4.142857142857143,570.0,0.0,3.333333333333333,331.3333333333333,4,1,0.2,7.0,744.0,2,0.3333333333333333,0.0,0.5,0,1,0,0.1011764705882353,0.0916214587100663,0.0989707046714172,1391400,2214000,18552,29520,1935000,25800,5400,928800.0,12.42857142857143,0,18,1710,1.0,1.0,0.0,0.0,-6.0,1.5,0,0,0,3.829708431025352,0.0747051114023591,-0.0072290054052081,0.3333333333333333,0.2,0.25,5.125,449.75,5.518518518518519,389.925925925926,6.5942900075131465,356.95266716754315,515.0,1545.0,570.0,0.0,1.0,12.42857142857143,0.0,0.0,4.0,1.0,1.0,0.0,0.0,0.0,1.0,0.0,0.0611861861861861,0.0753604193971166,-0.0141742332109304,57.22221586419824,1.0,0.0,0.25,0.5773502691896258,24.0,0.0,2,0.1271399798590131,33.10866062437059,15888.0,1,0,1,0,12,69.0,51.9,-1.3118116570572242,15.5,0.0,0.9308300395256917,70.1,55.8,-0.9024345850976364,2.299999999999997,0.0,0.1854178179371499,D,1.0,0.1764705882352941,0.1201232032854209,1.469079939668175,0.1032357473035439,0.1285604311008468,0.2222222222222222,0.1206896551724138,0.5,0.3333333333333333,0.5517219708396178,0.2851357517681953,1.0,0,0.0644834262969585,0.0706031923418278,0.087719298245614,0.7,0.0,0.16864399804134167,22.4,2.777625556126053
2026022806020105,2026,228,06,ピエスユニーク,2023103435,3,2,1126,松山弘平,1038,550,484.0,2.0,-1.0,164,6,4,3,4,8,2000,17,1,1,0,18,2,1,エピファネイア,ジュエラー,シンボリクリスエス,ヴィクトワールピサ,1,0,1,0,0,0,0,1,0,0,0,0,0,1,1,1,1,0,1,501,173,160,677,436,6427,267,2026-02-28,2025-12-20 00:00:00,10.0,550.0,0.0,7.0,83.0,1,0,0.0,7.0,83.0,2,0.3333333333333333,0.3333333333333333,0.0,0,1,0,0.1426993187258332,0.1093673369298675,0.1065573770491803,872000,12854000,7412,109259,2252000,19142,6000,968000.0,30.0,0,1,1650,0.8116334271809865,1.0677419354838709,0.064516129032258,0.2903225806451613,-2.0,0.0,0,0,0,0.0,0.0739371534195933,-0.0079969633879739,0.5,0.3333333333333333,0.3333333333333333,7.0,83.0,7.0,83.0,7.0,83.0,495.0,1485.0,550.0,0.0,2.0,30.0,0.0,0.0,2.0,0.0,0.0,0.0,0.0,1.0,1.0,0.0,0.078883495145631,0.0677799607072691,0.0111035344383619,50.0999949900005,2.0,0.0,0.5,0.0,17.0,0.0,1,0.0540766503912781,41.20877533275366,59804.0,1,0,1,0,3,52.3,52.3,0.395606811644653,-17.400000000000006,0.0,0.9304812834224598,67.7,55.6,-0.5267229092507254,-0.7999999999999972,0.0,0.5461757804864895,B,1.0,0.1818181818181818,0.1484942886812045,1.224411951684679,0.1505216095380029,0.1459408728296574,0.2222222222222222,0.1572700296735905,0.4,0.3333333333333333,0.4911563184290457,0.260809968847352,1.0,0,0.0644834262969585,0.0706031923418278,0.197452229299363,1.0,0.0,0.21876453286557154,16.4,2.587738338995373
2026011208010503,2026,112,08,ハンザキ,2023101004,3,2,1181,秋山稔樹,1129,550,446.0,0.0,0.0,298,8,4,4,3,5,1400,24,1,0,1,16,1,5,ハクサンムーン,ミッキーアップル,アドマイヤムーン,クロフネ,0,0,0,1,0,0,0,0,0,1,0,0,1,2,2,1,1,0,0,554,190,172,747,706,12928,236,2026-01-12,2025-12-07 00:00:00,5.142857142857143,550.0,0.0,6.0,538.6666666666666,3,0,0.0,6.0,1110.0,1,0.5,0.0,0.5,1,0,0,0.042016806722689,0.0760667903525046,0.0294117647058823,988400,18099200,16944,310272,1653400,28344,4200,624400.0,15.42857142857143,5,10,1650,1.0,1.0,0.0,0.0,0.0,0.0,0,0,0,4.0,0.0553435114503816,-0.0265906053571856,0.2,0.3333333333333333,0.3333333333333333,6.0,681.5,6.222222222222223,508.0,6.520661157024793,336.9669421487603,495.0,1485.0,550.0,0.0,1.0,15.42857142857143,0.0,0.0,1.0,0.0,0.0,0.0,0.0,1.0,1.0,0.0,0.0625,0.0825410544511668,-0.0200410544511668,79.14284583673631,0.0,1.0,0.0,1.1547005383792517,17.0,1.0,2,0.1271399798590131,33.10866062437059,15888.0,1,0,1,0,9,74.8,0.0,-0.6860086377806184,2.200000000000003,0.0,0.947080291970803,74.7,0.0,-1.6225486304708867,20.40000000000001,0.0,0.1826670796759977,D,2.0,0.0,0.1146601146601146,0.0,0.1151315789473684,0.1141924959216965,0.12,0.12,0.0,0.0,0.0,0.0829320229320229,2.0,0,0.0644834262969585,0.0706031923418278,0.0802010314792535,0.7,0.0,0.11623331609681756,29.8,2.4637528196851632
2026030806020411,2026,308,06,アメテュストス,2023103814,3,1,1096,大野拓弥,1169,570,456.0,4.0,1.0,375,7,2,9,8,9,2000,17,1,1,0,10,2,4,サートゥルナーリア,メガン,ロードカナロア,ディープインパクト,1,1,0,0,0,0,0,1,0,0,0,0,0,3,2,0,1,1,0,471,160,159,639,558,13361,328,2026-03-08,2026-01-18 00:00:00,7.0,570.0,0.0,3.6666666666666665,154.33333333333334,4,1,0.2,8.0,281.0,2,0.3333333333333333,0.3333333333333333,0.0,0,1,0,0.0562432723358449,0.0760340632603406,0.0651577503429355,1116000,26722000,9486,227137,2192000,18632,6000,912000.0,21.0,0,12,1710,1.224472261437868,0.73568281938326,0.1233480176211453,0.2951541850220264,4.0,1.25,0,0,0,5.744562646538029,0.0637720488466757,-0.0181620679608915,0.25,0.2,0.2,5.125,214.0,4.444444444444445,209.3703703703704,4.064613072877535,221.6784372652141,515.0,1545.0,570.0,0.0,1.0,21.0,0.0,0.0,3.0,0.0,1.0,0.0,0.0,0.0,0.0,1.0,0.078883495145631,0.0677799607072691,0.0111035344383619,47.09999529000047,2.0,0.0,0.0,0.5773502691896258,17.0,0.0,0,0.1286250939143501,37.26016528925619,13310.0,1,0,1,0,12,51.7,0.0,0.456951187765678,0.0,0.0,0.9564032697547684,63.9,55.7,0.06815391084022,8.199999999999996,2.0,0.2986488987093386,D,1.0,0.2333333333333333,0.09967585089141,2.340921409214092,0.0699029126213592,0.1210013908205841,0.0,0.0866141732283464,0.25,0.5,0.6041666666666666,0.169935170178282,1.0,0,0.0644834262969585,0.0706031923418278,0.141025641025641,0.7,0.0,0.08738311008386461,37.5,2.276866628144923
2026012410010106,2026,124,10,ニホンピロロジャー,2023102994,3,1,1124,国分恭介,1193,570,440.0,0.0,0.0,561,14,3,2,3,6,2000,17,1,1,0,18,1,1,ロジャーバローズ,ニホンピロカフェ,ディープインパクト,ジャングルポケット,0,1,0,0,0,0,0,1,0,0,0,0,0,1,1,0,1,1,0,495,168,162,678,837,9382,292,2026-01-24,0,0.0,0.0,570.0,0.0,0.0,0,0,0.0,0.0,0.0,2,0.3333333333333333,0.0,0.0,0,1,0,0.0394671928959052,0.036388140161725,0.0451388888888888,1674000,18764000,14229,159494,2248000,19108,6000,880000.0,0.0,0,1,1710,1.0,1.0,0.0,0.0,0.0,0.0,0,0,0,0.0,0.0545454545454545,-0.0273886622621127,0.5,0.0,0.5,0.0,0.0,0.0,0.0,0.0,0.0,515.0,1545.0,0.0,570.0,0.0,0.0,0.0,1.0,1.0,0.0,0.0,0.0,0.0,1.0,1.0,0.0,0.0700298705609027,0.0643879173290938,0.0056419532318089,49.4999950500005,2.0,0.0,0.0,0.0,0.0,1.0,1,0.0540766503912781,41.20877533275366,59804.0,1,0,1,0,0,73.0,55.8,-0.5912590030570709,-3.9000000000000057,6.0,0.9269662921348314,67.8,53.2,-0.5423775624110125,14.599999999999994,6.0,0.4169356001738476,C,2.0,0.0,0.0448979591836734,0.0,0.0285714285714285,0.0571428571428571,0.0,0.0,0.0,0.0,0.0,0.0314285714285714,2.0,0,0.0644834262969585,0.0706031923418278,0.0909090909090909,0.7,0.0,0.05498826480795313,56.1,2.0848416557261706
2026041203010212,2026,412,03,ヤマカツレオン,2017103384,9,3,1204,河原田菜,431,540,506.0,10.0,-1.0,840,11,2,7,3,4,1700,24,1,0,1,15,1,2,スピルバーグ,ヤマカツマヤリス,ディープインパクト,クロフネ,0,0,0,0,0,0,0,0,0,0,0,0,0,3,2,9,10,2,0,386,133,128,532,601,13642,292,2026-04-12,2026-03-29 00:00:00,2.0,580.0,-40.0,8.666666666666666,796.3333333333334,26,10,0.3703703703703703,5.0,656.0,12,0.7692307692307693,0.0,0.0,0,0,0,0.0230627306273062,0.0433925049309664,0.0125,1021700,23191400,14424,327408,2046800,28896,15300,860200.0,18.0,0,6,4860,2.419294066838981,0.0,0.1818181818181818,0.3090909090909091,-10.0,7.922205567359924,1,0,1,9.230384607371567,0.0648734177215189,-0.0170606990860483,0.3571428571428571,0.3846153846153846,0.2352941176470588,7.555440425872803,687.3574601113796,7.967845016527594,763.7066810193055,7.629798466224352,768.9577117285202,485.0,4365.0,580.0,0.0,0.0,18.0,0.0,0.0,4.0,1.0,1.0,0.0,0.0,0.0,1.0,0.0,0.0642265193370165,0.0716004813477737,-0.0073739620107571,45.41175936332243,1.0,0.0,2.25,0.5773502691896248,24.0,0.0,3,0.0446596717783158,59.28527710519236,14868.0,5,0,0,1,234,68.7,64.4,-0.3649126534397073,-3.0,3.0,0.9681274900398406,53.2,53.2,1.7432017989910376,-11.200000000000005,4.0,0.7068667667452471,A,2.0,0.0227272727272727,0.0800920117105813,0.2837645383337289,0.0789237668161434,0.0811128526645768,0.0,0.0,0.0,0.3333333333333333,0.0122810811778046,0.1560644081974069,2.0,0,0.0644834262969585,0.0706031923418278,0.0,0.7,0.0,0.03628160196702256,84.0,2.0476545652298954
2026041906030806,2026,419,06,ルーナディサングエ,2023103013,3,1,1129,菅原隆一,1090,570,464.0,2.0,-1.0,653,6,2,2,5,5,1800,24,1,0,1,6,3,8,リアルスティール,ブラッディムーン,ディープインパクト,アドマイヤムーン,0,0,0,1,1,0,0,0,0,0,1,0,0,2,1,2,1,1,0,542,186,177,734,813,11299,292,2026-04-19,2026-03-22 00:00:00,4.0,570.0,0.0,4.0,755.0,4,1,0.2,1.0,290.0,2,0.3333333333333333,0.0,0.3333333333333333,0,1,0,0.0138888888888888,0.018,0.0,1463400,20338200,19512,271176,2032200,27096,5400,835200.0,12.0,0,16,1710,1.6450459822058106,1.9619047619047616,0.1428571428571428,0.3809523809523809,-2.0,6.75,1,0,0,6.733003292241381,0.0596590909090909,-0.0222750258984763,0.25,0.2,0.2,4.25,881.25,6.703703703703706,1269.481481481482,9.844477836213372,1781.8767843726516,515.0,1545.0,570.0,0.0,0.0,12.0,0.0,0.0,4.0,1.0,1.0,0.0,0.0,0.0,0.0,1.0,0.0611861861861861,0.0753604193971166,-0.0141742332109304,60.22221553086494,1.0,0.0,0.5,1.0,23.0,1.0,2,0.1271399798590131,33.10866062437059,15888.0,1,0,1,0,12,0.0,0.0,0.0,0.0,0.0,0.0,73.4,53.5,-1.419038139387143,-6.299999999999997,8.0,0.6086113876012083,B,1.0,0.0638297872340425,0.0391880462362559,1.628807592224093,0.0334328358208955,0.0443376068376068,0.0,0.0368852459016393,0.1428571428571428,0.1666666666666666,0.356866421756212,0.0578376092472512,1.0,0,0.0644834262969585,0.0706031923418278,0.1296296296296296,1.0,0.0,0.04362239339171366,65.3,1.8485422884789018
2026022806020106,2026,228,06,アイドクレース,2023104487,3,2,1209,石神深道,1132,520,424.0,4.0,-1.0,263,6,2,3,1,1,1800,17,1,1,0,9,2,1,ダノンバラード,ビジュティエ,ディープインパクト,オルフェーヴル,1,0,3,0,0,0,0,1,0,0,0,0,1,2,2,4,1,0,3,453,160,149,634,639,10394,292,2026-02-28,2026-02-14 00:00:00,2.0,550.0,-30.0,3.0,192.3333333333333,7,1,0.125,5.0,235.0,4,0.2,0.2,0.0,0,1,0,0.0298329355608591,0.0624249699879951,0.028169014084507,1150200,18709200,10863,176698,2176200,20553,5400,763200.0,6.0,1,2,1560,0.8895290101480529,2.462962962962963,0.074074074074074,0.5185185185185185,-4.0,1.25,0,0,0,3.0331501776206102,0.0756578947368421,-0.0062762220707252,0.125,0.1111111111111111,0.1111111111111111,3.671875,212.234375,3.727023319615913,229.3127572016461,4.110506496812696,288.9751981444612,465.0,1395.0,550.0,0.0,0.0,6.0,0.0,0.0,2.0,0.0,0.0,0.0,0.0,1.0,1.0,0.0,0.078883495145631,0.0677799607072691,0.0111035344383619,50.33332774074137,1.0,0.75,1.0,0.5773502691896262,17.0,0.0,1,0.0540766503912781,41.20877533275366,59804.0,1,0,1,0,21,52.7,51.4,0.3547105608973021,1.3000000000000045,1.0,0.9151193633952254,63.4,57.3,0.1464271766416601,-17.000000000000007,1.0,0.5979498506782197,B,1.0,0.0294117647058823,0.0931174089068826,0.3158567774936061,0.0929235167977126,0.0933706816059757,0.0,0.109717868338558,0.0,0.0,0.0,0.0186234817813765,1.0,0,0.0644834262969585,0.0706031923418278,0.03125,0.4,0.0,0.10672586267881903,26.3,1.8068901884529405
2026032806030111,2026,328,06,エヒト,2017100464,9,1,1088,川田将雅,427,570,470.0,6.0,-1.0,414,10,4,4,3,4,2500,17,1,1,0,15,3,1,ルーラーシップ,ヒーラ,キングカメハメハ,ディープインパクト,6,3,4,0,0,0,0,5,1,0,0,0,0,6,15,14,6,3,4,397,146,121,543,825,10355,250,2026-03-28,2026-01-25 00:00:00,8.857142857142858,570.0,0.0,6.0,1711.6666666666667,36,6,0.1621621621621621,3.0,2679.0,13,0.4285714285714285,0.4285714285714285,0.0,0,5,1,0.2695573074590661,0.0937829293993677,0.2320441988950276,2062500,25887500,14025,176035,2720000,18496,22500,1175000.0,79.71428571428572,0,6,5130,0.972078005173488,0.6367052023121387,0.0852601156069364,0.2622832369942196,-6.0,4.788036705169361,1,0,0,5.099019513592071,0.0618556701030927,-0.0200784467044745,0.1739130434782608,0.1818181818181818,0.1621621621621621,5.396237510431092,2007.998681547732,6.2152852442892295,1687.412783859777,6.7536695018634365,1259.4448329252032,515.0,4635.0,570.0,0.0,2.0,79.71428571428572,0.0,0.0,3.0,0.0,1.0,0.0,0.0,0.0,1.0,0.0,0.0743550834597875,0.081242532855436,-0.0068874493956485,31.759997459200203,3.0,0.0,10.5,0.5773502691896251,18.0,1.0,0,0.1286250939143501,37.26016528925619,13310.0,5,0,0,1,324,0.0,0.0,0.0,0.0,0.0,0.0,54.3,54.3,1.57100061422787,-9.700000000000005,8.0,0.6958208512483127,A,2.0,0.125,0.1347506393861892,0.9276393831553974,0.1303021055843759,0.1396441758979523,0.0,0.1264044943820224,0.1538461538461538,0.2,0.2234121688414393,0.0869501278772378,2.0,0,0.0644834262969585,0.0706031923418278,0.0492957746478873,1.0,0.0,0.06672611902338173,41.4,1.7624613275680034
2026012508010909,2026,125,08,ジャストビート,2023101090,3,2,1213,高杉吏麒,1042,550,428.0,2.0,1.0,1198,9,4,6,7,7,1600,17,1,1,0,9,1,9,デクラレーションオブウォー,ステルス,War Front,ディープインパクト,1,0,0,0,0,0,0,1,0,0,0,0,0,1,2,5,1,0,0,388,131,129,531,660,6903,220,2026-01-25,2025-12-13 00:00:00,6.142857142857143,550.0,0.0,4.666666666666667,1021.3333333333334,6,1,0.1428571428571428,7.0,1558.0,1,0.5,0.5,0.0,0,1,0,0.0918499353169469,0.0524737631184407,0.0705882352941176,1056000,11044800,11220,117351,1940800,20621,4800,684800.0,18.42857142857143,0,9,1650,1.2262202250490988,0.8895734597156398,0.1090047393364928,0.3412322274881517,2.0,2.5,1,0,0,4.147288270665541,0.0782918149466192,-0.003642301860948,0.1428571428571428,0.1111111111111111,0.1111111111111111,5.875,1176.28125,5.823045267489713,928.4609053497944,6.492136031443454,673.9920708347045,495.0,1485.0,550.0,0.0,1.0,18.42857142857143,0.0,0.0,1.0,0.0,0.0,0.0,0.0,1.0,0.0,1.0,0.0852842809364548,0.0619946091644204,0.0232896717720343,48.49999393750076,1.0,0.0,1.25,1.0,17.0,0.0,0,0.1286250939143501,37.26016528925619,13310.0,1,0,1,0,18,70.6,70.6,-0.4649261567590071,-6.200000000000003,0.0,0.9360465116279072,53.1,53.1,1.7588564521513257,-2.0,2.0,0.6210729669489425,B,2.0,0.1428571428571428,0.0886647199362888,1.6112061591103506,0.08,0.0954180444024563,0.0,0.0770925110132158,0.0,0.0,0.4213216424294268,0.0177329439872577,2.0,0,0.0644834262969585,0.0706031923418278,0.0,0.4,0.0,0.02270200000234602,119.8,1.7196996002810532
2026022806020111,2026,228,06,ウイングレイテスト,2017101423,9,1,1085,松岡正海,1048,570,520.0,0.0,0.0,375,10,2,7,2,4,1200,18,1,1,0,16,2,1,スクリーンヒーロー,グレートキャティ,グラスワンダー,サクラユタカオー,4,8,6,0,0,0,4,1,0,0,0,0,2,22,19,3,5,9,7,531,180,184,726,584,4714,255,2026-02-28,2026-01-17 00:00:00,6.0,580.0,-10.0,6.0,172.33333333333334,42,4,0.0930232558139534,1.0,126.0,21,0.2272727272727272,0.2105263157894736,0.0,4,1,0,0.0400977995110024,0.0547112462006079,0.0389105058365758,700800,5656800,10512,84852,1302000,19530,10800,624000.0,54.0,2,22,5130,1.4462082979307989,0.9744680851063828,0.1063829787234042,0.4468085106382978,0.0,5.8384632542502,1,0,0,8.53229160308062,0.0765027322404371,-0.0054313845671301,0.1379310344827586,0.1052631578947368,0.0930232558139534,4.326785956894582,200.3889322397368,5.811863292157173,249.8597221234533,6.866943081708132,284.1239424362692,515.0,4635.0,580.0,0.0,1.0,54.0,0.0,0.0,2.0,0.0,0.0,0.0,0.0,1.0,1.0,0.0,0.0868094701240135,0.0598859315589353,0.0269235385650781,88.49998525000245,0.0,2.0,0.0,0.0,18.0,0.0,3,0.0446596717783158,59.28527710519236,14868.0,5,0,0,1,378,159.5,0.0,-10.56458838864524,0.0,0.0,0.9881154499151104,72.6,0.0,-1.293800914104837,16.099999999999994,0.0,0.1247641400052755,D,1.0,0.0625,0.0880474452554744,0.7098445595854923,0.0790048013967699,0.0979455327281414,0.2,0.0911016949152542,0.0,0.1111111111111111,0.2356460492227979,0.1509428223844282,1.0,0,0.0644834262969585,0.0706031923418278,0.1527777777777778,0.7,0.0,0.07151600941523038,37.5,1.6818503530711393
2026032206020807,2026,322,06,マイネルマスター,2023106439,3,1,1092,津村明秀,1156,570,448.0,6.0,1.0,159,3,2,5,6,6,2000,17,1,1,0,8,2,8,シルバーステート,コスモバルバラ,ディープインパクト,ロージズインメイ,1,0,0,0,0,0,0,1,0,0,0,0,1,5,2,0,1,1,0,506,176,159,688,570,4947,292,2026-03-22,2026-02-28 00:00:00,3.142857142857143,570.0,0.0,8.333333333333334,721.6666666666666,7,1,0.125,5.0,1168.0,2,0.3333333333333333,0.5,0.0,0,1,0,0.0749601275917065,0.0449750138811771,0.0737877723120168,1140000,9894000,9690,84099,2184000,18564,6000,896000.0,9.428571428571429,8,40,1710,1.0,1.0,0.0,0.0,6.0,1.1875,0,0,0,4.774934554525334,0.0868824531516184,0.004948336344051,0.1666666666666666,0.1428571428571428,0.125,6.828125,798.890625,6.530864197530866,659.1742112482854,5.853515063833533,568.0899596457587,515.0,1545.0,570.0,0.0,0.0,9.428571428571429,0.0,0.0,3.0,0.0,1.0,0.0,0.0,0.0,0.0,1.0,0.078883495145631,0.0677799607072691,0.0111035344383619,50.59999494000051,2.0,0.5,0.0,0.5773502691896258,18.0,1.0,0,0.1286250939143501,37.26016528925619,13310.0,1,0,1,0,21,52.7,0.0,0.3547105608973021,-0.1999999999999957,0.0,0.9345549738219896,68.8,0.0,-0.6989240940138927,4.599999999999994,0.0,0.2799604386174328,D,1.0,0.0,0.0509309967141292,0.0,0.0618860510805501,0.0371287128712871,0.0,0.0684931506849315,0.0,0.0,0.0,0.0101861993428258,1.0,0,0.0644834262969585,0.0706031923418278,0.0519480519480519,0.7,0.0,0.16744189576570204,15.9,1.6623261426746625
2026012506010901,2026,125,06,スーパーガール,2023102602,3,2,1207,佐藤翔馬,1023,520,488.0,8.0,-1.0,113,5,3,5,7,13,1200,24,1,0,1,16,1,9,ドレフォン,パワースポット,Gio Ponti,スズカマンボ,0,0,0,1,0,1,0,0,0,1,0,0,1,3,3,0,1,0,1,511,179,163,707,685,10169,85,2026-01-25,2025-12-27 00:00:00,4.142857142857143,550.0,-30.0,6.0,142.66666666666666,4,0,0.0,7.0,53.0,2,0.3333333333333333,0.0,0.3333333333333333,1,0,0,0.0157367668097281,0.0861084681255946,0.0125523012552301,822000,12202800,16440,244056,1448400,28968,3600,585600.0,12.42857142857143,9,27,1560,1.0,1.0,0.0,0.0,-8.0,1.75,0,0,0,2.9999999999999987,0.0726052471018914,-0.0093288697056759,0.3333333333333333,0.1666666666666666,0.25,5.75,131.5,5.37037037037037,133.88888888888889,4.883546205860254,129.29376408715248,465.0,1395.0,550.0,0.0,1.0,12.42857142857143,0.0,0.0,1.0,0.0,0.0,0.0,0.0,1.0,0.0,1.0,0.0551495016611295,0.0763076923076923,-0.0211581906465627,85.16665247222458,0.0,1.0,0.0,0.5773502691896258,24.0,0.0,2,0.1271399798590131,33.10866062437059,15888.0,1,0,1,0,12,71.3,51.6,-1.5469650988544883,18.5,5.0,0.9053254437869822,70.7,64.4,-0.996362504059366,6.299999999999997,6.0,0.3591529449150126,C,1.0,0.0,0.1048963873097377,0.0,0.0840336134453781,0.1114864864864864,0.0,0.0938628158844765,0.0,0.0,0.0,0.0209792774619475,1.0,0,0.0644834262969585,0.0706031923418278,0.056338028169014,1.0,0.0,0.2313396921135513,11.3,1.6141385208831296
2026012506010902,2026,125,06,エコロストーム,2023102405,3,2,1179,菅原明良,1199,550,456.0,6.0,-1.0,127,3,3,3,4,5,1800,24,1,0,1,14,1,9,ロージズインメイ,ファミリーズオナー,Devil His Due,デュランダル,0,0,0,1,0,1,0,0,0,0,1,0,0,1,3,0,1,0,1,480,170,155,665,842,10746,46,2026-01-25,2026-01-10 00:00:00,2.142857142857143,550.0,0.0,4.0,721.0,1,0,0.0,4.0,721.0,2,0.3333333333333333,0.0,0.3333333333333333,0,1,0,0.0808792146820315,0.0635245901639344,0.0695296523517382,1515600,19342800,20208,257904,2122200,28296,5400,820800.0,6.428571428571429,0,9,1650,1.0235394733155794,0.464,0.08,0.16,-6.0,0.0,0,0,0,0.0,0.0766961651917404,-0.0052379516158268,0.25,0.25,0.3333333333333333,4.0,721.0,4.0,721.0,4.0,721.0,495.0,1485.0,550.0,0.0,0.0,6.428571428571429,0.0,0.0,1.0,0.0,0.0,0.0,0.0,1.0,1.0,0.0,0.0551495016611295,0.0763076923076923,-0.0211581906465627,53.33332740740807,1.0,0.0,0.0,0.0,24.0,0.0,1,0.0540766503912781,41.20877533275366,59804.0,1,0,1,0,3,54.0,0.0,0.2217977459684137,-4.399999999999999,0.0,0.9137055837563453,66.5,66.5,-0.3388670713272687,-0.9000000000000057,3.0,0.5790854780103668,B,1.0,0.0,0.0871080139372822,0.0,0.0714285714285714,0.1020408163265306,0.0,0.1111111111111111,0.0,0.0,0.0,0.0174216027874564,1.0,0,0.0644834262969585,0.0706031923418278,0.0434782608695652,0.7,0.0,0.20400395132503923,12.7,1.590850181827998
2026031409010711,2026,314,09,ポールセン,2022110140,4,1,1102,北村友一,1086,570,486.0,4.0,-1.0,170,8,2,5,7,10,1400,24,1,0,1,13,1,7,Into Mischief,Separationofpowers,Harlan's Holiday,Candy Ride,0,0,0,2,2,0,0,0,0,3,0,0,3,8,1,0,3,2,0,507,171,163,684,151,848,93,2026-03-14,2026-02-22 00:00:00,2.857142857142857,570.0,0.0,8.333333333333334,115.33333333333331,11,3,0.25,9.0,95.0,5,0.5,0.0,0.4,3,0,0,0.0998910279694878,0.0921810699588477,0.1077586206896551,211400,1187200,3624,20352,1542800,26448,5600,680400.0,11.428571428571429,21,56,2280,2.617592130304451,1.025,0.375,0.625,-4.0,0.052734375,0,0,0,8.294576541331098,0.0648535564853556,-0.0170805603222116,0.25,0.25,0.25,9.7236328125,114.236328125,9.163220376297652,106.74949618113772,7.372370811388406,85.19049310292007,515.0,2060.0,570.0,0.0,0.0,11.428571428571429,0.0,0.0,3.0,0.0,1.0,0.0,0.0,0.0,0.0,1.0,0.0675718345437322,0.0804567869192836,-0.0128849523755514,72.42856108163413,0.0,3.0,0.0,0.5773502691896256,24.0,0.0,2,0.1271399798590131,33.10866062437059,15888.0,0,1,0,0,44,0.0,0.0,0.0,0.0,0.0,0.0,68.4,53.4,-0.6363054813727419,5.400000000000006,9.0,0.3464410901266282,D,1.0,0.125,0.1255666364460562,0.9954873646209388,0.1126943005181347,0.1397900763358778,0.0,0.0697674418604651,0.3333333333333333,0.2222222222222222,0.2415049638989169,0.1251133272892112,1.0,0,0.0644834262969585,0.0706031923418278,0.2,1.0,0.0,0.1492690201164179,17.0,1.5375733419791042
2026031406020503,2026,314,06,ベアゴーフォー,2023101712,3,1,1085,松岡正海,1008,570,468.0,6.0,1.0,168,6,3,4,8,16,1200,24,1,0,1,16,2,5,シャンハイボビー,カレンシェリーメイ,Harlan's Holiday,ディープインパクト,0,0,0,1,0,1,0,0,0,1,0,0,0,4,5,1,1,0,1,497,173,165,679,565,3693,93,2026-03-14,2026-01-31 00:00:00,6.0,540.0,30.0,6.333333333333333,358.6666666666667,7,0,0.0,10.0,347.0,2,0.3333333333333333,0.0,0.3333333333333333,1,0,0,0.0400977995110024,0.036094674556213,0.0389105058365758,678000,4431600,13560,88632,1302000,26040,3600,561600.0,18.0,0,20,1710,0.3122137870968419,0.08875,0.025,0.1875,6.0,-1.90625,0,0,0,6.542170893518453,0.0736906211936662,-0.008243495613901,0.125,0.1,0.1428571428571428,7.703125,370.546875,7.234567901234569,393.0384087791496,6.768920742779954,424.96806206503743,515.0,1545.0,540.0,30.0,1.0,18.0,0.0,0.0,3.0,0.0,1.0,0.0,0.0,0.0,0.0,1.0,0.0577326801959412,0.0731387340111512,-0.0154060538152099,82.83331952778008,0.0,0.0,0.0,0.577350269189626,24.0,0.0,2,0.1271399798590131,33.10866062437059,15888.0,1,0,1,0,21,51.9,51.9,0.4365030623920032,-1.7000000000000028,1.0,0.9410187667560322,67.9,67.0,-0.5580322155713019,-5.299999999999997,2.0,0.5964553996989371,B,1.0,0.0967741935483871,0.0789621056561508,1.225577671013498,0.0792181069958847,0.0786562884063908,0.0,0.066465256797583,0.3333333333333333,0.0,0.2781647982917715,0.1157924211312301,1.0,0,0.0644834262969585,0.0706031923418278,0.0869565217391304,1.0,0.0,0.15037395195096231,16.8,1.5262823927761668
2026021405010508,2026,214,05,ファイヴレター,2017102043,9,1,1117,丸田恭介,1035,580,482.0,22.0,1.0,3710,16,4,10,1,1,1600,23,1,0,1,16,1,5,タイムパラドックス,ピンクサプライズ,ブライアンズタイム,ネオユニヴァース,0,0,0,2,3,2,0,0,0,2,0,0,0,3,19,35,2,4,5,540,183,176,728,620,10631,308,2026-02-14,2025-11-15 00:00:00,13.0,520.0,60.0,10.333333333333334,1798.6666666666667,54,2,0.0363636363636363,10.0,2497.0,11,0.1666666666666666,0.0,0.25,2,0,0,0.031893419459023,0.0154639175257731,0.0289093298291721,992000,17009600,14260,244513,1787200,25691,14400,771200.0,117.0,0,15,5220,0.4847206922611894,0.648360655737705,0.0327868852459016,0.1967213114754098,22.0,-10.314067887621617,0,1,1,9.65401470891774,0.0589788732394366,-0.0229552435681306,0.0344827586206896,0.0363636363636363,0.054054054054054,10.815393752703114,2082.070098236897,10.90187267958718,1862.0435008104128,10.46608686451845,1615.4134861809591,525.0,4725.0,520.0,60.0,3.0,117.0,1.0,0.0,2.0,0.0,0.0,0.0,0.0,1.0,1.0,0.0,0.0606701940035273,0.0690003365870077,-0.0083301425834804,67.49999156250107,1.0,0.0,8.75,0.5773502691896257,24.0,1.0,3,0.0446596717783158,59.28527710519236,14868.0,5,0,0,1,486,0.0,0.0,0.0,0.0,0.0,0.0,0.0,0.0,0.0,0.0,0.0,0.0,C,1.0,0.0,0.0412323372712531,0.0,0.0475713570355533,0.0357758620689655,0.031055900621118,0.031055900621118,0.0,0.0,0.0,0.0237744177648096,1.0,0,0.0644834262969585,0.0706031923418278,0.0,1.0,0.0,0.006791208304111366,371.0,1.519538280825317
2026032809020106,2026,328,09,ミトノリン,2023105185,3,2,1102,北村友一,1210,550,472.0,2.0,-1.0,352,8,3,5,6,6,1400,17,1,1,0,11,2,1,アメリカンペイトリオット,ツルマルサンチャン,War Front,ディープインパクト,1,0,1,0,0,0,1,0,0,0,0,0,0,3,6,1,1,0,1,382,132,123,528,405,8182,220,2026-03-28,2026-02-08 00:00:00,6.857142857142857,550.0,0.0,4.666666666666667,416.3333333333333,8,1,0.1111111111111111,10.0,65.0,2,0.3333333333333333,0.3333333333333333,0.0,1,0,0,0.0998910279694878,0.04,0.1077586206896551,567000,11454800,6885,139094,1542800,18734,4200,660800.0,20.57142857142857,0,3,1650,1.122383647774958,0.6609756097560976,0.0914634146341463,0.2804878048780488,-2.0,1.140625,0,0,0,2.9664793948382613,0.070886075949367,-0.0110480408582002,0.1428571428571428,0.1666666666666666,0.1111111111111111,6.7421875,246.9765625,6.688614540466394,346.3607681755831,7.973392546306487,442.8008489790538,495.0,1485.0,550.0,0.0,1.0,20.57142857142857,0.0,0.0,3.0,0.0,1.0,0.0,0.0,0.0,0.0,1.0,0.0876288659793814,0.0701932858596134,0.017435580119768,54.571420775511314,0.0,0.0,0.0,0.5773502691896258,17.0,0.0,0,0.1286250939143501,37.26016528925619,13310.0,1,0,1,0,24,64.4,64.4,-0.1385663038223437,-2.5,0.0,0.9402985074626864,52.8,52.8,1.8058204116321903,-4.800000000000004,0.0,0.5986282448111204,B,2.0,0.0392156862745098,0.0398230088495575,0.9847494553376906,0.0446428571428571,0.0350877192982456,0.0,0.0454545454545454,0.1666666666666666,0.0,0.1635802469135802,0.0579646017699115,2.0,0,0.0644834262969585,0.0706031923418278,0.0,1.0,0.0,0.07075170334432061,35.2,1.4904599577200859
2026011706010611,2026,117,06,ディヴィナシオン,2017100583,9,1,1179,菅原明良,427,540,492.0,12.0,1.0,2171,15,3,15,8,16,1200,18,1,1,0,16,1,6,ヴィクトワールピサ,フギン,ネオユニヴァース,Street Sense,3,8,2,0,0,0,4,0,0,0,0,0,0,7,21,32,4,8,4,466,155,160,635,862,11000,299,2026-01-17,2025-07-12 00:00:00,27.0,580.0,-40.0,9.333333333333334,509.0,56,4,0.0701754385964912,11.0,442.0,16,0.2352941176470588,0.2142857142857142,0.0,4,0,0,0.0808792146820315,0.0937829293993677,0.0695296523517382,1034400,13200000,15516,198000,1414800,21222,10800,590400.0,243.0,0,42,4860,0.6372070525537313,0.1828571428571428,0.0571428571428571,0.2428571428571428,12.0,-0.6170147516557798,0,0,1,3.5777087639998,0.0531177829099307,-0.0288163338976365,0.0689655172413793,0.0714285714285714,0.0701754385964912,9.352653663016834,491.0051144090648,9.011425177044424,519.0627665568313,8.74665695975702,545.3996838323685,485.0,4365.0,580.0,0.0,3.0,243.0,1.0,0.0,1.0,0.0,0.0,0.0,0.0,1.0,0.0,1.0,0.0797101449275362,0.0594214229867083,0.0202887219408278,77.66665372222438,0.0,0.0,0.0,0.5773502691896257,17.0,1.0,3,0.0446596717783158,59.28527710519236,14868.0,5,0,0,1,504,0.0,0.0,0.0,0.0,0.0,0.0,0.0,0.0,0.0,0.0,0.0,0.0,C,2.0,0.1428571428571428,0.1348350764279967,1.0594953972042278,0.1305547042598835,0.1395663956639566,0.1278409090909091,0.1278409090909091,0.0,0.0,0.3540993407696122,0.0908874698310539,2.0,0,0.0644834262969585,0.0706031923418278,0.0898876404494382,1.0,0.0,0.01111174000022408,217.1,1.4123587540486477
2026032806030110,2026,328,06,サンライズケヴィン,2023106546,3,1,1154,松若風馬,1082,570,490.0,0.0,0.0,302,7,2,5,3,3,1800,24,1,0,3,10,3,1,シニスターミニスター,カシュカシュ,Old Trieste,アフリート,0,0,0,0,2,0,0,0,0,0,2,0,0,6,0,0,2,2,0,488,164,162,664,563,3498,162,2026-03-28,2026-02-28 00:00:00,4.0,570.0,0.0,1.3333333333333333,70.33333333333333,5,2,0.3333333333333333,1.0,117.0,4,0.4,0.0,0.0,0,2,0,0.0582471420794774,0.0642092746730083,0.0238095238095238,1013400,6296400,13512,83952,2077200,27696,5400,882000.0,12.0,0,6,1710,1.4506378991299376,0.3822916666666666,0.1458333333333333,0.34375,0.0,4.375,1,0,0,7.924645102463588,0.046816479400749,-0.0351176374068182,0.3333333333333333,0.3333333333333333,0.3333333333333333,1.6875,91.4375,2.827160493827162,93.41975308641976,4.806297384058464,100.70705552899392,515.0,1545.0,570.0,0.0,0.0,12.0,0.0,0.0,3.0,0.0,1.0,0.0,0.0,0.0,1.0,0.0,0.0611861861861861,0.0753604193971166,-0.0141742332109304,54.22221619753154,1.0,0.0,0.0,0.0,24.0,0.0,2,0.1271399798590131,33.10866062437059,15888.0,1,0,1,0,15,60.1,60.1,0.0877800457950202,3.5,1.0,0.9616252821670428,66.4,54.6,-0.3232124181669815,4.6000000000000085,7.0,0.3597998891391512,C,2.0,0.0408163265306122,0.1245562130177514,0.3276940229773619,0.1234711706464764,0.1256764882742032,0.16,0.16,0.0,0.1428571428571428,0.0897660251749155,0.1477683854606931,2.0,0,0.0644834262969585,0.0706031923418278,0.0597014925373134,1.0,0.0,0.07987670908401373,30.2,1.4122766143372147
2026040506030406,2026,405,06,ジオストラテジー,2023105654,3,1,1162,木幡巧也,1106,570,512.0,4.0,1.0,769,15,4,13,4,8,1800,24,1,0,3,16,3,4,デクラレーションオブウォー,モエレヒストリー,War Front,ファルブラヴ,0,0,0,0,0,0,0,0,0,0,1,0,1,2,0,2,1,0,0,487,170,147,670,660,13506,220,2026-04-05,2026-03-07 00:00:00,4.142857142857143,570.0,0.0,5.666666666666667,288.6666666666667,4,1,0.2,1.0,69.0,1,0.5,0.0,0.0,0,1,0,0.0420475319926873,0.0616302186878727,0.0407055630936228,1188000,24310800,15840,324144,2091600,27888,5400,921600.0,12.42857142857143,4,8,1710,1.0,1.0,0.0,0.0,4.0,0.25,0,0,0,2.516611478423585,0.0766961651917404,-0.0052379516158268,0.25,0.2,0.5,3.75,194.375,4.333333333333333,199.00000000000003,4.482344102178812,174.65364387678432,515.0,1545.0,570.0,0.0,1.0,12.42857142857143,0.0,0.0,4.0,1.0,1.0,0.0,0.0,0.0,1.0,0.0,0.0611861861861861,0.0753604193971166,-0.0141742332109304,54.1111050987661,1.0,0.75,0.5,1.5275252316519468,24.0,0.0,1,0.0540766503912781,41.20877533275366,59804.0,1,0,1,0,12,0.0,0.0,0.0,0.0,0.0,0.0,67.0,54.3,-0.4171403371287088,2.0999999999999943,0.0,0.3353334068337461,D,1.0,0.0952380952380952,0.0978204462895692,0.973601111532146,0.0955528846153846,0.0995433789954337,0.0,0.1116625310173697,0.25,0.1333333333333333,0.2096269630752389,0.0945640892579138,1.0,0,0.0644834262969585,0.0706031923418278,0.0,0.7,0.0,0.030073184770821035,76.9,1.312627908876138
2026032809020109,2026,328,09,ジャストビート,2023101090,3,2,1126,松山弘平,1042,550,424.0,4.0,-1.0,285,5,4,6,4,4,1800,18,1,1,0,7,2,1,デクラレーションオブウォー,ステルス,War Front,ディープインパクト,1,0,0,0,0,0,0,1,0,0,0,0,0,1,2,5,1,0,0,388,131,129,531,660,6903,220,2026-03-28,2026-01-25 00:00:00,8.857142857142858,550.0,0.0,6.333333333333333,1401.6666666666667,7,1,0.125,6.0,1198.0,1,0.5,0.5,0.0,0,1,0,0.1426993187258332,0.0524737631184407,0.1442424242424242,1188000,12425400,11880,124254,2026800,20268,5400,763200.0,26.571428571428573,0,1,1650,1.2262202250490988,0.8895734597156398,0.1090047393364928,0.3412322274881517,-4.0,2.25,1,0,0,5.176871642217915,0.1088235294117647,0.0268894126041974,0.1428571428571428,0.1111111111111111,0.1111111111111111,5.9375,1187.140625,5.882030178326476,1018.3072702331964,6.40265675299919,769.2662397738491,495.0,1485.0,550.0,0.0,2.0,26.571428571428573,0.0,0.0,3.0,0.0,1.0,0.0,0.0,0.0,1.0,0.0,0.0877944325481798,0.0733113673805601,0.0144830651676197,43.11110632098819,1.0,0.0,1.25,0.5773502691896257,17.0,1.0,0,0.1286250939143501,37.26016528925619,13310.0,1,0,1,0,21,70.6,70.6,-0.4649261567590071,-6.200000000000003,0.0,0.9360465116279072,53.1,53.1,1.7588564521513257,-2.0,2.0,0.6210729669489425,B,2.0,0.1025641025641025,0.0887075546196367,1.1562048238606102,0.08026554013277,0.0952380952380952,0.1111111111111111,0.0543209876543209,0.25,0.1111111111111111,0.3341759872175302,0.1482970664794828,2.0,0,0.0644834262969585,0.0706031923418278,0.0,0.4,0.0,0.08074868482177605,28.5,1.3013375174206177
2026032106020706,2026,321,06,テルケンレンスキー,2023100954,3,1,1153,木幡初也,1152,570,484.0,0.0,0.0,331,7,1,7,8,13,1600,18,1,1,0,13,2,7,サトノダイヤモンド,バレエシューズ２,ディープインパクト,Galileo,1,3,0,0,0,0,0,1,0,0,0,0,4,4,0,0,1,3,0,489,173,154,672,546,9994,292,2026-03-21,2026-01-25 00:00:00,7.857142857142857,570.0,0.0,3.333333333333333,82.33333333333333,6,1,0.1428571428571428,7.0,134.0,4,0.2,0.2,0.0,0,1,0,0.0284775465498357,0.0755885997521685,0.0313479623824451,873600,15990400,9828,179892,1844800,20754,4800,774400.0,23.57142857142857,28,28,1710,2.165754458217673,0.7448275862068966,0.2068965517241379,0.4137931034482758,0.0,2.0,0,0,0,2.2803508501982765,0.0501835985312117,-0.0317505182763555,0.1428571428571428,0.1428571428571428,0.1428571428571428,4.4375,96.6875,3.8395061728395055,84.81481481481482,3.24919435458333,73.22810786645223,515.0,1545.0,570.0,0.0,1.0,23.57142857142857,0.0,0.0,3.0,0.0,1.0,0.0,0.0,0.0,0.0,1.0,0.0868094701240135,0.0598859315589353,0.0269235385650781,61.12499235937596,1.0,3.0,0.0,0.0,17.0,1.0,1,0.0540766503912781,41.20877533275366,59804.0,1,0,1,0,18,54.6,50.8,0.1604533698473881,3.800000000000004,1.0,0.9172932330827068,67.2,64.4,-0.4484496434492853,0.7999999999999972,1.0,0.3099334420199446,D,1.0,0.0857142857142857,0.0799364743250397,1.0722800378429518,0.061744966442953,0.0917832167832167,0.0,0.0764705882352941,0.2,0.1666666666666666,0.2276080100914538,0.0759872948650079,1.0,0,0.0644834262969585,0.0706031923418278,0.0217391304347826,1.0,0.0,0.06904210024595028,33.1,1.2852935181409544
2026012508010902,2026,125,08,フクシマブリルハム,2023105405,3,1,1142,長岡禎仁,1068,570,544.0,0.0,0.0,2082,14,2,10,7,13,1900,24,1,0,1,16,1,9,ドレフォン,オモテナシ２,Gio Ponti,Henrythenavigator,0,0,0,1,0,0,0,0,0,1,0,0,0,1,1,0,1,0,0,408,143,128,554,685,3246,85,2026-01-25,0,0.0,0.0,570.0,0.0,0.0,0,0,0.0,0.0,0.0,1,0.5,0.0,0.5,1,0,0,0.0437017994858611,0.0623714873200822,0.041025641025641,1301500,6167400,16440,77904,2169800,27408,5700,1033600.0,0.0,0,9,1710,1.0,1.0,0.0,0.0,0.0,0.0,0,0,0,0.0,0.0844444444444444,0.0025103276368771,0.0,0.3333333333333333,0.5,0.0,0.0,0.0,0.0,0.0,0.0,515.0,1545.0,0.0,570.0,0.0,0.0,0.0,1.0,1.0,0.0,0.0,0.0,0.0,1.0,0.0,1.0,0.0625,0.0825410544511668,-0.0200410544511668,42.94736390027749,2.0,0.0,0.0,0.0,0.0,1.0,2,0.1271399798590131,33.10866062437059,15888.0,1,0,1,0,0,53.2,53.2,0.3035902474631142,-0.5999999999999943,2.0,0.8984375000000001,55.4,54.5,1.3987994294647017,-9.000000000000007,4.0,0.6996530322437279,A,1.0,0.0,0.1002208724461623,0.0,0.1002087682672233,0.1002344665885111,0.0972222222222222,0.0972222222222222,0.0,0.0,0.0,0.0686552856003435,1.0,0,0.0644834262969585,0.0706031923418278,0.056338028169014,0.1,0.0,0.010829396035991048,208.2,1.2546802546933362
2026041209020606,2026,412,09,レーヴドアンジュ,2022110157,4,2,1212,柴田裕一,1198,540,426.0,2.0,1.0,1605,9,4,9,6,6,1800,24,1,0,2,10,2,6,Maximum Security,Tiz Midnight,New Year's Day,Midnight Lute,0,0,0,0,0,0,0,0,0,0,0,0,1,1,4,3,1,0,0,396,139,127,539,202,996,154,2026-04-12,2026-03-29 00:00:00,2.0,530.0,10.0,12.333333333333334,2020.6666666666667,9,1,0.1,10.0,3214.0,1,0.5,0.0,0.0,0,0,0,0.0417690417690417,0.0528,0.0380952380952381,363600,1792800,4848,23904,2181600,29088,7200,766800.0,8.0,6,6,2160,1.0,1.0,0.0,0.0,2.0,1.59375,0,0,0,7.694153624668541,0.0798507462686567,-0.0020833705389105,0.1111111111111111,0.125,0.5,11.03515625,2250.76171875,10.241731443377535,1764.205456485292,8.666131360333047,1154.2479036219638,485.0,1940.0,530.0,10.0,0.0,8.0,0.0,0.0,4.0,1.0,1.0,0.0,0.0,0.0,0.0,1.0,0.0674673260332038,0.0743304243153776,-0.0068630982821738,43.99999511111166,1.0,0.75,0.75,0.5773502691896262,11.0,1.0,1,0.0540766503912781,41.20877533275366,59804.0,0,1,0,0,36,77.9,77.9,-0.8491885642489508,2.1000000000000085,0.0,0.9135135135135134,53.9,53.9,1.633619226869022,-9.4,0.0,0.5728792276597521,B,2.0,0.0862068965517241,0.0682926829268292,1.2623152709359606,0.0423280423280423,0.090497737556561,0.0,0.03125,0.25,0.2,0.2787151067323481,0.0886585365853658,2.0,0,0.0644834262969585,0.0706031923418278,0.0802010314792535,0.4,0.0,0.01339854975540019,160.5,1.1504672357417305
2026032906030206,2026,329,06,ノボリフジ,2023106626,3,1,1218,遠藤汰月,1031,540,466.0,4.0,1.0,1785,13,4,11,3,3,1200,24,1,0,2,13,3,2,ミッキーグローリー,アマレット,ディープインパクト,スウェプトオーヴァーボード,0,0,0,0,0,0,0,0,0,0,0,0,2,2,0,1,1,0,0,555,186,185,747,788,1608,292,2026-03-29,2026-03-04 00:00:00,3.571428571428572,540.0,0.0,6.666666666666667,124.33333333333331,5,1,0.1666666666666666,1.0,0.0,1,0.5,0.0,0.0,0,0,0,0.0133333333333333,0.0268310369833212,0.0058479532163742,945600,1929600,18912,38592,1461600,29232,3600,559200.0,10.714285714285715,4,4,1620,1.0,1.0,0.0,0.0,4.0,-0.125,0,0,0,2.2803508501982703,0.0513141426783479,-0.0306199741292193,0.25,0.1666666666666666,0.3333333333333333,4.375,311.1875,5.049382716049383,754.8888888888894,5.07369715183389,1534.6005054299565,485.0,1455.0,540.0,0.0,0.0,10.714285714285715,0.0,0.0,3.0,0.0,1.0,0.0,0.0,0.0,1.0,0.0,0.0611861861861861,0.0753604193971166,-0.0141742332109304,92.4999845833359,0.0,2.0,0.0,0.5773502691896257,24.0,0.0,1,0.0540766503912781,41.20877533275366,59804.0,1,0,1,0,15,51.4,51.4,0.4876233758261912,-0.2000000000000028,1.0,0.9645776566757494,74.7,67.5,-1.6225486304708867,4.1000000000000085,11.0,0.3860646800728629,C,1.0,0.0,0.0541149943630214,0.0,0.0525547445255474,0.0554621848739495,0.0,0.0638820638820638,0.0,0.0,0.0,0.0108229988726042,1.0,0,0.0644834262969585,0.0706031923418278,0.0,1.0,0.0,0.011154967513415447,178.5,0.9911617011446574
2026032106020701,2026,321,06,ゴールドドレッサ,2023102432,3,2,1214,長浜鴻緒,1081,530,444.0,0.0,0.0,219,6,4,13,8,15,1200,24,1,0,1,16,2,7,ゴールドドリーム,ラタンドレス,ゴールドアリュール,エンパイアメーカー,0,0,0,0,0,0,0,0,0,0,0,0,0,1,0,1,0,0,1,409,144,126,560,527,13944,258,2026-03-21,0,0.0,0.0,530.0,0.0,0.0,0,0,0.0,0.0,0.0,1,0.0,0.0,0.0,0,0,0,0.0406926406926406,0.0685033507073715,0.0416666666666666,632400,16732800,12648,334656,1456800,29136,3600,532800.0,0.0,0,7,1590,0.0,0.0,0.0,0.25,0.0,0.0,0,0,0,0.0,0.0736906211936662,-0.008243495613901,0.5,0.3333333333333333,0.5,0.0,0.0,0.0,0.0,0.0,0.0,475.0,1425.0,0.0,530.0,0.0,0.0,0.0,1.0,3.0,0.0,1.0,0.0,0.0,0.0,0.0,1.0,0.0577326801959412,0.0731387340111512,-0.0154060538152099,68.16665530555744,0.0,0.0,0.0,0.0,0.0,1.0,1,0.0540766503912781,41.20877533275366,59804.0,1,0,1,0,0,52.6,52.6,0.3649346235841398,-0.8999999999999986,1.0,0.9345549738219896,56.0,56.0,1.3048715105029731,-8.599999999999994,7.0,0.7153693455775407,A,1.0,0.037037037037037,0.0861850443599493,0.4297385620915032,0.0801850424055512,0.0903711672942442,0.1,0.09,0.0,0.1666666666666666,0.0761710239651416,0.1172370088719898,1.0,0,0.0644834262969585,0.0706031923418278,0.05,0.7,0.0,0.0890422626892132,21.9,0.9500255528937689
2026032907010611,2026,329,07,ウインカーネリアン,2017101429,9,1,1122,三浦皇成,1097,580,516.0,3.0,1.0,194,7,2,3,4,8,1200,11,1,1,0,18,1,6,スクリーンヒーロー,コスモクリスタル,グラスワンダー,マイネルラヴ,8,4,1,0,0,0,6,3,0,0,0,0,14,15,2,0,9,6,2,432,151,136,595,584,4935,255,2026-03-29,2025-12-14 00:00:00,15.0,570.0,10.0,5.666666666666667,184.66666666666663,30,8,0.2580645161290322,11.0,0.0,17,0.5,0.5714285714285714,0.0,6,3,0,0.0919452887537994,0.1087888531618435,0.075,700800,5922000,6424,54285,1346400,12342,10800,619200.0,135.0,84,90,5220,2.0985804743815093,1.097457627118644,0.1779661016949152,0.4576271186440678,3.0,0.1403956674039363,0,0,0,230.4608426609605,0.076,-0.0059341168075673,0.3125,0.3043478260869565,0.2666666666666666,6.74449734389782,137.65167340263724,5.757378940162362,141.26189156353414,5.30790439948176,143.61877799914294,525.0,4725.0,570.0,10.0,3.0,135.0,1.0,0.0,3.0,0.0,1.0,0.0,0.0,0.0,1.0,0.0,0.0819415448851774,0.0685449957947855,0.0133965490903919,71.99998800000199,0.0,14.0,0.0,1.0000000000000002,17.0,1.0,0,0.1286250939143501,37.26016528925619,13310.0,5,0,0,1,270,53.7,0.0,0.2524699340289262,2.0,0.0,0.9,59.5,59.5,0.7569586498928927,-1.1000000000000014,0.0,0.406941667031053,C,1.0,0.2558139534883721,0.1488797169811321,1.7182592677872437,0.1603116031160311,0.1196222455403987,0.3333333333333333,0.0,0.375,0.5,0.7570396807122572,0.346442610062893,1.0,0,0.0644834262969585,0.0706031923418278,0.1527777777777778,0.7,0.0,0.0991166579313877,19.4,0.9228631638689213
2026041909020809,2026,419,09,ナムアミダブツ,2017104681,9,1,1201,水沼元輝,1077,580,476.0,2.0,-1.0,1350,10,4,10,1,1,2000,17,2,1,0,10,2,8,オルフェーヴル,エアトゥーレ,ステイゴールド,トニービン,2,2,2,0,0,0,0,0,2,0,0,0,1,9,9,18,2,4,2,530,184,173,722,451,2527,276,2026-04-19,2025-11-16 00:00:00,22.0,580.0,0.0,11.0,702.3333333333334,36,2,0.054054054054054,13.0,993.0,8,0.2222222222222222,0.2857142857142857,0.0,0,0,2,0.0201511335012594,0.0166305133767172,0.1428571428571428,902000,5054000,7667,42959,2402000,20417,18000,952000.0,198.0,8,72,5220,1.8502724300970628,0.6969465648854962,0.1450381679389313,0.3740458015267175,-2.0,-1.6373575245961547,0,0,0,2.6076809620810453,0.1157556270096463,0.0338215102020789,0.0714285714285714,0.074074074074074,0.0625,11.199658193276264,882.7689814256155,10.24726286162985,896.8286983031402,9.120448479028797,842.3393501900259,525.0,4725.0,580.0,0.0,3.0,198.0,1.0,0.0,4.0,1.0,1.0,0.0,0.0,0.0,1.0,0.0,0.0876288659793814,0.0701932858596134,0.017435580119768,52.999994700000535,2.0,0.5,9.0,0.0,17.0,0.0,3,0.0446596717783158,59.28527710519236,14868.0,5,0,0,1,324,0.0,0.0,0.0,0.0,0.0,0.0,72.2,54.4,-1.2311823014636862,16.700000000000003,4.0,0.2807571828739758,D,0.0,0.0282282282282282,0.0,0.025,0.0308108108108108,0.0555555555555555,0.0555555555555555,0.0,0.0,0.0,0.0334234234234234,1.0,0.0,0,0.0644834262969585,0.0706031923418278,0.0895522388059701,1.0,0.0,0.01359005813425216,135.0,0.8346578481240416
2026011106010412,2026,111,06,メラーキ,2017105634,9,1,1085,松岡正海,1167,580,498.0,10.0,1.0,2796,16,4,11,2,4,1200,24,1,0,1,16,1,4,ハーツクライ,レツィーナ,サンデーサイレンス,キャプテンスティーヴ,0,2,0,1,0,0,0,1,0,0,0,1,7,7,8,12,2,2,1,407,140,131,562,709,14903,264,2026-01-11,2025-10-04 00:00:00,14.142857142857142,580.0,0.0,12.666666666666666,1352.0,31,2,0.0625,13.0,2720.0,5,0.3333333333333333,0.0,0.5,0,1,1,0.0400977995110024,0.0764849471114727,0.0389105058365758,850800,17883600,17016,357672,1302000,26040,10800,597600.0,127.28571428571428,28,28,5220,1.4721819964673204,0.8112903225806452,0.1290322580645161,0.3225806451612903,10.0,0.1435543019324541,0,0,1,1.788854381999896,0.052063492063492,-0.0298706247440752,0.1,0.0526315789473684,0.0625,12.496189814992247,1797.1064455620944,11.494675444901842,1713.1379322896178,10.507753627298342,1654.7404052107167,525.0,4725.0,580.0,0.0,3.0,127.28571428571428,1.0,0.0,1.0,0.0,0.0,0.0,0.0,1.0,1.0,0.0,0.0551495016611295,0.0763076923076923,-0.0211581906465627,67.83332202777966,0.0,7.0,0.0,0.5773502691896262,23.0,1.0,2,0.1271399798590131,33.10866062437059,15888.0,5,0,0,1,279,57.9,52.8,-0.1769406988182519,5.100000000000001,1.0,0.9236453201970444,0.0,0.0,0.0,0.0,0.0,0.2840058962844676,D,0.0,0.1052631578947368,0.0,0.076056338028169,0.1238779174147217,0.0476190476190476,0.0476190476190476,0.0,0.0,0.0,0.0448621553884711,1.0,0.0,0,0.0644834262969585,0.0706031923418278,0.1269841269841269,1.0,0.0,0.005979547480966287,279.6,0.6718814756781739
2026011806010710,2026,118,06,ポールセン,2022110140,4,1,1178,斎藤新,1086,570,498.0,16.0,1.0,183,7,2,14,7,13,1200,24,1,0,1,16,1,7,Into Mischief,Separationofpowers,Harlan's Holiday,Candy Ride,0,0,0,2,2,0,0,0,0,3,0,0,3,8,1,0,3,2,0,507,171,163,684,151,848,93,2026-01-18,2025-12-07 00:00:00,6.0,550.0,20.0,10.666666666666666,102.0,9,3,0.3,2.0,68.0,5,0.5,0.0,0.4,3,0,0,0.0604575163398692,0.0921810699588477,0.0778210116731517,181200,1017600,3624,20352,1413600,28272,4800,597600.0,24.0,21,56,2280,2.617592130304451,1.025,0.375,0.625,16.0,0.2109375,0,0,1,4.242640687119285,0.0726052471018914,-0.0093288697056759,0.25,0.25,0.25,6.89453125,83.9453125,6.867245846669716,77.43636640755983,5.45749219972836,60.79073661053492,515.0,2060.0,550.0,20.0,1.0,24.0,0.0,0.0,1.0,0.0,0.0,0.0,0.0,1.0,0.0,1.0,0.0551495016611295,0.0763076923076923,-0.0211581906465627,84.49998591666902,0.0,3.0,0.0,0.5773502691896256,24.0,0.0,2,0.1271399798590131,33.10866062437059,15888.0,0,1,0,0,36,0.0,0.0,0.0,0.0,0.0,0.0,68.4,53.4,-0.6363054813727419,5.400000000000006,9.0,0.3464410901266282,D,1.0,0.1666666666666666,0.1256292906178489,1.326654523375835,0.1127557683935568,0.139893873613121,0.0,0.1338155515370705,0.0,0.0,0.3662745395668892,0.0251258581235697,1.0,0,0.0644834262969585,0.0706031923418278,0.2,1.0,0.0,0.09135134187100341,18.3,0.6717295562393626
2026020810010602,2026,208,10,ダブルチャレンジ,2023104875,3,2,1142,長岡禎仁,1174,550,436.0,2.0,1.0,355,10,1,4,1,2,1200,17,2,1,0,17,1,6,シャンハイボビー,ペプチドサクラ,Harlan's Holiday,キズナ,0,1,0,0,0,0,1,0,0,0,0,0,4,3,0,0,1,1,0,499,168,168,672,565,11932,93,2026-02-08,2025-12-06 00:00:00,9.142857142857142,550.0,0.0,8.333333333333334,456.0,4,0,0.0,6.0,788.0,2,0.3333333333333333,0.0,0.0,1,0,0,0.0437017994858611,0.0415601023017902,0.0508474576271186,678000,14318400,9605,202844,1370400,19414,3600,523200.0,27.428571428571427,24,18,1650,1.0,1.0,0.0,0.0,2.0,0.5,0,0,0,5.1639777949432295,0.0632111251580278,-0.0187229916495395,0.3333333333333333,0.0,0.1666666666666666,8.25,640.5,8.518518518518519,740.5925925925927,8.711495116453793,928.3756574004506,495.0,1485.0,550.0,0.0,2.0,27.428571428571427,0.0,0.0,2.0,0.0,0.0,0.0,0.0,1.0,1.0,0.0,0.0700298705609027,0.0643879173290938,0.0056419532318089,83.16665280555786,0.0,4.0,0.0,0.5773502691896258,11.0,1.0,1,0.0540766503912781,41.20877533275366,59804.0,1,0,1,0,12,0.0,0.0,0.0,0.0,0.0,0.0,0.0,0.0,0.0,0.0,0.0,0.0,C,1.0,0.05,0.0551782682512733,0.9061538461538462,0.051039697542533,0.0585516178736517,0.0,0.0,0.0,0.0,0.1865441099647382,0.0386247877758913,1.0,0,0.0644834262969585,0.0706031923418278,0.0869565217391304,0.4,0.0,0.04616938144011004,35.5,0.6390130411239066
2026022105010707,2026,221,05,エコロヴァイス,2022110128,4,1,1096,大野拓弥,1070,580,508.0,12.0,1.0,247,8,1,14,1,2,1400,23,1,0,1,16,1,7,Unified,Second Fiddle,Candy Ride,Paynter,0,1,0,1,1,1,0,0,0,1,0,0,2,3,2,1,1,2,1,487,167,160,656,358,842,19,2026-02-21,2025-08-30 00:00:00,25.0,560.0,20.0,10.666666666666666,45.333333333333336,7,1,0.125,15.0,58.0,4,0.2,0.0,0.25,1,0,0,0.0562432723358449,0.1709809264305177,0.0464939024390243,501200,1178800,8234,19366,1534400,25208,5600,711200.0,100.0,14,21,2320,1.0,1.0,0.0,0.0,12.0,3.71875,1,0,1,4.898979485566365,0.0650943396226415,-0.0168397771849257,0.1428571428571428,0.1428571428571428,0.1428571428571428,10.59375,45.703125,8.522633744855968,41.00137174211249,6.035988599884509,37.80596039312221,525.0,2100.0,560.0,20.0,3.0,100.0,1.0,0.0,2.0,0.0,0.0,0.0,0.0,1.0,1.0,0.0,0.0606701940035273,0.0690003365870077,-0.0083301425834804,69.57141863265448,0.0,2.0,0.0,1.0,23.0,0.0,2,0.1271399798590131,33.10866062437059,15888.0,0,1,0,0,28,0.0,0.0,0.0,0.0,0.0,0.0,0.0,0.0,0.0,0.0,0.0,0.0,C,1.0,0.2857142857142857,0.2553902216823565,1.118736198403261,0.2586058519793459,0.2476780185758514,0.3081841432225063,0.3081841432225063,0.0,0.5,0.6076114090882694,0.3551701159477245,1.0,0,0.0644834262969585,0.0706031923418278,0.0802010314792535,0.7,0.0,0.06617843708754288,24.7,0.6346073960623091
2026021505010609,2026,215,05,コスモエスパーダ,2016105797,10,1,1009,柴田大知,1090,580,506.0,0.0,0.0,4146,16,2,16,4,7,1600,11,1,1,0,16,1,6,レッドスパーダ,コウユーヒカリママ,タイキシャトル,ロックオブジブラルタル,2,2,3,0,0,0,2,0,0,0,0,0,6,29,15,2,4,3,4,494,172,160,671,831,4891,282,2026-02-15,2026-01-25 00:00:00,3.0,540.0,40.0,13.666666666666666,1404.0,40,2,0.048780487804878,18.0,2672.0,11,0.3333333333333333,0.25,0.0,2,0,0,0.0284910306014773,0.018,0.0155642023346303,1329600,7825600,9141,53801,1614400,11099,16000,809600.0,30.0,36,174,5800,1.04559115329816,0.9777777777777776,0.074074074074074,0.2037037037037037,0.0,-1.386194178412552,0,0,0,3.84707681233426,0.0646976090014064,-0.0172365078061608,0.0434782608695652,0.0571428571428571,0.048780487804878,14.52224224026395,1770.3108339714963,12.734516736994372,1565.2008429952634,10.885825763815486,1434.7366667863223,525.0,5250.0,540.0,40.0,0.0,30.0,0.0,0.0,2.0,0.0,0.0,0.0,0.0,1.0,1.0,0.0,0.08,0.0671607225567392,0.0128392774432607,61.74999228125097,1.0,4.5,0.5,0.5773502691896258,18.0,1.0,3,0.0446596717783158,59.28527710519236,14868.0,6,0,0,1,400,0.0,0.0,0.0,0.0,0.0,0.0,0.0,0.0,0.0,0.0,0.0,0.0,C,1.0,0.0555555555555555,0.0389425810119386,1.426601784266018,0.0336538461538461,0.0436893203883495,0.032520325203252,0.032520325203252,0.3333333333333333,0.0,0.3160301235007484,0.1240486788040137,1.0,0,0.0644834262969585,0.0706031923418278,0.0802010314792535,0.7,0.0,0.00379756912178814,414.6,0.5744721578933629
2026041909020807,2026,419,09,ルートサーティーン,2023103782,3,1,1208,田口貫太,1183,570,474.0,6.0,-1.0,121,7,2,3,6,6,1600,18,2,1,0,8,2,8,イスラボニータ,サーティーンスクエアド,フジキセキ,Liaison,1,0,3,0,0,0,1,0,0,0,0,0,2,4,1,0,1,0,3,468,168,144,636,415,5679,306,2026-04-19,2026-03-21 00:00:00,4.142857142857143,570.0,0.0,9.0,112.0,6,1,0.1428571428571428,6.0,80.0,4,0.2,0.2,0.0,1,0,0,0.0509316770186335,0.1133746678476528,0.0470262793914246,664000,9086400,7470,102222,1932800,21744,4800,758400.0,12.42857142857143,16,32,1710,1.0,1.0,0.0,0.0,-6.0,0.125,0,0,0,6.985699678629189,0.0662251655629139,-0.0157089512446533,0.3333333333333333,0.1428571428571428,0.1428571428571428,7.875,102.5,6.987654320987654,123.58847736625518,5.523598114882862,175.16978472657723,515.0,1545.0,570.0,0.0,1.0,12.42857142857143,0.0,0.0,4.0,1.0,1.0,0.0,0.0,0.0,0.0,1.0,0.0877944325481798,0.0733113673805601,0.0144830651676197,58.49999268750092,1.0,1.5,0.0,0.5773502691896257,18.0,0.0,1,0.0540766503912781,41.20877533275366,59804.0,1,0,1,0,18,54.6,54.6,0.3772928185614158,-76.0,0.0,0.9177377892030848,63.6,54.7,0.1151178703210836,0.1000000000000014,7.0,0.6643619784257395,A,2.0,0.1333333333333333,0.1594405594405594,0.8362573099415205,0.172680412371134,0.1437308868501529,0.0,0.2376237623762376,0.3333333333333333,0.2,0.2063352826510721,0.1318881118881119,2.0,0,0.0644834262969585,0.0706031923418278,0.0222222222222222,1.0,0.0,0.11953063079166143,12.1,0.44632063257910315
2026031509010804,2026,315,09,ヴァランセカズマ,2017105822,9,1,1120,大江原圭,1131,600,500.0,12.0,-1.0,106,5,2,1,8,14,2970,52,2,1,1,14,1,8,モンテロッソ,トシザマキ,Dubawi,デュランダル,0,0,0,0,0,0,0,0,0,0,0,0,3,3,2,3,15,8,11,471,161,152,638,801,8715,54,2026-03-15,2026-02-15 00:00:00,4.0,600.0,0.0,5.0,181.0,72,14,0.1917808219178082,7.0,141.0,34,0.4285714285714285,0.0,0.0,0,0,0,0.065173116089613,0.0220082530949105,0.0833333333333333,2378970,25883550,41652,453180,3326400,58240,26730,1485000.0,36.0,24,24,5400,2.5065553913723795,0.1341772151898734,0.189873417721519,0.4430379746835443,-12.0,4.510031363850608,1,0,1,5.176871642217911,0.073170731707317,-0.0087633851002502,0.0769230769230769,0.1428571428571428,0.3611111111111111,5.821250468757,176.4609375,5.806140166847406,221.5166895298963,5.654210869383613,233.6296163576829,545.0,4905.0,600.0,0.0,0.0,36.0,0.0,0.0,3.0,0.0,1.0,0.0,0.0,0.0,0.0,1.0,0.1363636363636363,0.0769230769230769,0.0594405594405594,31.717169581335384,3.0,0.75,2.25,0.0,54.0,1.0,3,0.0446596717783158,59.28527710519236,14868.0,5,0,0,1,648,54.8,54.8,0.1400052444737133,-0.9000000000000057,2.0,0.9097744360902256,63.8,63.5,0.0838085640005082,-15.400000000000006,1.0,0.6065279027471647,B,0.0857142857142857,0.0349599417334304,2.4517857142857142,0.0230073952341824,0.0444735120994113,0.0,0.0,0.25,0.3333333333333333,0.475,0.106991988346686,1.0,0.0,0,0.0644834262969585,0.0706031923418278,0.0,1.0,0.0,0.1263067267449987,10.6,0.3388513034969862
2026041209020608,2026,412,09,エクストラノート,2017103267,9,3,1138,藤懸貴志,1077,580,474.0,14.0,-1.0,2230,11,4,6,7,9,1800,24,1,0,1,11,2,6,アイルハヴアナザー,オメガフレグランス,Flower Alley,ゴールドアリュール,0,0,0,0,2,0,0,0,0,0,1,0,0,5,13,27,4,5,2,498,162,173,654,380,3238,71,2026-04-12,2026-03-22 00:00:00,3.0,580.0,0.0,10.333333333333334,2360.6666666666665,53,4,0.074074074074074,12.0,2214.0,11,0.3333333333333333,0.0,0.0,0,1,0,0.0439436619718309,0.0166305133767172,0.0415094339622641,684000,5828400,9120,77712,2048400,27312,16200,853200.0,27.0,0,30,5220,0.5452238847810668,0.0825396825396825,0.0476190476190476,0.1666666666666666,-14.0,5.839348889327068,1,0,1,7.949842765740682,0.0763250883392226,-0.0056090284683446,0.0689655172413793,0.0754716981132075,0.037037037037037,10.605599440033163,2152.9693151520137,9.77205820985908,2011.564145229424,8.950319577548449,1766.5789330677624,525.0,4725.0,580.0,0.0,0.0,27.0,0.0,0.0,4.0,1.0,1.0,0.0,0.0,0.0,0.0,1.0,0.0674673260332038,0.0743304243153776,-0.0068630982821738,55.33332718518587,1.0,0.0,6.75,0.0,23.0,1.0,3,0.0446596717783158,59.28527710519236,14868.0,5,0,0,1,477,54.7,54.7,0.1502293071605503,-0.1999999999999957,0.0,0.9774436090225564,65.4,60.0,-0.1666658865641013,5.400000000000006,5.0,0.3528539331007295,C,1.0,0.0,0.0282791817087845,0.0,0.0250169033130493,0.0308943089430894,0.0555555555555555,0.0555555555555555,0.0,0.0,0.0,0.0334336141195346,1.0,0,0.0644834262969585,0.0706031923418278,0.0793650793650793,1.0,0.0,0.005735653785393771,223.0,0.27905079414281087
