race_code,bamei,win_prob,tansho_odds,ev,tansho,fukusho,umaren,sanrenpuku,total_bet
2025010506010102,ロンパイア,0.6729,7.5,4.047,0,5000,0,0,5000
2025010506010103,ウィンターサン,0.1457,7.5,0.093,0,3000,4400,0,7400
2025010506010104,コスモジンバック,0.3703,17.0,5.296,2800,2800,2800,1500,9900
2025010506010105,フィールドノート,0.2724,7.2,0.962,0,5000,2200,0,7200
2025010506010106,トーセンリバーブ,0.3069,114.7,34.207,2500,2500,2500,2500,10000
2025010506010107,ビップレーヌ,0.1339,7.9,0.058,0,2500,2900,0,5400
2025010506010109,ピュアキアン,0.3289,13.8,3.539,2500,2500,2500,2500,10000
2025010506010111,アルナシーム,0.0784,8.4,-0.341,0,0,1000,0,1000
2025010506010112,ムーム,0.3824,7.3,1.791,0,5000,0,0,5000
2025010507010101,ミラクルブルー,0.4295,18.3,6.86,2500,2500,2500,2500,10000
2025010507010102,セルズパワー,0.236,4.9,0.156,0,0,5000,0,5000
2025010507010104,ソルナシエンテ,0.7447,4.4,2.277,0,0,5000,0,5000
2025010507010105,ジーティーアダマン,0.66,4.6,2.036,0,0,5000,0,5000
2025010507010107,エコロディノス,0.4147,1.9,-0.212,0,0,5000,0,5000
2025010507010108,ビバップ,0.3746,11.3,3.232,2500,2500,2500,2500,10000
2025010507010110,サウンドアレグリア,0.3147,4.7,0.479,0,0,5000,0,5000
2025010507010112,ブリックワーク,0.457,3.4,0.554,0,0,5000,0,5000
2025010606010201,イズルード,0.4087,18.2,6.439,2500,2500,2500,2500,10000
2025010606010204,ロサンゼルス,0.2873,4.3,0.235,0,0,5000,0,5000
2025010606010205,ストレイトトーカー,0.4745,5.3,1.515,0,5000,0,0,5000
2025010606010206,アルティテュード,0.283,2.0,-0.434,0,0,5000,0,5000
2025010606010207,ビーオンザカバー,0.183,13.4,1.452,1700,2900,2900,2400,9900
2025010606010208,フェーレンベルク,0.3674,11.6,3.262,2500,2500,2500,2500,10000
2025010606010211,ステークホルダー,0.1775,2.5,-0.556,0,0,4400,0,4400
2025010606010212,マッスルバック,0.2578,6.1,0.572,0,5000,5000,0,10000
2025010607010201,メリッササンライズ,0.4162,8.6,2.579,3300,3300,3300,0,9900
2025010607010203,フィリップバローズ,0.7638,6.9,4.271,0,5000,5000,0,10000
2025010607010204,ナルカミ,0.6679,1.1,-0.265,0,0,5000,0,5000
2025010607010206,ザカリナン,0.4241,7.4,2.139,0,5000,5000,0,10000
2025010607010207,ヒロノラメール,0.2935,6.9,1.025,0,5000,0,0,5000
2025010607010208,ルディック,0.1559,5.1,-0.205,0,0,3300,0,3300
2025010607010209,スリリングチェイス,0.2618,5.1,0.335,0,5000,5000,0,10000
2025010607010210,シュタールヴィント,0.2246,22.3,4.008,2500,2600,2600,2200,9900
2025011106010305,ビゾー,0.5131,4.6,1.36,0,0,5000,0,5000
2025011106010307,ニシノヒナアラレ,0.2538,35.3,7.96,2800,2800,2800,1500,9900
2025011106010308,スーパーマン,0.206,4.2,-0.135,0,0,4600,0,4600
2025011106010309,ルクソールカフェ,0.645,2.8,0.806,0,0,5000,0,5000
2025011106010310,ビーアイオラクル,0.1884,6.0,0.13,0,4800,0,0,4800
2025011107010301,サンディエゴ,0.6342,18.5,10.732,2500,2500,2500,2500,10000
2025011107010302,ワイルドブッター,0.5791,3.3,0.911,0,0,5000,0,5000
2025011107010304,ダミエ,0.318,4.2,0.336,0,0,5000,0,5000
2025011107010305,アロンディ,0.3989,5.5,1.194,0,5000,5000,0,10000
2025011107010308,マイネルエール,0.1974,27.7,4.469,2200,2700,2700,2400,10000
2025011107010309,ブエナオンダ,0.248,9.0,1.232,3900,5000,0,0,8900
2025011107010311,フリームファクシ,0.2982,3.2,-0.046,0,0,5000,0,5000
2025011107010312,マッドマックス,0.5416,6.4,2.466,0,5000,5000,0,10000
2025011206010401,エルオレンス,0.3832,2.0,-0.234,0,0,5000,0,5000
2025011206010402,サムシャイン,0.6256,1.2,-0.249,0,0,5000,0,5000
2025011206010403,クラウンウルル,0.5422,32.5,16.622,3300,3300,3300,0,9900
2025011206010404,イムホテプ,0.7901,2.8,1.212,0,0,5000,0,5000
2025011206010405,タイセイプランセス,0.3753,22.8,7.558,2500,2500,2500,2500,10000
2025011206010406,バロン,0.3397,7.8,1.65,0,5000,5000,0,10000
2025011206010407,マイネルバーテクス,0.2041,25.3,4.164,2700,3200,3200,900,10000
2025011206010409,マイネルオーシャン,0.3618,6.7,1.424,0,5000,0,0,5000
2025011206010411,エリカエクスプレス,0.1568,5.9,-0.075,0,2000,3400,0,5400
2025011206010412,ニットウバジル,0.3068,2.7,-0.172,0,0,5000,0,5000
2025011207010402,レーティッシュ,0.2411,7.9,0.905,0,5000,5000,0,10000
2025011207010403,モンテディアーナ,0.3209,2.8,-0.102,0,0,5000,0,5000
2025011207010404,メイショウコホク,0.3289,20.2,5.643,2800,2800,2800,1700,10100
2025011207010405,ナンヨーパワフル,0.6492,11.3,6.335,2500,2500,2500,2500,10000
2025011207010406,レーゼドラマ,0.6083,58.9,34.828,2500,2500,2500,2500,10000
2025011207010407,マテンロウコマンド,0.46,36.0,15.558,2500,2500,2500,2500,10000
2025011207010408,ヨシノヤッタルデー,0.2352,10.7,1.516,2100,2600,2600,2600,9900
2025011207010409,ミッキークレスト,0.3243,1.4,-0.546,0,0,5000,0,5000
2025011207010410,ワールズエンド,0.307,1.7,-0.478,0,0,5000,0,5000
2025011207010411,ソンシ,0.5646,1.8,0.016,0,0,5000,0,5000
2025011207010412,トラペジスト,0.2595,5.0,0.298,0,5000,0,0,5000
2025011306010502,タイセイデクスター,0.2581,6.3,0.626,0,5000,0,0,5000
2025011306010503,キョウエイタイコ,0.6548,7.1,3.649,0,5000,5000,0,10000
2025011306010504,フォージドブリック,0.3709,104.1,37.611,2500,2500,2500,2500,10000
2025011306010505,アドバンテスロード,0.6783,6.5,3.409,0,5000,5000,0,10000
2025011306010506,カーミングライツ,0.226,3.8,-0.141,0,0,5000,0,5000
2025011306010507,チムグクル,0.4249,5.2,1.21,0,5000,5000,0,10000
2025011306010512,ボーモンド,0.3022,5.8,0.753,0,5000,5000,0,10000
2025011307010501,レイバックスピン,0.2125,11.8,1.507,2700,3800,3100,500,10100
2025011307010502,ゲイルライダー,0.7486,1.4,0.048,0,0,5000,0,5000
2025011307010503,テルアスワッド,0.4104,6.8,1.791,0,5000,5000,0,10000
2025011307010504,ヨリノレジェンド,0.4362,3.1,0.352,0,0,5000,0,5000
2025011307010505,トワイライトシティ,0.6583,5.9,2.884,0,5000,5000,0,10000
2025011307010506,プウスカンドゥール,0.1478,4.0,-0.409,0,0,2300,0,2300
2025011307010507,ファミリータイム,0.242,2.7,-0.347,0,0,5000,0,5000
2025011307010508,グラヴィス,0.3859,3.9,0.505,0,0,5000,0,5000
2025011307010509,キタノズエッジ,0.4504,27.0,11.161,2500,2500,2500,2500,10000
2025011307010511,レーヴブリリアント,0.3962,14.9,4.903,2500,2500,2500,2500,10000
2025011307010512,ロードトレイル,0.2188,23.2,4.077,2600,2900,2900,1600,10000
2025011806010601,ペイシャマリーン,0.3707,1.6,-0.407,0,0,5000,0,5000
2025011806010602,フジレイメイ,0.2211,5.0,0.106,0,5000,5000,0,10000
2025011806010605,トレサフィール,0.6112,7.9,3.829,0,5000,5000,0,10000
2025011806010607,メロウヴォイス,0.4205,15.6,5.56,2500,2500,2500,2500,10000
2025011806010608,ショウナンアビアス,0.1388,2.5,-0.653,0,0,3800,0,3800
2025011806010609,ピコローズ,0.3598,31.7,10.406,2500,2500,2500,2500,10000
2025011806010610,マーブルロック,0.3739,4.7,0.757,0,0,5000,0,5000
2025011806010611,エイシンフェンサー,0.1716,41.2,6.071,2600,3400,3200,800,10000
2025011807010601,コーラルクラウン,0.6054,3.1,0.877,0,0,5000,0,5000
2025011807010604,ロードラビリンス,0.4348,11.1,3.826,2500,2500,2500,2500,10000
2025011807010605,トッピボーン,0.6953,5.3,2.685,0,5000,5000,0,10000
2025011807010606,アスクセクシーモア,0.5362,5.5,1.949,0,5000,0,0,5000
2025011807010608,テイエムタリスマ,0.1552,12.0,0.863,2000,5000,2000,100,9100
2025011807010610,ソーダーンライト,0.3706,25.6,8.488,2500,2500,2500,2500,10000
2025011807010612,レディントン,0.5297,3.7,0.96,0,0,5000,0,5000
2025011906010702,ロンパイア,0.728,1.3,-0.054,0,0,5000,0,5000
2025011906010703,チンプンカンプン,0.6319,3.8,1.401,0,0,5000,0,5000
2025011906010704,ディナースタ,0.3835,4.8,0.841,0,0,5000,0,5000
2025011906010705,ホウオウショコラ,0.6045,6.1,2.688,0,5000,0,0,5000
2025011906010707,ソレルビュレット,0.4526,1.3,-0.412,0,0,5000,0,5000
2025011906010708,マイネルブリックス,0.2432,9.1,1.213,2700,3600,3600,0,9900
2025011906010709,タシット,0.1582,4.2,-0.336,0,0,5000,0,5000
2025011906010710,ロードアウォード,0.2921,7.1,1.074,0,5000,0,0,5000
2025011907010701,アオイレーギーナ,0.3995,3.9,0.558,0,0,5000,0,5000
2025011907010702,ロードトルネード,0.7058,5.2,2.67,0,5000,0,0,5000
2025011907010703,サンライズブレイク,0.3098,5.0,0.549,0,5000,5000,0,10000
2025011907010704,コズミックダンサー,0.4492,2.5,0.123,0,0,5000,0,5000
2025011907010705,セナスタイル,0.5549,5.1,1.83,0,5000,5000,0,10000
2025011907010709,フレミングフープ,0.2619,2.6,-0.319,0,0,5000,0,5000
2025011907010710,ドゥータップ,0.4358,1.8,-0.216,0,0,5000,0,5000
2025011907010711,ヴェローチェエラ,0.2896,4.9,0.419,0,0,5000,0,5000
2025012506010803,サブアトミック,0.1782,10.3,0.836,1400,3100,3100,2300,9900
2025012506010804,パーソナルアフェア,0.7955,3.1,1.466,0,0,3700,0,3700
2025012506010806,クレーキング,0.301,1.4,-0.579,0,0,5000,0,5000
2025012506010808,タイセイアディクト,0.5381,1.8,-0.031,0,0,5000,0,5000
2025012506010809,ユキノロイヤル,0.2436,2.4,-0.415,0,0,3900,0,3900
2025012506010811,コスモブッドレア,0.2641,3.4,-0.102,0,0,5000,0,5000
2025012506010812,ラブリージャブリー,0.4521,13.5,5.103,2500,2500,2500,2500,10000
2025012507010801,エコロレオナ,0.322,1.2,-0.614,0,0,5000,0,5000
2025012507010803,ネーヴェフレスカ,0.4879,2.5,0.22,0,0,5000,0,5000
2025012507010805,ワインクーラー,0.4405,14.6,5.432,2500,2500,2500,2500,10000
2025012507010806,マーゴットカーラ,0.3813,13.3,4.072,2500,2500,2500,2500,10000
2025012507010809,ジュタ,0.4825,2.3,0.11,0,0,5000,0,5000
2025012510010101,グランキングオー,0.35,2.1,-0.265,0,0,5000,0,5000
2025012510010102,アンダースコア,0.2178,11.6,1.527,1900,2700,2700,2700,10000
2025012510010103,クーデール,0.475,11.9,4.652,2500,2500,2500,2500,10000
2025012510010104,ドゥラモンド,0.3354,2.7,-0.094,0,0,5000,0,5000
2025012510010106,スリーラーケン,0.5763,19.8,10.41,2500,2500,2500,2500,10000
2025012510010107,サラトガチップス,0.0774,12.1,-0.064,0,800,1100,0,1900
2025012510010108,レシプロシティ,0.44,8.1,2.564,3300,3300,3300,0,9900
2025012510010109,アブキールベイ,0.3624,14.4,4.219,2500,2500,2500,2500,10000
2025012510010110,パフ,0.1498,2.3,-0.655,0,0,4500,0,4500
2025012606010901,イズルード,0.6811,1.4,-0.046,0,0,5000,0,5000
2025012606010904,アシャカトベ,0.5434,24.3,12.204,2500,2500,2500,2500,10000
2025012606010905,ピックデムッシュ,0.5153,1.6,-0.176,0,0,5000,0,5000
2025012606010906,ディズレーリ,0.1957,35.2,5.888,2500,2900,2900,1700,10000
2025012606010908,シークレットヴァウ,0.2356,3.0,-0.293,0,0,5000,0,5000
2025012606010909,ウィンターベル,0.1356,15.5,1.102,1800,4800,3000,400,10000
2025012606010910,タイセイブリリオ,0.1448,18.1,1.621,1900,3900,3400,900,10100
2025012607010902,スリーソング,0.2375,2.2,-0.478,0,0,5000,0,5000
2025012607010904,イサナ,0.5822,21.9,11.751,2500,2500,2500,2500,10000
2025012607010905,ラウルベア,0.4716,18.8,7.865,2500,2500,2500,2500,10000
2025012607010906,ビゾー,0.784,5.0,2.92,0,5000,5000,0,10000
2025012607010908,パルクリチュード,0.3622,1.5,-0.457,0,0,4000,0,4000
2025012607010910,アルトシュタット,0.2431,23.0,4.59,2500,2500,2500,2500,10000
2025012607010911,サンデーファンデー,0.2584,9.7,1.506,3000,3500,3500,0,10000
2025012607010912,マサノカナリア,0.3663,6.4,1.345,0,5000,0,0,5000
2025012610010202,ベイビーキッス,0.4246,13.9,4.903,2500,2500,2500,2500,10000
2025012610010203,サンディブロンド,0.2944,5.7,0.678,0,5000,5000,0,10000
2025012610010205,ムイ,0.7679,7.5,4.759,0,5000,5000,0,10000
2025012610010206,ニホンピロデヴィン,0.2545,5.3,0.349,0,5000,5000,0,10000
2025012610010207,ゲンジ,0.1458,6.9,0.006,0,2500,1900,0,4400
2025012610010208,ソウルアンドジャズ,0.1473,9.9,0.458,1300,4400,500,0,6200
2025012610010209,ロードマイライフ,0.3257,2.2,-0.284,0,0,5000,0,5000
2025012610010210,グランアルティスタ,0.1437,7.0,0.006,0,2400,3900,0,6300
2025012610010211,セキトバイースト,0.2758,3.5,-0.035,0,0,5000,0,5000
2025012610010212,ドッビアーコ,0.4597,5.9,1.713,0,5000,4200,0,9200
2025020105010101,エンジェルラダー,0.4008,2.6,0.042,0,0,5000,0,5000
2025020105010102,ファミーユウルーズ,0.4398,6.5,1.859,0,5000,0,0,5000
2025020105010103,ユーディキウム,0.5102,10.8,4.51,2500,2500,2500,2500,10000
2025020105010106,タイセイプランセス,0.5738,12.1,5.943,2500,2500,2500,2500,10000
2025020105010107,ゴールデンオスカー,0.26,3.5,-0.09,0,0,5000,0,5000
2025020105010108,ハーバーライト,0.4279,6.9,1.953,0,5000,5000,0,10000
2025020105010109,コンティノアール,0.1617,7.7,0.245,0,4300,5000,0,9300
2025020105010110,クラスペディア,0.4221,4.5,0.899,0,0,5000,0,5000
2025020105010111,シュトラウス,0.3299,5.5,0.815,0,5000,5000,0,10000
2025020105010112,ショウナンラピダス,0.2033,52.4,9.652,2900,3100,3100,900,10000
2025020108010102,ロックウイズユー,0.3199,5.2,0.664,0,5000,5000,0,10000
2025020108010103,ハクサンアイリス,0.5491,3.1,0.702,0,0,5000,0,5000
2025020108010104,テルアスワッド,0.7691,6.1,3.691,0,5000,0,0,5000
2025020108010105,ラブミーナッソー,0.7419,3.4,1.523,0,0,5000,0,5000
2025020108010106,フェアリーライク,0.5079,5.1,1.59,0,5000,0,0,5000
2025020108010107,ドラゴンウェルズ,0.7708,2.0,0.542,0,0,5000,0,5000
2025020108010108,ヒルノドゴール,0.5569,2.1,0.169,0,0,5000,0,5000
2025020108010111,ダブルハートボンド,0.6492,1.6,0.039,0,0,5000,0,5000
2025020110010301,フェアリーメドウ,0.5922,7.0,3.145,0,5000,5000,0,10000
2025020110010303,フラッシング,0.5039,5.0,1.52,0,5000,5000,0,10000
2025020110010304,ラエール,0.2691,6.0,0.615,0,5000,0,0,5000
2025020110010305,トーアモルペウス,0.2575,26.2,5.747,2500,2500,2500,2500,10000
2025020110010306,セサンパ,0.0962,92.0,7.853,2200,4300,2200,300,9000
2025020110010308,キタサンダムール,0.135,6.6,-0.109,0,1300,2700,0,4000
2025020110010309,スマートケープ,0.3056,8.0,1.445,3300,3300,3300,0,9900
2025020110010310,シャカシャカシー,0.4252,1.4,-0.405,0,0,5000,0,5000
2025020110010311,フィオライア,0.2327,6.1,0.419,0,5000,0,0,5000
2025020110010312,ラホーヤストーム,0.313,13.6,3.257,2700,2700,2700,1900,10000
2025020205010201,スマイルディシー,0.2217,13.3,1.949,2100,2700,2700,2600,10100
2025020205010203,ルヴァレドクール,0.4052,5.4,1.188,0,5000,5000,0,10000
2025020205010204,ウィテカービート,0.4747,9.3,3.415,3300,3300,3300,0,9900
2025020205010206,プリムツァール,0.4463,3.4,0.517,0,0,5000,0,5000
2025020205010207,チザルピーノ,0.2647,2.7,-0.285,0,0,5000,0,5000
2025020205010209,キングメーカー,0.6418,3.6,1.31,0,0,5000,0,5000
2025020205010211,サンライズフレイム,0.3348,7.8,1.612,0,5000,5000,0,10000
2025020205010212,モデルハント,0.1319,23.5,2.1,2100,4700,3200,0,10000
2025020208010203,クリノラピダス,0.2245,6.9,0.549,0,5000,0,0,5000
2025020208010205,ハギノピアチェーレ,0.2242,25.1,4.628,3200,3400,3400,0,10000
2025020208010206,プチプランス,0.3787,3.5,0.325,0,0,5000,0,5000
2025020208010208,プルートマスター,0.2334,16.0,2.735,2800,3000,3000,1200,10000
2025020208010209,レーウィン,0.363,7.2,1.614,0,5000,5000,0,10000
2025020208010212,フライングブレード,0.1557,15.9,1.476,2300,4500,3000,300,10100
2025020210010401,ハナウマビーチ,0.5505,7.4,3.073,0,5000,0,0,5000
2025020210010402,ベイビーキッス,0.5273,4.4,1.32,0,0,5000,0,5000
2025020210010403,ダズリングダンス,0.1728,3.9,-0.326,0,0,5000,0,5000
2025020210010404,コンテナワールド,0.1778,3.9,-0.306,0,0,5000,0,5000
2025020210010405,モズリバーシャトー,0.6064,79.0,46.909,2500,2500,2500,2500,10000
2025020210010407,レイピカケ,0.111,10.1,0.122,300,2100,1900,200,4500
2025020210010408,シュラザック,0.5035,18.7,8.415,2500,2500,2500,2500,10000
2025020210010409,ジーティームソウ,0.3088,7.2,1.223,0,5000,5000,0,10000
2025020210010410,トーラスシャイン,0.3053,8.8,1.686,3300,3300,3300,0,9900
2025020210010411,チュウワハート,0.0945,3.9,-0.632,0,0,1000,0,1000
2025020210010412,イナフセド,0.1507,6.2,-0.066,0,2000,5000,0,7000
2025020805010302,ナインオブレター,0.294,2.8,-0.177,0,0,1800,0,1800
2025020805010303,アドマイヤデイトナ,0.7209,1.1,-0.207,0,0,5000,0,5000
2025020805010305,レディネス,0.4835,1.9,-0.081,0,0,5000,0,5000
2025020805010307,フリッカージャブ,0.526,6.1,2.209,0,5000,0,0,5000
2025020805010310,メタルスピード,0.0923,9.3,-0.142,0,500,0,0,500
2025020805010311,ギャンブルルーム,0.1832,6.6,0.209,0,5000,5000,0,10000
2025020805010312,ホワイトターフ,0.164,25.6,3.197,2300,3600,3600,400,9900
2025020810010501,テーオーマルコーニ,0.4171,3.7,0.543,0,0,5000,0,5000
2025020810010503,タイセイアレス,0.1861,9.7,0.805,2100,4500,3400,0,10000
2025020810010504,アンコーナ,0.421,32.6,12.725,2500,2500,2500,2500,10000
2025020810010507,ピジョンポイント,0.4076,21.9,7.926,3200,3200,3200,500,10100
2025020810010508,サイドキック,0.4847,10.7,4.186,2500,2500,2500,2500,10000
2025020810010511,マリアナトレンチ,0.2299,8.9,1.046,2500,3800,3800,0,10100
2025020810010512,アスティスプマンテ,0.3094,5.4,0.671,0,5000,5000,0,10000
2025020905010404,ジェイエルバース,0.3862,23.9,8.23,2900,2900,2900,1300,10000
2025020905010406,フロウアンドライム,0.5009,7.0,2.507,0,5000,0,0,5000
2025020905010407,オルノア,0.1065,8.7,-0.074,0,1100,1600,0,2700
2025020905010408,モンドプリューム,0.4168,8.6,2.585,3300,3300,3300,0,9900
2025020905010409,ウィクトルウェルス,0.6374,5.4,2.442,0,5000,5000,0,10000
2025020908010401,ウォーターパラディ,0.1871,4.5,-0.158,0,0,5000,0,5000
2025020908010402,メリッササンライズ,0.3195,5.4,0.726,0,5000,0,0,5000
2025020908010403,レイザリオ,0.3946,4.7,0.855,0,0,5000,0,5000
2025020908010404,グランドプラージュ,0.7794,1.4,0.091,0,0,5000,0,5000
2025020908010407,ギマール,0.1952,1.8,-0.649,0,0,4800,0,4800
2025020908010411,ショウヘイ,0.3907,3.2,0.25,0,0,5000,0,5000
2025020908010412,キタノズエッジ,0.1735,7.4,0.284,0,4900,5000,0,9900
2025020910010601,レジポッセ,0.3983,22.6,8.001,2800,2800,2800,1500,9900
2025020910010602,ヴォラヴィア,0.4159,9.2,2.826,3300,3300,3300,0,9900
2025020910010603,ブルドッグキング,0.4889,1.7,-0.169,0,0,5000,0,5000
2025020910010604,シホノスペランツァ,0.3756,5.5,1.066,0,5000,0,0,5000
2025020910010605,コーチェラバレー,0.5402,5.3,1.863,0,5000,0,0,5000
2025020910010606,ブラックケリー,0.3904,7.1,1.772,0,5000,5000,0,10000
2025020910010607,ワイノナオミ,0.1243,5.4,-0.329,0,0,3500,0,3500
2025020910010609,ドゥアムール,0.3549,16.1,4.714,2500,2500,2500,2500,10000
2025020910010612,ニシノクラウン,0.247,28.4,6.013,3000,3000,3000,900,9900
2025021008010302,フクキタテーラー,0.5226,20.9,9.922,2500,2500,2500,2500,10000
2025021008010303,エンダードラゴン,0.696,2.1,0.462,0,0,5000,0,5000
2025021008010306,コルレオニス,0.6368,6.1,2.884,0,5000,0,0,5000
2025021008010307,ルミッキ,0.168,4.7,-0.211,0,0,5000,0,5000
2025021008010308,ノーブルスカイ,0.1859,6.3,0.171,0,4900,0,0,4900
2025021008010310,ヴーレヴー,0.5312,11.7,5.215,2500,2500,2500,2500,10000
2025021008010311,ブライアンセンス,0.4335,8.3,2.598,5000,5000,0,0,10000
2025021008010312,テイエムタリスマ,0.2664,17.1,3.556,2500,2500,2500,2400,9900
2025021505010501,ウインレアリゼ,0.2201,13.7,2.016,2300,2900,2900,1800,9900
2025021505010503,フィーチャリング,0.5559,1.8,0.001,0,0,5000,0,5000
2025021505010504,サトノバトラー,0.2022,4.6,-0.07,0,0,3000,0,3000
2025021505010505,ダノンリュラ,0.4079,7.4,2.018,0,5000,5000,0,10000
2025021505010506,マリアイリダータ,0.2856,8.8,1.513,3300,3400,3400,0,10100
2025021505010507,ソーダーンライト,0.3714,13.9,4.162,2500,2500,2500,2500,10000
2025021505010511,エンブロイダリー,0.7369,4.9,2.611,0,0,5000,0,5000
2025021505010512,シンバーシア,0.5126,7.6,2.896,0,5000,0,0,5000
2025021508010501,ホウショウマリス,0.6135,1.8,0.104,0,0,5000,0,5000
2025021508010502,サンディエゴ,0.6892,4.9,2.377,0,0,5000,0,5000
2025021508010503,スニーカースキル,0.547,7.4,3.048,0,5000,5000,0,10000
2025021508010504,ツキノアカリ,0.6076,2.3,0.397,0,0,5000,0,5000
2025021508010505,ペプチドクレマチス,0.4932,38.0,17.74,3200,3200,3200,300,9900
2025021508010507,リネアグローリア,0.099,23.8,1.357,1500,3600,900,0,6000
2025021508010508,ダブルジャッジ,0.4632,7.0,2.242,0,5000,0,0,5000
2025021508010510,ウエストナウ,0.3847,6.1,1.347,0,5000,0,0,5000
2025021508010511,ノーブルロジャー,0.2781,6.6,0.836,0,5000,5000,0,10000
2025021508010512,ジンセイ,0.4045,5.0,1.022,0,5000,0,0,5000
2025021510010701,ダイチラポール,0.5128,19.1,8.795,2500,2500,2500,2500,10000
2025021510010702,ヴェントゥーラ,0.5363,32.6,16.482,2500,2500,2500,2500,10000
2025021510010707,ミレニアムヒロイン,0.3152,3.4,0.072,0,0,5000,0,5000
2025021510010708,スマイルスルー,0.4394,1.6,-0.297,0,0,5000,0,5000
2025021510010709,イガッチ,0.1817,4.8,-0.128,0,0,5000,0,5000
2025021510010710,シルキーガール,0.2291,3.3,-0.244,0,0,5000,0,5000
2025021605010601,サブアトミック,0.5219,6.2,2.236,0,5000,0,0,5000
2025021605010602,タイセイデクスター,0.5307,1.8,-0.045,0,0,5000,0,5000
2025021605010603,ホウオウゴールド,0.5757,2.3,0.324,0,0,5000,0,5000
2025021605010604,エンプレスフレーム,0.205,21.1,3.325,2400,2900,2900,1800,10000
2025021605010605,トレサフィール,0.726,3.9,1.831,0,0,5000,0,5000
2025021605010606,イクリール,0.2223,8.9,0.978,2700,4300,3000,0,10000
2025021605010607,ロサンゼルス,0.443,3.1,0.373,0,0,5000,0,5000
2025021605010609,レディントン,0.2892,26.3,6.605,2600,2600,2600,2200,10000
2025021605010610,ロードエクレール,0.2276,34.9,6.943,2700,2700,2700,1900,10000
2025021608010601,シャルクハフト,0.6487,2.9,0.881,0,0,5000,0,5000
2025021608010605,ロードレジェロ,0.411,1.3,-0.466,0,0,5000,0,5000
2025021608010607,アーロンイメル,0.1487,17.9,1.661,2000,3900,3900,200,10000
2025021608010608,バレルターン,0.3552,2.5,-0.112,0,0,5000,0,5000
2025021608010609,ログラール,0.3076,7.6,1.338,0,5000,0,0,5000
2025021608010610,コンティノアール,0.3669,38.7,13.198,2500,2500,2500,2500,10000
2025021608010611,ヨーホーレイク,0.1943,9.5,0.846,2500,5000,0,0,7500
2025021610010801,スルーザナイト,0.224,6.8,0.523,0,5000,5000,0,10000
2025021610010803,ジェネラーレ,0.4783,8.2,2.922,3300,3300,3300,0,9900
2025021610010804,ジーククローネ,0.254,5.2,0.321,0,5000,5000,0,10000
2025021610010805,オーシンエス,0.2946,9.2,1.71,3300,3300,3300,0,9900
2025021610010809,ワンダーキサラ,0.206,4.6,-0.052,0,0,5000,0,5000
2025021610010810,メイショウカゼマチ,0.3833,18.3,6.014,2700,2700,2700,2000,10100
2025021610010812,マイネルバーテクス,0.4679,2.8,0.31,0,0,5000,0,5000
2025022205010701,メリーサウンド,0.5216,12.0,5.259,2500,2500,2500,2500,10000
2025022205010703,プルシャプラ,0.2465,7.3,0.8,0,5000,5000,0,10000
2025022205010704,ザカート,0.2962,29.0,7.591,2700,2700,2700,2000,10100
2025022205010706,サウンドリアン,0.6085,15.8,8.614,2500,2500,2500,2500,10000
2025022205010707,イノセントキャット,0.3829,3.9,0.493,0,0,4700,0,4700
2025022205010708,ヴィレム,0.3737,3.2,0.196,0,0,5000,0,5000
2025022205010709,ヴァルキリーバース,0.6189,11.3,5.993,2500,2500,2500,2500,10000
2025022208010701,クリノスワロー,0.8422,12.1,9.19,2500,2500,2500,2500,10000
2025022208010704,アクアマリーナ,0.5532,6.3,2.485,0,5000,5000,0,10000
2025022208010707,ノビル,0.2278,20.1,3.579,2700,2800,2800,1700,10000
2025022208010708,エポックヴィーナス,0.3884,5.3,1.059,0,5000,0,0,5000
2025022208010709,ローランドバローズ,0.1663,11.7,0.946,1500,3400,3400,1800,10100
2025022208010711,フォーチュンタイム,0.4635,3.4,0.576,0,0,5000,0,5000
2025022210010901,ネティフラウ,0.4402,9.5,3.182,3300,3300,3300,0,9900
2025022210010904,アンクルブラック,0.4832,2.1,0.015,0,0,5000,0,5000
2025022210010905,マイネルメサイア,0.3691,5.2,0.919,0,5000,0,0,5000
2025022210010906,ホウオウタイタン,0.4611,5.0,1.306,0,5000,0,0,5000
2025022210010907,エスペシャリー,0.2748,4.6,0.264,0,0,5000,0,5000
2025022210010909,ブルーアイドガール,0.3461,5.7,0.973,0,5000,5000,0,10000
2025022210010910,ヴォランテ,0.2525,4.8,0.212,0,0,5000,0,5000
2025022210010911,レシプロシティ,0.1844,3.8,-0.299,0,0,5000,0,5000
2025022305010801,プライベートアイズ,0.2446,4.7,0.15,0,0,5000,0,5000
2025022305010802,ディペンダブル,0.1455,2.5,-0.636,0,0,1500,0,1500
2025022305010803,メルシージュテーム,0.6536,4.0,1.614,0,0,5000,0,5000
2025022305010804,モティスフォント,0.3637,4.9,0.782,0,0,5000,0,5000
2025022305010805,グーテンベルク,0.4666,5.0,1.333,0,5000,0,0,5000
2025022305010807,アムールドパリ,0.455,2.2,0.001,0,0,5000,0,5000
2025022305010809,ダノンフィーゴ,0.4735,22.9,9.843,2500,2500,2500,2500,10000
2025022308010801,ドナポンド,0.4668,2.8,0.307,0,0,5000,0,5000
2025022308010802,アートレスマインド,0.2588,1.6,-0.586,0,0,5000,0,5000
2025022308010803,ユウトザレン,0.4368,10.7,3.673,2500,2500,2500,2500,10000
2025022308010804,オメガドライヴ,0.4685,3.6,0.687,0,0,5000,0,5000
2025022308010806,クリノラピダス,0.3097,60.6,17.77,3000,3000,3000,1000,10000
2025022308010807,アメジストブラック,0.1178,14.4,0.696,1300,3700,1700,100,6800
2025022308010809,マサノカナリア,0.2321,6.8,0.579,0,5000,5000,0,10000
2025022308010810,ポッドベイダー,0.5675,9.5,4.391,3300,3300,3300,0,9900
2025022310011002,ペガサスノース,0.3125,2.7,-0.156,0,0,5000,0,5000
2025022310011003,キャリーグレイス,0.3365,2.4,-0.192,0,0,500,0,500
2025022310011004,サンデーヒーロー,0.2346,5.2,0.22,0,5000,5000,0,10000
2025022310011007,レイピカケ,0.3714,6.2,1.303,0,5000,0,0,5000
2025022310011010,サイモンブーケ,0.2965,10.0,1.965,2900,2900,2900,1200,9900
2025022310011011,ホウオウプロサンゲ,0.2589,10.3,1.667,2600,2900,2900,1500,9900
2025030106020105,グッドレッスン,0.6212,39.0,23.227,2500,2500,2500,2500,10000
2025030106020106,エンジェルブリーズ,0.7754,26.3,19.394,2500,2500,2500,2500,10000
2025030106020109,エーオーキング,0.5141,69.0,34.476,2500,2500,2500,2500,10000
2025030106020110,ブシン,0.5102,3.3,0.684,0,0,5000,0,5000
2025030109010101,イフリーティア,0.7679,10.9,7.371,3200,3200,3200,300,9900
2025030109010103,メイケイロゼッタ,0.6588,12.8,7.432,2500,2500,2500,2500,10000
2025030109010104,ラフォン,0.6087,11.4,5.939,2500,2500,2500,2500,10000
2025030109010107,タイセイレスポンス,0.6186,7.6,3.701,0,5000,5000,0,10000
2025030109010111,シゲルショウグン,0.2599,5.3,0.378,0,5000,0,0,5000
2025030109010112,ヤブサメ,0.4053,6.5,1.634,0,5000,0,0,5000
2025030110011101,メイショウピリカ,0.1989,246.2,47.96,3000,3000,3000,1000,10000
2025030110011103,イナフセド,0.1143,6.5,-0.257,0,0,1800,0,1800
2025030110011104,ダイスアローリング,0.3377,3.7,0.25,0,0,5000,0,5000
2025030110011105,ディナースタ,0.5442,1.6,-0.129,0,0,5000,0,5000
2025030110011106,ダノンジャイアン,0.5718,5.8,2.317,0,5000,5000,0,10000
2025030110011108,オオナミコナミ,0.1916,1.9,-0.636,0,0,5000,0,5000
2025030110011110,ジョーメッドヴィン,0.3395,5.9,1.003,0,5000,0,0,5000
2025030110011111,ダノンスウィッチ,0.2247,5.4,0.213,0,5000,0,0,5000
2025030206020203,トーアジョウトウ,0.3339,8.6,1.871,3300,3300,3300,0,9900
2025030206020204,ヴァイオパイシーズ,0.423,9.0,2.807,3300,3300,3300,0,9900
2025030206020206,アメージング,0.4534,11.5,4.215,2500,2500,2500,2500,10000
2025030206020208,アイウィル,0.3669,11.7,3.293,2900,2900,2900,1200,9900
2025030206020210,ジューンブレア,0.3536,2.9,0.025,0,0,5000,0,5000
2025030206020211,シックスペンス,0.2104,3.1,-0.348,0,0,5000,0,5000
2025030206020212,ノットファウンド,0.3109,2.6,-0.192,0,0,5000,0,5000
2025030209010202,ライツユーアップ,0.4199,11.1,3.661,2500,2500,2500,2500,10000
2025030209010204,ヤマニンチェルキ,0.4693,3.4,0.596,0,0,5000,0,5000
2025030209010205,エイカイカッシーナ,0.3384,62.2,20.046,2500,2500,2500,2500,10000
2025030209010206,アオイタケル,0.5833,6.2,2.616,0,5000,5000,0,10000
2025030209010207,チェイスザウェイ,0.2121,12.7,1.693,2300,3200,3200,1300,10000
2025030209010208,ブリックワーク,0.4188,5.2,1.178,0,5000,0,0,5000
2025030210011201,カミノレアル,0.4861,8.5,3.132,5000,5000,0,0,10000
2025030210011204,ミヤジシャルマン,0.4691,1.6,-0.249,0,0,5000,0,5000
2025030210011205,コンドゥイア,0.2106,47.0,8.898,2500,2600,2600,2400,10100
2025030210011206,オメガインペリアル,0.117,7.1,-0.169,0,500,1200,0,1700
2025030210011207,エクセルゴールド,0.1473,7.6,0.119,0,3200,0,0,3200
2025030210011210,テーオーダグラス,0.1111,8.1,-0.1,0,1000,0,0,1000
2025030210011211,アスクドゥポルテ,0.2491,12.4,2.088,3000,3300,3300,500,10100
2025030806020301,サードウインド,0.4772,4.2,1.004,0,0,5000,0,5000
2025030806020304,アルデドゥオーモ,0.3671,15.0,4.507,3000,3000,3000,1100,10100
2025030806020305,インパクトシー,0.469,1.5,-0.296,0,0,5000,0,5000
2025030806020306,ロードスカイブルー,0.4183,8.7,2.64,3300,3300,3300,0,9900
2025030806020308,イデアユウシン,0.0958,9.9,-0.052,0,1100,100,0,1200
2025030806020310,ロードクロンヌ,0.3827,2.2,-0.158,0,0,5000,0,5000
2025030806020311,セキトバイースト,0.26,10.6,1.756,2300,2600,2600,2600,10100
2025030806020312,アンドアイラヴハー,0.2738,2.6,-0.288,0,0,5000,0,5000
2025030809010301,スノーサイレンス,0.4829,8.3,3.008,3300,3300,3300,0,9900
2025030809010303,ロードヴァルカン,0.2785,1.6,-0.554,0,0,5000,0,5000
2025030809010304,アローオブライト,0.4141,4.5,0.863,0,0,5000,0,5000
2025030809010307,ロードオールライト,0.2342,7.4,0.733,0,5000,0,0,5000
2025030809010308,セールヴォラン,0.1269,6.5,-0.175,0,500,3500,0,4000
2025030809010309,イングランドアイズ,0.4246,6.9,1.93,0,5000,0,0,5000
2025030809010311,ルージュラナキラ,0.2886,4.5,0.299,0,0,5000,0,5000
2025030809010312,モンシュマン,0.2605,2.5,-0.349,0,0,5000,0,5000
2025030906020401,コンティオ,0.5865,3.4,0.994,0,0,5000,0,5000
2025030906020403,エドワードバローズ,0.6885,1.4,-0.036,0,0,5000,0,5000
2025030906020404,テンメジャーガール,0.1188,8.5,0.01,0,1800,2000,0,3800
2025030906020405,ホシニネガイヲ,0.3657,11.2,3.096,3300,3300,3300,0,9900
2025030906020406,ヤマメキング,0.3858,2.1,-0.19,0,0,5000,0,5000
2025030906020410,ムルソー,0.6087,1.4,-0.148,0,0,5000,0,5000
2025030906020411,レディネス,0.5584,11.3,5.309,2500,2500,2500,2500,10000
2025030909010401,ガールズデイアウト,0.3607,5.0,0.804,0,5000,0,0,5000
2025030909010402,チュウワチーフ,0.3877,2.4,-0.07,0,0,5000,0,5000
2025030909010403,エイユーファイヤー,0.2116,1.9,-0.598,0,0,5000,0,5000
2025030909010404,ベルギューン,0.245,4.3,0.053,0,0,5000,0,5000
2025030909010405,ホーリーノット,0.7288,5.0,2.644,0,5000,5000,0,10000
2025030909010407,エコテーラー,0.276,5.9,0.628,0,5000,0,0,5000
2025030909010408,ルフトクス,0.4195,22.2,8.313,2500,2500,2500,2500,10000
2025030909010409,テレサ,0.6533,2.9,0.895,0,0,5000,0,5000
2025030909010410,ナムラローズマリー,0.3025,2.6,-0.213,0,0,5000,0,5000
2025030909010411,デビットバローズ,0.3296,4.3,0.417,0,0,5000,0,5000
2025030909010412,サフランヒーロー,0.2524,16.5,3.164,2700,2700,2700,2000,10100
2025031506020502,グレイスザクラウン,0.354,51.9,17.371,2500,2500,2500,2500,10000
2025031506020503,ショウナンラリー,0.3035,2.2,-0.332,0,0,5000,0,5000
2025031506020505,レッドバンデ,0.6512,4.8,2.126,0,0,5000,0,5000
2025031506020506,ハニードレス,0.4402,5.4,1.377,0,5000,0,0,5000
2025031506020507,イムホテプ,0.54,1.5,-0.19,0,0,5000,0,5000
2025031506020508,ヴェルトラウム,0.1992,6.5,0.295,0,5000,0,0,5000
2025031506020509,ワンパット,0.3059,10.7,2.273,2500,2500,2500,2500,10000
2025031506020510,アルセナール,0.2716,4.5,0.222,0,0,5000,0,5000
2025031506020511,トワイライトシティ,0.4907,9.9,3.858,3300,3300,3300,0,9900
2025031506020512,アララララ,0.0747,16.6,0.24,400,1600,0,0,2000
2025031507020102,サウンドモリアーナ,0.5661,3.5,0.981,0,0,5000,0,5000
2025031507020106,ドゥラリス,0.4192,5.0,1.096,0,5000,5000,0,10000
2025031507020107,シュヴァルツリーベ,0.3063,5.2,0.593,0,5000,0,0,5000
2025031507020108,ファミリータイム,0.297,2.9,-0.139,0,0,5000,0,5000
2025031507020109,ヤマニンアルリフラ,0.4525,2.2,-0.004,0,0,5000,0,5000
2025031507020110,ヴィレム,0.2182,2.4,-0.476,0,0,5000,0,5000
2025031507020111,キャプテンネキ,0.3034,6.8,1.063,0,5000,0,0,5000
2025031507020112,ソルトクィーン,0.3924,5.3,1.08,0,5000,0,0,5000
2025031509010502,ゲッティヴィラ,0.5668,9.8,4.554,3300,3300,3300,0,9900
2025031509010503,ルシタニア,0.741,5.4,3.001,0,5000,0,0,5000
2025031509010504,デアリングエア,0.3716,7.8,1.898,0,5000,5000,0,10000
2025031509010505,レッドフェルメール,0.435,2.6,0.131,0,0,5000,0,5000
2025031509010506,アンズアメ,0.2802,5.0,0.401,0,5000,0,0,5000
2025031509010507,クアトロジャック,0.2392,3.8,-0.091,0,0,5000,0,5000
2025031509010508,ヴェイルネビュラ,0.375,13.9,4.213,2500,2500,2500,2500,10000
2025031509010511,ヤマニンウルス,0.2345,2.2,-0.484,0,0,5000,0,5000
2025031606020601,バラダレイナ,0.7225,4.7,2.396,0,0,5000,0,5000
2025031606020602,ピコテンダー,0.1685,1.6,-0.73,0,0,1000,0,1000
2025031606020603,アールプロスト,0.6733,2.9,0.953,0,0,5000,0,5000
2025031606020605,キャトルエピス,0.4474,3.6,0.611,0,0,5000,0,5000
2025031606020606,ソーダーンライト,0.4748,5.0,1.374,0,5000,0,0,5000
2025031606020607,バロン,0.1849,11.1,1.053,2600,5000,2300,0,9900
2025031606020608,エアロソニック,0.3109,26.1,7.114,2500,2500,2500,2500,10000
2025031606020609,パレハ,0.302,8.5,1.567,3300,3300,3300,0,9900
2025031606020611,ダノンセンチュリー,0.6208,5.3,2.29,0,5000,0,0,5000
2025031606020612,オーブルクール,0.3332,6.9,1.299,0,5000,5000,0,10000
2025031607020203,ハードセルツァー,0.6236,12.9,7.044,2500,2500,2500,2500,10000
2025031607020205,ラミアメンテ,0.6012,8.3,3.99,5000,5000,0,0,10000
2025031607020207,マテンロウブラボー,0.1431,8.6,0.231,800,3500,4500,0,8800
2025031607020209,ヤマニンアストロン,0.3409,5.0,0.704,0,5000,4800,0,9800
2025031607020210,コパノヴィンセント,0.2943,28.0,7.24,2500,2500,2500,2500,10000
2025031607020211,クイーンズウォーク,0.3822,8.2,2.134,5000,5000,0,0,10000
2025031607020212,メッエフアパラ,0.3701,5.7,1.11,0,5000,5000,0,10000
2025031609010602,ブラックタロー,0.4677,6.2,1.9,0,5000,5000,0,10000
2025031609010603,サンマルノヴェル,0.3043,11.4,2.469,2500,2500,2500,2500,10000
2025031609010605,ゼットエイト,0.4806,73.5,34.322,2500,2500,2500,2500,10000
2025031609010607,ファーヴェント,0.3707,1.7,-0.37,0,0,5000,0,5000
2025031609010609,プロトポロス,0.4489,5.3,1.379,0,5000,0,0,5000
2025032206020703,キープサインオン,0.5087,9.1,3.629,5000,5000,0,0,10000
2025032206020705,アタラシイカドデニ,0.19,13.9,1.64,3200,5000,1800,0,10000
2025032206020707,スペイドアン,0.207,4.3,-0.11,0,0,2600,0,2600
2025032206020709,エセルフリーダ,0.3714,2.6,-0.034,0,0,5000,0,5000
2025032206020710,ソーニーイシュー,0.4865,1.7,-0.173,0,0,5000,0,5000
2025032206020711,レーゼドラマ,0.5395,14.4,6.769,2500,2500,2500,2500,10000
2025032207020301,フェアリーブルー,0.6864,2.2,0.51,0,0,2300,0,2300
2025032207020302,トラヴェリンバンド,0.5365,2.1,0.127,0,0,5000,0,5000
2025032207020303,クレスコドルフィン,0.2512,7.2,0.809,0,5000,5000,0,10000
2025032207020304,パヴィーア,0.137,21.8,1.988,1800,3800,3300,1100,10000
2025032207020305,ツーエムクロノス,0.4484,16.0,6.174,2500,2500,2500,2500,10000
2025032207020306,ポッドフォルク,0.3455,1.4,-0.516,0,0,5000,0,5000
2025032207020308,ホウオウベルクソン,0.1004,6.5,-0.347,0,0,600,0,600
2025032207020309,タッチアンドムーブ,0.1875,30.5,4.717,2500,3200,3200,1100,10000
2025032207020310,ソルトクィーン,0.1871,4.8,-0.102,0,0,5000,0,5000
2025032207020311,ヤンキーバローズ,0.3711,6.3,1.338,0,5000,0,0,5000
2025032209010701,ビーアイフォルテ,0.4914,14.6,6.174,2500,2500,2500,2500,10000
2025032209010702,ギュルヴィ,0.4422,7.3,2.228,0,5000,0,0,5000
2025032209010705,ダノンカゼルタ,0.5404,7.1,2.837,0,5000,0,0,5000
2025032209010706,サイモンコーラル,0.0906,11.2,0.015,0,1300,100,0,1400
2025032209010709,マサノカナリア,0.3493,17.6,5.147,2500,2500,2500,2500,10000
2025032209010710,マーブルロック,0.2725,7.2,0.962,0,5000,0,0,5000
2025032209010711,ローランドバローズ,0.618,9.7,4.994,3300,3300,3300,0,9900
2025032209010712,キングブルー,0.2679,5.3,0.42,0,5000,0,0,5000
2025032306020802,サマースイートピー,0.5549,5.4,1.996,0,5000,0,0,5000
2025032306020803,メモリアカフェ,0.7991,1.6,0.278,0,0,5000,0,5000
2025032306020804,ガンダルフ,0.1881,12.6,1.37,2500,4100,3400,0,10000
2025032306020805,ブルスカメンテ,0.7683,7.2,4.532,0,5000,5000,0,10000
2025032306020806,アマキヒ,0.4691,3.4,0.595,0,0,5000,0,5000
2025032306020807,ヴァイザーバルコ,0.1746,8.2,0.432,1300,4300,4300,0,9900
2025032306020808,ハクサンアイリス,0.2452,6.7,0.643,0,5000,5000,0,10000
2025032306020810,アドマイヤマツリ,0.4792,4.0,0.917,0,0,5000,0,5000
2025032306020811,サンライズアムール,0.3114,2.4,-0.253,0,0,5000,0,5000
2025032307020401,セレジェイラ,0.2662,2.0,-0.468,0,0,5000,0,5000
2025032307020402,キャストロププ,0.0929,7.5,-0.304,0,0,200,0,200
2025032307020403,ハウリングウィンド,0.2947,16.0,3.715,2500,2500,2500,2500,10000
2025032307020405,スリーラーケン,0.4854,5.0,1.427,0,5000,0,0,5000
2025032307020406,ベルダイナフェロー,0.1761,11.3,0.99,2300,4900,2800,0,10000
2025032307020407,レイワサンサン,0.2647,7.2,0.906,0,5000,0,0,5000
2025032307020408,ペプチドヒナタ,0.0855,19.3,0.65,900,2500,500,0,3900
2025032307020409,ウィルサヴァイブ,0.1208,6.8,-0.178,0,500,2200,0,2700
2025032307020410,アスクデビューモア,0.4212,5.5,1.317,0,5000,0,0,5000
2025032307020411,カピリナ,0.2002,4.5,-0.099,0,0,3800,0,3800
2025032307020412,ガットネロ,0.1347,4.7,-0.367,0,0,2600,0,2600
2025032309010801,アンジュアルディ,0.4045,8.9,2.6,3300,3300,3300,0,9900
2025032309010803,メイケイロゼッタ,0.6688,6.6,3.414,0,5000,0,0,5000
2025032309010804,ミトノオルフェ,0.6327,6.1,2.86,0,5000,5000,0,10000
2025032309010806,カナルビーグル,0.5716,3.8,1.172,0,0,5000,0,5000
2025032309010808,リトルハピ,0.5357,5.2,1.785,0,5000,5000,0,10000
2025032906030101,ゴールドハンマー,0.6419,1.1,-0.294,0,0,5000,0,5000
2025032906030102,ロングウェイホーム,0.6043,1.7,0.027,0,0,5000,0,5000
2025032906030105,ワース,0.22,1.8,-0.604,0,0,5000,0,5000
2025032906030109,ブシン,0.3803,2.2,-0.163,0,0,5000,0,5000
2025032906030110,ルクソールカフェ,0.7008,1.3,-0.089,0,0,5000,0,5000
2025032906030112,イデアイゴッソウ,0.4823,7.3,2.521,0,5000,5000,0,10000
2025032907020501,エイミームーン,0.3543,4.7,0.665,0,0,5000,0,5000
2025032907020502,クレスコドルフィン,0.6372,5.7,2.632,0,5000,0,0,5000
2025032907020503,ジェミート,0.3424,4.0,0.37,0,0,5000,0,5000
2025032907020506,ハニーコム,0.1816,8.1,0.471,1600,4700,3700,0,10000
2025032907020509,エクリプスルバン,0.2533,4.9,0.241,0,0,5000,0,5000
2025032907020510,モズマーヴェリック,0.2231,2.9,-0.353,0,0,3100,0,3100
2025032907020511,バウンシーステップ,0.2946,3.9,0.149,0,0,5000,0,5000
2025032907020512,ミルフルール,0.2304,9.3,1.143,2500,3700,3700,0,9900
2025032909020103,メイショウホダワラ,0.1932,5.0,-0.034,0,3500,5000,0,8500
2025032909020105,レクスノヴァス,0.537,2.0,0.074,0,0,5000,0,5000
2025032909020106,ムイ,0.247,16.3,3.027,2500,2600,2600,2300,10000
2025032909020107,フォルテローザ,0.2605,2.5,-0.349,0,0,3800,0,3800
2025032909020111,アスクシュタイン,0.6415,7.9,4.068,0,5000,5000,0,10000
2025033006030202,アラスカフレイバー,0.2505,2.0,-0.499,0,0,5000,0,5000
2025033006030203,グレイスザクラウン,0.4941,4.3,1.125,0,0,5000,0,5000
2025033006030204,ブレトワルダ,0.429,1.6,-0.314,0,0,5000,0,5000
2025033006030206,タッカージーティー,0.2719,3.8,0.033,0,0,5000,0,5000
2025033006030208,タイセイピューマ,0.3372,7.6,1.563,0,5000,5000,0,10000
2025033006030209,カネラフィーナ,0.519,9.4,3.878,3300,3300,3300,0,9900
2025033006030210,ジョーメッドヴィン,0.3002,5.7,0.711,0,5000,5000,0,10000
2025033006030212,パクスロマーナ,0.1305,16.0,1.088,1800,4600,700,0,7100
2025033007020601,スルーザナイト,0.374,5.8,1.169,0,5000,0,0,5000
2025033007020602,ショーモッシュ,0.4339,7.3,2.167,0,5000,5000,0,10000
2025033007020603,タイセイカイザー,0.7181,7.9,4.673,0,5000,5000,0,10000
2025033007020605,デボラ,0.5017,3.6,0.806,0,0,5000,0,5000
2025033007020606,インビジブルセルフ,0.4681,4.0,0.873,0,0,5000,0,5000
2025033007020608,エムズ,0.4715,2.6,0.226,0,0,5000,0,5000
2025033007020609,グラティアスミノル,0.3648,33.6,11.258,2500,2500,2500,2500,10000
2025033007020611,サトノレーヴ,0.3569,3.8,0.356,0,0,5000,0,5000
2025033009020202,メイショウゴールド,0.6615,3.2,1.117,0,0,5000,0,5000
2025033009020203,アートレスマインド,0.3942,1.4,-0.448,0,0,5000,0,5000
2025033009020204,ザスリーサーティ,0.3938,19.3,6.601,2500,2500,2500,2500,10000
2025033009020205,シャイフ,0.4923,2.3,0.132,0,0,5000,0,5000
2025033009020206,テーオーエルビス,0.4139,1.3,-0.462,0,0,5000,0,5000
2025033009020207,レディマリオン,0.3233,6.6,1.134,0,5000,0,0,5000
2025033009020209,フレミングフープ,0.4403,6.0,1.642,0,5000,5000,0,10000
2025033009020210,オーロラエックス,0.3093,2.2,-0.319,0,0,5000,0,5000
2025033009020211,セオ,0.1248,3.3,-0.588,0,0,3000,0,3000
2025033009020212,ノボリショウリュウ,0.2896,4.1,0.187,0,0,5000,0,5000
2025040506030301,ネクストダンサー,0.5944,5.6,2.329,0,5000,5000,0,10000
2025040506030302,エリカマユーリ,0.5974,1.1,-0.343,0,0,5000,0,5000
2025040506030303,ロードフロリゼル,0.5894,8.4,3.951,3300,3300,3300,0,9900
2025040506030304,ウイングランブルー,0.1814,11.7,1.122,2100,4000,3400,500,10000
2025040506030308,メタルスピード,0.2002,5.0,0.001,0,4200,5000,0,9200
2025040506030309,フィーリウス,0.2753,8.9,1.45,3200,3400,3400,0,10000
2025040506030311,トロヴァトーレ,0.5089,1.7,-0.135,0,0,5000,0,5000
2025040509020301,スルーザナイト,0.5782,6.1,2.527,0,5000,0,0,5000
2025040509020303,シュネーグロッケン,0.4205,6.3,1.649,0,5000,5000,0,10000
2025040509020304,アジュマン,0.2516,8.2,1.063,2700,3600,3600,0,9900
2025040509020305,レッドイステル,0.197,1.6,-0.685,0,0,5000,0,5000
2025040509020307,サンダーバース,0.1479,20.2,1.987,2600,5000,700,0,8300
2025040509020308,ブエナオンダ,0.4512,5.2,1.346,0,5000,5000,0,10000
2025040509020311,アスクセクシーモア,0.3212,5.5,0.767,0,5000,5000,0,10000
2025040509020312,フラムリンガム,0.2896,18.8,4.445,2500,2500,2500,2500,10000
2025040606030401,キタノラブミー,0.5054,85.2,42.063,2500,2500,2500,2500,10000
2025040606030402,クインズシフォン,0.5238,1.4,-0.267,0,0,5000,0,5000
2025040606030404,アルデドゥオーモ,0.4727,6.2,1.931,0,5000,5000,0,10000
2025040606030405,ガーネットウインク,0.2516,10.5,1.641,3500,4100,2400,0,10000
2025040606030407,クレオズニードル,0.3417,10.1,2.452,2500,2500,2500,2500,10000
2025040606030408,レイククレセント,0.1514,1.6,-0.758,0,0,5000,0,5000
2025040606030410,マンマリアーレ,0.2474,5.3,0.311,0,5000,0,0,5000
2025040606030412,ネイト,0.3096,1.7,-0.474,0,0,5000,0,5000
2025040609020401,バシリス,0.2936,1.6,-0.53,0,0,5000,0,5000
2025040609020404,セイキュート,0.5898,5.1,2.008,0,5000,0,0,5000
2025040609020405,テスティモーネ,0.2528,8.4,1.124,2800,3600,3600,0,10000
2025040609020408,イツモニコニコ,0.3063,5.8,0.777,0,5000,0,0,5000
2025040609020409,アメリカンビキニ,0.3738,5.4,1.018,0,5000,0,0,5000
2025040609020410,シヴァース,0.2177,5.2,0.132,0,5000,0,0,5000
2025040609020411,ベラジオオペラ,0.2641,5.1,0.347,0,5000,5000,0,10000
2025041203010101,スズノソレイユ,0.5836,6.9,3.027,0,5000,3600,0,8600
2025041203010105,ヘヴンウィンド,0.3152,3.0,-0.055,0,0,5000,0,5000
2025041203010106,カランダッシュ,0.544,8.3,3.515,5000,5000,0,0,10000
2025041203010107,ファイントパーズ,0.3647,52.8,18.255,2500,2500,2500,2500,10000
2025041203010110,ブレーザー,0.4004,14.8,4.926,2500,2500,2500,2500,10000
2025041203010111,ダンテバローズ,0.2143,6.3,0.35,0,5000,4200,0,9200
2025041206030502,ビーアイフォルテ,0.5985,6.3,2.77,0,5000,5000,0,10000
2025041206030507,ガルサブランカ,0.4774,3.5,0.671,0,0,5000,0,5000
2025041206030508,ラファールドール,0.1484,6.2,-0.08,0,1800,0,0,1800
2025041206030510,ポルカリズム,0.1613,7.6,0.226,0,4200,5000,0,9200
2025041206030511,ルージュラナキラ,0.4804,14.5,5.966,2500,2500,2500,2500,10000
2025041206030512,オーブルクール,0.5375,1.9,0.021,0,0,5000,0,5000
2025041209020502,ラファル,0.541,1.9,0.028,0,0,5000,0,5000
2025041209020504,ウインレオネッサ,0.4816,13.3,5.405,2500,2500,2500,2500,10000
2025041209020505,マキシマムビスタ,0.2644,41.6,10.0,2500,2500,2500,2500,10000
2025041209020506,メイショウツヨキ,0.3523,53.5,17.85,2500,2500,2500,2500,10000
2025041209020508,シリウス,0.3165,3.2,0.013,0,0,5000,0,5000
2025041209020509,ミアステラ,0.1072,60.9,5.526,2300,4700,2600,400,10000
2025041209020511,サフィラ,0.384,29.7,10.405,2500,2500,2500,2500,10000
2025041209020512,メイショウホウレン,0.3681,5.5,1.024,0,5000,5000,0,10000
2025041303010202,アタリダイキチ,0.6252,37.9,22.695,2500,2500,2500,2500,10000
2025041303010203,オロスコピオ,0.3136,4.9,0.537,0,0,600,0,600
2025041303010204,マンオブザマッチ,0.5358,4.9,1.625,0,0,5000,0,5000
2025041303010206,ソルレース,0.2402,2.8,-0.327,0,0,5000,0,5000
2025041303010207,バードウォッチャー,0.1656,6.0,-0.006,0,2900,700,0,3600
2025041303010208,ニシノクラウン,0.2234,54.1,11.084,3000,3000,3000,900,9900
2025041303010210,メイショウカゼマチ,0.3122,32.9,9.272,2800,2800,2800,1500,9900
2025041303010211,シリウスコルト,0.2464,6.7,0.651,0,5000,5000,0,10000
2025041306030601,ルチアーナ,0.3651,1.6,-0.416,0,0,5000,0,5000
2025041306030602,ヒサエノオモカゲ,0.224,4.3,-0.037,0,0,5000,0,5000
2025041306030603,サンライズジュピタ,0.4918,8.7,3.279,3300,3300,3300,0,9900
2025041306030606,シャドウメテオ,0.3529,8.4,1.965,5000,5000,0,0,10000
2025041306030607,ニューファウンド,0.2521,5.6,0.412,0,5000,5000,0,10000
2025041306030609,コスモジンバック,0.3496,3.4,0.189,0,0,5000,0,5000
2025041306030610,トーアライデン,0.2399,5.6,0.344,0,5000,0,0,5000
2025041306030612,ソーニャシュニク,0.1796,3.2,-0.425,0,0,3100,0,3100
2025041309020601,ミヤジマナ,0.6356,11.1,6.055,2500,2500,2500,2500,10000
2025041309020603,スレッドザニードル,0.1135,8.1,-0.081,0,1200,1100,0,2300
2025041309020605,レーティッシュ,0.2834,14.3,3.052,2500,2500,2500,2500,10000
2025041309020606,バトンインディ,0.356,13.3,3.735,2600,2600,2600,2100,9900
2025041309020609,サヴォンリンナ,0.3591,5.8,1.083,0,5000,5000,0,10000
2025041309020611,エンブロイダリー,0.3395,5.0,0.698,0,5000,5000,0,10000
2025041903010301,メイショウホダワラ,0.3505,6.4,1.243,0,5000,0,0,5000
2025041903010302,デボラ,0.4747,2.2,0.044,0,0,5000,0,5000
2025041903010303,ブリヤディアマンテ,0.352,8.4,1.957,5000,5000,0,0,10000
2025041903010305,レッドシュテルン,0.299,4.6,0.376,0,0,5000,0,5000
2025041903010306,ダニエルバローズ,0.4903,7.3,2.579,0,5000,5000,0,10000
2025041903010307,トゥピ,0.1844,70.5,12.003,3900,4600,1400,100,10000
2025041903010308,サンダーアリュール,0.1872,26.5,3.962,3200,4200,2400,200,10000
2025041903010310,ウインデイジー,0.1782,10.9,0.942,1700,3500,3500,1300,10000
2025041906030703,ショーモッシュ,0.7192,4.3,2.093,0,0,5000,0,5000
2025041906030706,ショウナンサムデイ,0.5537,12.5,5.922,2500,2500,2500,2500,10000
2025041906030710,ジョージテソーロ,0.2477,10.5,1.601,2300,2800,2800,2100,10000
2025041906030711,インプレス,0.4509,5.8,1.615,0,5000,0,0,5000
2025041906030712,メイショウヤーキス,0.3086,7.0,1.16,0,5000,5000,0,10000
2025041909020702,ララアヴリル,0.3006,12.4,2.727,2500,2500,2500,2500,10000
2025041909020703,ミラクルブルー,0.5978,24.0,13.348,2500,2500,2500,2500,10000
2025041909020705,トッピボーン,0.4883,1.7,-0.17,0,0,5000,0,5000
2025041909020706,クリノスワロー,0.5917,4.5,1.663,0,0,5000,0,5000
2025041909020708,マルカオペラ,0.1333,10.6,0.413,1100,3700,3600,400,8800
2025041909020709,ルディック,0.2907,2.3,-0.332,0,0,5000,0,5000
2025041909020710,レディマリオン,0.2908,15.6,3.536,2500,2500,2500,2500,10000
2025041909020712,カルパ,0.1793,6.2,0.111,0,4300,0,0,4300
2025042003010404,ヨヒーン,0.2229,9.4,1.095,2500,3800,3800,0,10100
2025042003010405,ピジョンポイント,0.5785,11.7,5.768,4200,4200,1500,0,9900
2025042003010407,アラタマフェーヴル,0.1805,10.1,0.823,1700,3600,3600,1200,10100
2025042003010408,クアトロジャック,0.1223,3.9,-0.523,0,0,2700,0,2700
2025042003010409,クリノハレルヤ,0.3189,14.0,3.465,2500,2500,2500,2500,10000
2025042003010410,エコロレイズ,0.2156,4.7,0.013,0,0,5000,0,5000
2025042003010412,トーレ,0.3465,8.4,1.91,5000,5000,0,0,10000
2025042006030801,ゲンパチルーナ,0.8001,1.4,0.12,0,0,5000,0,5000
2025042006030803,スマートカイロス,0.5423,22.7,11.31,2500,2500,2500,2500,10000
2025042006030804,ルトンワージ,0.5373,3.0,0.612,0,0,5000,0,5000
2025042006030805,マックアルイーン,0.5447,3.0,0.634,0,0,5000,0,5000
2025042006030807,エコロエイト,0.3721,34.4,11.799,2500,2500,2500,2500,10000
2025042006030810,インビンシブルパパ,0.5594,2.4,0.343,0,0,5000,0,5000
2025042006030811,ミュージアムマイル,0.5453,10.6,4.78,2500,2500,2500,2500,10000
2025042009020801,ニューオーリンズ,0.4976,4.9,1.438,0,0,5000,0,5000
2025042009020802,エレガンシア,0.4207,20.2,7.498,3300,3300,3300,0,9900
2025042009020803,タガノマルアフ,0.6706,4.4,1.95,0,0,5000,0,5000
2025042009020805,アスクヴォルテージ,0.189,8.8,0.663,1700,4100,4100,0,9900
2025042009020806,ラストシャリナ,0.2389,11.6,1.772,2200,2600,2600,2600,10000
2025042009020810,ローズスター,0.1783,6.1,0.088,0,4100,0,0,4100
2025042009020812,パルクリチュード,0.2601,2.7,-0.298,0,0,5000,0,5000
2025042603010501,キミオモウハナ,0.5999,21.0,11.598,2600,2600,2600,2100,9900
2025042603010503,マカナ,0.438,1.4,-0.387,0,0,5000,0,5000
2025042603010506,マテンロウカナロア,0.3215,6.2,0.993,0,5000,5000,0,10000
2025042603010507,ピースフルナイト,0.3033,5.0,0.517,0,5000,5000,0,10000
2025042603010508,ニホンピロトッティ,0.422,2.0,-0.156,0,0,5000,0,5000
2025042603010510,コスモアバンサ,0.1133,15.7,0.778,1300,3600,1600,100,6600
2025042603010511,イツモニコニコ,0.5899,7.0,3.129,0,5000,5000,0,10000
2025042603010512,マッスルバック,0.3356,5.4,0.812,0,5000,5000,0,10000
2025042605020102,アイアムイチバン,0.5323,32.0,16.034,2500,2500,2500,2500,10000
2025042605020103,ダカラフェスティヴ,0.3205,1.4,-0.551,0,0,5000,0,5000
2025042605020104,ウインベアトリス,0.4047,14.3,4.788,2500,2500,2500,2500,10000
2025042605020106,リアライズカミオン,0.3242,2.5,-0.19,0,0,5000,0,5000
2025042605020107,マーゴットレーヴ,0.1787,2.8,-0.5,0,0,5000,0,5000
2025042605020108,シャンパンマーク,0.2891,10.5,2.036,3300,3300,3300,200,10100
2025042605020111,ホウオウアートマン,0.4219,56.3,22.75,2500,2500,2500,2500,10000
2025042605020112,ターコイズフリンジ,0.4268,1.4,-0.403,0,0,5000,0,5000
2025042608020101,アメリカンポリス,0.7249,1.4,0.015,0,0,5000,0,5000
2025042608020102,パーフェクト,0.5092,12.2,5.212,2500,2500,2500,2500,10000
2025042608020103,レディエンス,0.1881,19.3,2.631,2400,3400,3400,900,10100
2025042608020104,ナリノモンターニュ,0.1949,6.1,0.189,0,5000,0,0,5000
2025042608020105,エイカイカッシーナ,0.6387,11.6,6.408,2700,2700,2700,2000,10100
2025042608020106,ジョイボーイ,0.6898,1.7,0.173,0,0,5000,0,5000
2025042608020107,ロードラビリンス,0.6654,3.0,0.996,0,0,5000,0,5000
2025042608020111,ボナンザ,0.1965,5.0,-0.018,0,3900,0,0,3900
2025042703010601,フェデルミエール,0.8351,4.2,2.507,0,0,5000,0,5000
2025042703010602,ユーティジャーニー,0.3237,1.6,-0.482,0,0,5000,0,5000
2025042703010604,タマカヅラ,0.4874,2.8,0.365,0,0,5000,0,5000
2025042703010606,ナチュラルリバー,0.2662,8.3,1.209,2900,3500,3500,0,9900
2025042703010607,ライクアフラワー,0.1317,2.6,-0.658,0,0,2700,0,2700
2025042703010608,グランカンタンテ,0.1679,8.5,0.427,1400,5000,1100,0,7500
2025042703010609,モルトマエストーソ,0.2905,9.8,1.847,3300,3300,3300,0,9900
2025042703010611,ジャスティンスカイ,0.2523,11.0,1.776,3000,3400,3300,300,10000
2025042703010612,マーゴットファブ,0.2457,52.6,11.923,3200,3200,3200,300,9900
2025042705020201,ミッシオーネ,0.4474,16.4,6.337,3000,3000,3000,1000,10000
2025042705020202,ファンタイムギフト,0.0995,7.1,-0.293,0,0,100,0,100
2025042705020206,エンペラーズソード,0.3494,23.1,7.071,2500,2500,2500,2500,10000
2025042705020209,オーサムストローク,0.0779,37.7,1.937,1300,2900,1100,100,5400
2025042705020210,ペリエール,0.2156,6.0,0.293,0,5000,5000,0,10000
2025042705020211,ロートホルン,0.3894,12.8,3.984,2500,2500,2500,2500,10000
2025042708020201,ペプチドクレマチス,0.8046,23.7,18.068,2500,2500,2500,2500,10000
2025042708020202,シュネーグロッケン,0.4556,2.9,0.321,0,0,5000,0,5000
2025042708020203,シャインベック,0.5909,5.6,2.309,0,5000,0,0,5000
2025042708020204,アルマーザアミール,0.4465,15.5,5.92,2500,2500,2500,2500,10000
2025042708020205,テレプシコーラ,0.3225,11.8,2.806,3300,3300,3300,0,9900
2025042708020206,ゲッティヴィラ,0.3901,2.3,-0.103,0,0,5000,0,5000
2025042708020207,ジーティームソウ,0.322,3.4,0.095,0,0,5000,0,5000
2025042708020208,ミッションルース,0.4296,12.1,4.198,2500,2500,2500,2500,10000
2025042708020209,キャントウェイト,0.3564,2.9,0.034,0,0,5000,0,5000
2025042708020211,セオ,0.1947,4.4,-0.143,0,0,5000,0,5000
2025042708020212,スマートリアファル,0.3874,12.8,3.958,2500,2500,2500,2500,10000
2025050304010101,ウィズユアドリーム,0.3592,7.0,1.514,0,5000,0,0,5000
2025050304010102,アンドリーナ,0.5543,2.8,0.552,0,0,400,0,400
2025050304010103,テイエムパイロット,0.5575,43.0,22.971,2500,2500,2500,2500,10000
2025050304010104,ドゥラモンド,0.3083,10.8,2.33,3000,3000,3000,1100,10100
2025050304010105,キントラダンサー,0.5442,2.4,0.306,0,0,5000,0,5000
2025050304010106,シャインバオバブ,0.41,4.0,0.64,0,0,5000,0,5000
2025050304010109,バギーウィップ,0.2898,26.8,6.767,2500,2500,2500,2500,10000
2025050304010110,マイネルオーシャン,0.2328,2.9,-0.325,0,0,5000,0,5000
2025050304010111,アピーリングルック,0.2627,3.6,-0.054,0,0,5000,0,5000
2025050304010112,ニシノトキメキ,0.3225,5.4,0.741,0,5000,0,0,5000
2025050305020303,プロフェータ,0.6461,3.8,1.455,0,0,5000,0,5000
2025050305020304,ウィンスタンリー,0.4663,2.9,0.352,0,0,5000,0,5000
2025050305020307,モナコブル,0.2042,6.2,0.266,0,5000,0,0,5000
2025050305020309,ブレスワード,0.3099,23.5,6.282,2500,2500,2500,2500,10000
2025050305020310,ジューンエオス,0.3256,124.5,39.534,2500,2500,2500,2500,10000
2025050305020311,ママコチャ,0.2344,2.9,-0.32,0,0,5000,0,5000
2025050308020301,ルージュミステリオ,0.1815,12.2,1.214,2700,5000,2300,0,10000
2025050308020302,ソリスクラヴィス,0.6906,3.0,1.072,0,0,5000,0,5000
2025050308020303,レディーミコノス,0.5239,37.1,18.438,2500,2500,2500,2500,10000
2025050308020304,サンライズシュガー,0.6118,2.4,0.468,0,0,5000,0,5000
2025050308020305,ヤエギリ,0.2936,10.1,1.965,3200,3200,3200,300,9900
2025050308020307,ロードオールライト,0.4799,2.0,-0.04,0,0,3300,0,3300
2025050308020308,サドル,0.1015,40.6,3.12,2000,4200,900,100,7200
2025050308020311,ヒルノハンブルク,0.475,33.7,15.008,2500,2500,2500,2500,10000
2025050308020312,イミュータブル,0.2769,6.5,0.8,0,5000,5000,0,10000
2025050404010201,ミッドタウンナイト,0.4767,5.3,1.526,0,5000,5000,0,10000
2025050404010203,ショウサンジョージ,0.5378,8.9,3.786,3300,3300,3300,0,9900
2025050404010204,ジーククローネ,0.4648,3.2,0.487,0,0,5000,0,5000
2025050404010206,ゴヴェルナーレリコ,0.2408,5.8,0.396,0,5000,0,0,5000
2025050404010207,ライトニングゼウス,0.2261,1.9,-0.57,0,0,5000,0,5000
2025050404010208,メイショウノブカ,0.1065,2.3,-0.755,0,0,1700,0,1700
2025050404010209,ルフトクス,0.1464,4.5,-0.341,0,0,3600,0,3600
2025050404010210,イコサン,0.2238,2.2,-0.508,0,0,2600,0,2600
2025050404010211,ブシン,0.1888,4.4,-0.169,0,0,5000,0,5000
2025050404010212,ベストオブユー,0.1992,4.8,-0.044,0,0,1800,0,1800
2025050405020401,パイシャオピン,0.2674,12.6,2.369,2500,2500,2500,2500,10000
2025050405020403,ノアヴィヴァーチェ,0.1806,4.6,-0.169,0,0,5000,0,5000
2025050405020404,ファリーザ,0.2169,6.8,0.475,0,5000,3600,0,8600
2025050405020405,テルケンユミクイン,0.6219,13.6,7.457,3300,3300,3300,0,9900
2025050405020406,ハリーケーン,0.1972,7.6,0.499,0,5000,4800,0,9800
2025050405020407,メイショウソムリエ,0.2933,2.2,-0.355,0,0,4500,0,4500
2025050405020408,カニキュル,0.4131,1.4,-0.422,0,0,5000,0,5000
2025050405020409,アスクカムオンモア,0.1413,2.4,-0.661,0,0,3500,0,3500
2025050405020410,レヴォントゥレット,0.1311,3.4,-0.554,0,0,2600,0,2600
2025050408020401,コパノマロン,0.5514,12.0,5.617,2500,2500,2500,2500,10000
2025050408020402,スコーピオンイメル,0.2787,2.3,-0.359,0,0,2300,0,2300
2025050408020403,サンタンカ,0.2774,15.8,3.383,3300,3300,3300,0,9900
2025050408020404,ダノンジョーカー,0.7398,1.5,0.11,0,0,5000,0,5000
2025050408020405,ダノンフィーゴ,0.3613,4.8,0.734,0,0,5000,0,5000
2025050408020407,ミッドナイトホーク,0.1291,95.5,11.334,2600,4300,2500,600,10000
2025050408020410,エイムインライフ,0.4753,37.8,16.966,2500,2500,2500,2500,10000
2025050408020411,ヘデントール,0.4779,3.1,0.481,0,0,5000,0,5000
2025051004010302,チュラビックタイム,0.5979,10.3,5.159,2500,2500,2500,2500,10000
2025051004010303,メイショウホダワラ,0.5143,7.4,2.806,0,5000,5000,0,10000
2025051004010304,ローディアマント,0.3535,1.8,-0.364,0,0,5000,0,5000
2025051004010305,マニス,0.1557,42.8,5.663,3100,4500,2400,0,10000
2025051004010306,メイショウヤシマ,0.3088,3.0,-0.074,0,0,5000,0,5000
2025051004010307,サンセットブライト,0.2542,3.4,-0.136,0,0,3800,0,3800
2025051004010309,グレイトクラウン,0.3024,15.4,3.657,3700,3700,2600,0,10000
2025051004010310,キーチパルフェ,0.1939,5.9,0.144,0,5000,1100,0,6100
2025051004010312,サンダーアリュール,0.2828,15.6,3.411,3100,3100,3100,700,10000
2025051005020501,ショウナンラリー,0.3558,5.4,0.922,0,5000,0,0,5000
2025051005020504,イリュストル,0.6477,1.8,0.166,0,0,5000,0,5000
2025051005020505,トレヴィ,0.4077,1.8,-0.266,0,0,5000,0,5000
2025051005020508,スカイハイ,0.2131,1.8,-0.616,0,0,5000,0,5000
2025051005020509,アルセナール,0.5537,5.5,2.046,0,5000,0,0,5000
2025051005020510,ポールセン,0.5425,5.7,2.092,0,5000,5000,0,10000
2025051005020511,シュトラウス,0.1441,5.7,-0.179,0,600,5000,0,5600
2025051008020502,メリトーリアス,0.1158,17.8,1.062,1600,4000,0,0,5600
2025051008020503,クイーンズデイ,0.5592,41.2,22.037,2500,2500,2500,2500,10000
2025051008020504,アンジュアルディ,0.4402,5.8,1.553,0,5000,0,0,5000
2025051008020506,ルークススペイ,0.4575,3.4,0.556,0,0,5000,0,5000
2025051008020508,オーシンハーフ,0.5022,5.3,1.662,0,5000,0,0,5000
2025051008020510,ダノンフロイデ,0.1827,6.5,0.187,0,4900,0,0,4900
2025051008020511,ネブラディスク,0.5108,10.6,4.415,2500,2500,2500,2500,10000
2025051104010401,レイバックスピン,0.2227,4.8,0.069,0,0,5000,0,5000
2025051104010402,ビーマックス,0.3401,9.3,2.163,3300,3300,3300,0,9900
2025051104010404,ヒルズカーン,0.3863,4.5,0.739,0,0,5000,0,5000
2025051104010405,ベストレーサー,0.1952,102.7,19.05,3900,4100,2000,0,10000
2025051104010406,マグネシアブリック,0.4311,1.9,-0.181,0,0,5000,0,5000
2025051104010408,ファインライン,0.2685,3.9,0.047,0,0,2700,0,2700
2025051104010409,オンザブルースカイ,0.2837,7.3,1.071,0,5000,5000,0,10000
2025051104010410,テーオールビー,0.1378,4.2,-0.421,0,0,3000,0,3000
2025051104010411,ヤマニンサンパ,0.1367,6.5,-0.111,0,1300,3700,0,5000
2025051105020601,ウィンターサン,0.2904,9.6,1.788,3300,3300,3300,0,9900
2025051105020602,アラスカフレイバー,0.5642,2.7,0.523,0,0,5000,0,5000
2025051105020603,ヘヴンウィンド,0.5026,3.3,0.659,0,0,4800,0,4800
2025051105020604,テンミラクルスター,0.2332,50.2,10.707,3800,3800,2200,200,10000
2025051105020605,ピカピカサンダー,0.4978,7.8,2.883,0,5000,5000,0,10000
2025051105020606,エフォートレス,0.3933,1.7,-0.331,0,0,5000,0,5000
2025051105020607,シンハナーダ,0.7612,1.2,-0.087,0,0,5000,0,5000
2025051105020608,アージェント,0.5956,7.4,3.407,0,5000,0,0,5000
2025051105020609,グラヴィス,0.1729,15.3,1.645,2000,3500,3500,1000,10000
2025051105020611,パンジャタワー,0.4177,26.1,9.902,2500,2500,2500,2500,10000
2025051105020612,ウェットシーズン,0.4349,5.8,1.522,0,5000,5000,0,10000
2025051108020602,ゼロスネーク,0.5201,1.6,-0.168,0,0,5000,0,5000
2025051108020603,ノーランサンライズ,0.4636,28.4,12.167,2500,2500,2500,2500,10000
2025051108020605,サンライズバブル,0.2252,32.9,6.41,3000,3000,3000,1100,10100
2025051108020606,ツキノアカリ,0.3824,6.0,1.294,0,5000,5000,0,10000
2025051108020607,ミッキージュエリー,0.456,3.7,0.687,0,0,5000,0,5000
2025051108020608,クインズポラリス,0.1632,8.0,0.306,1000,4300,4700,0,10000
2025051108020610,スリールミニョン,0.3387,4.1,0.389,0,0,5000,0,5000
2025051108020611,サンライズアリオン,0.2133,13.1,1.795,2800,3800,3100,300,10000
2025051108020612,プルートマスター,0.14,6.8,-0.048,0,1900,2000,0,3900
2025051704010502,アイアンソリッド,0.4083,2.9,0.184,0,0,5000,0,5000
2025051704010505,サンカシグレ,0.5778,2.7,0.56,0,0,4900,0,4900
2025051704010506,ハッピーダンシング,0.3914,8.5,2.327,3300,3300,3300,0,9900
2025051704010508,キタサンダムール,0.1876,7.5,0.407,0,5000,5000,0,10000
2025051704010509,アンテロース,0.2916,19.9,4.803,3100,3100,3100,700,10000
2025051704010510,カゼノランナー,0.7372,1.6,0.18,0,0,5000,0,5000
2025051704010511,オールナット,0.3169,7.5,1.376,0,5000,5000,0,10000
2025051704010512,ミスエル,0.1843,13.4,1.47,2100,3500,3500,800,9900
2025051705020702,クリオシダード,0.2469,9.1,1.247,3800,5000,0,0,8800
2025051705020703,シンガソング,0.4427,4.5,0.992,0,0,5000,0,5000
2025051705020706,ホウオウアートマン,0.4145,5.3,1.197,0,5000,5000,0,10000
2025051705020708,レッドアレグロ,0.254,1.9,-0.517,0,0,900,0,900
2025051705020709,ラーンザロープス,0.3078,3.5,0.077,0,0,5000,0,5000
2025051705020710,タイセイレスポンス,0.3072,15.9,3.885,2500,2500,2500,2500,10000
2025051705020711,ラスカンブレス,0.3406,2.4,-0.183,0,0,5000,0,5000
2025051708020701,ユキノクラウン,0.4845,2.8,0.357,0,0,5000,0,5000
2025051708020704,サンライズロジャー,0.1502,13.5,1.028,2000,4900,3100,0,10000
2025051708020709,マイユニバース,0.2576,5.8,0.494,0,5000,5000,0,10000
2025051708020710,グーデンドラーク,0.2661,16.7,3.443,2500,2500,2500,2500,10000
2025051708020711,カリボール,0.2182,70.6,14.408,2900,2900,2900,1400,10100
2025051708020712,ヒロノラメール,0.2551,8.0,1.041,2700,3600,3600,0,9900
2025051804010601,ムーンアイドル,0.6075,17.0,9.327,2500,2500,2500,2500,10000
2025051804010603,レヴァンテシチー,0.3258,3.0,-0.023,0,0,1300,0,1300
2025051804010605,ロードプレイヤー,0.2893,3.6,0.041,0,0,5000,0,5000
2025051804010606,キタノブレイク,0.5011,11.2,4.613,3300,3300,3300,0,9900
2025051804010608,エイブラムス,0.5444,8.4,3.573,3300,3300,3300,0,9900
2025051804010609,ハッピーデービー,0.2889,12.9,2.727,2600,2600,2600,2100,9900
2025051804010610,サダムオプシス,0.4951,5.1,1.525,0,5000,0,0,5000
2025051804010612,サンダーアリュール,0.1419,17.6,1.497,2300,5000,2100,100,9500
2025051805020802,ラヴアンドライク,0.0971,21.4,1.077,1300,3300,0,0,4600
2025051805020803,ユイノレクター,0.3862,10.8,3.171,3400,3400,3200,0,10000
2025051805020804,フェンスブレイカー,0.6854,11.4,6.813,2500,2500,2500,2500,10000
2025051805020807,マーズオデッセイ,0.6666,8.8,4.866,3300,3300,3300,0,9900
2025051805020808,ドリームクルーズ,0.1513,17.3,1.618,1900,3800,3500,800,10000
2025051805020809,ボーモンド,0.3862,2.5,-0.034,0,0,5000,0,5000
2025051805020810,オウギノカナメ,0.1647,5.9,-0.029,0,2700,900,0,3600
2025051805020811,アルジーヌ,0.4131,9.1,2.759,3300,3300,3300,0,9900
2025051808020801,ラファル,0.3641,1.2,-0.563,0,0,5000,0,5000
2025051808020802,モズカトレア,0.185,57.8,9.691,3400,4000,2500,100,10000
2025051808020803,ブライティアブーケ,0.355,14.8,4.254,3200,3200,3200,400,10000
2025051808020805,タガノマカシヤ,0.3367,3.9,0.313,0,0,5000,0,5000
2025051808020806,トウカイエルデ,0.1326,12.1,0.604,1400,4100,1300,0,6800
2025051808020807,ブルーワール,0.3799,6.5,1.469,0,5000,0,0,5000
2025051808020808,ジーティームソウ,0.3248,2.7,-0.123,0,0,1800,0,1800
2025051808020811,コンティノアール,0.1699,40.1,5.814,2400,3300,3300,1000,10000
2025051808020812,イミュータブル,0.2079,12.1,1.516,2200,3300,3300,1200,10000
2025052404010701,パトリック,0.2457,5.3,0.302,0,5000,5000,0,10000
2025052404010702,トゥーザムーン,0.2996,6.0,0.797,0,5000,0,0,5000
2025052404010706,アリステア,0.6865,5.7,2.913,0,5000,5000,0,10000
2025052404010707,アンダーザライト,0.3685,5.2,0.916,0,5000,5000,0,10000
2025052404010708,ゴヴェルナーレリコ,0.443,5.2,1.304,0,5000,0,0,5000
2025052404010709,ゼンダンタカ,0.3432,27.5,8.437,2500,2500,2500,2500,10000
2025052404010711,セシリエプラージュ,0.2646,1.9,-0.497,0,0,3900,0,3900
2025052404010712,プレアデスグループ,0.1643,26.0,3.272,2300,3400,3400,1000,10100
2025052405020901,ファリーザ,0.4748,19.3,8.163,2500,2500,2500,2500,10000
2025052405020903,ネイチャーズロウ,0.7358,3.9,1.87,0,0,5000,0,5000
2025052405020905,シュネルケーニヒ,0.6818,2.9,0.977,0,0,5000,0,5000
2025052405020906,フィリップバローズ,0.3995,17.0,5.792,2500,2500,2500,2500,10000
2025052405020907,レイククレセント,0.1154,4.5,-0.481,0,0,3200,0,3200
2025052405020908,サトノアルペジオ,0.2988,2.2,-0.343,0,0,3500,0,3500
2025052405020909,ジョスラン,0.4797,5.6,1.686,0,5000,0,0,5000
2025052405020911,インユアパレス,0.251,9.2,1.309,2900,3600,3600,0,10100
2025052405020912,アルゴナヴィス,0.4021,4.0,0.608,0,0,5000,0,5000
2025052408020901,バッハアルプゼー,0.5425,4.6,1.495,0,0,5000,0,5000
2025052408020906,トゥロン,0.5828,6.7,2.905,0,5000,0,0,5000
2025052408020907,ベトルス,0.3646,1.6,-0.417,0,0,5000,0,5000
2025052408020908,シャハザマーン,0.4918,1.5,-0.262,0,0,5000,0,5000
2025052408020909,グローリーリンク,0.3846,1.9,-0.269,0,0,5000,0,5000
2025052408020911,アウトレンジ,0.2225,6.0,0.335,0,5000,5000,0,10000
2025052504010803,メイショウアイル,0.3526,6.3,1.221,0,5000,5000,0,10000
2025052504010805,ストラニエーロ,0.3708,43.8,15.242,5000,5000,0,0,10000
2025052504010806,レイヤードレッド,0.5243,5.5,1.884,0,5000,0,0,5000
2025052504010807,ベニシア,0.1768,34.5,5.099,2300,3100,3100,1500,10000
2025052504010808,モーデン,0.1087,9.1,-0.011,0,1500,2100,0,3600
2025052504010809,ルトゥール,0.1041,4.2,-0.563,0,0,1300,0,1300
2025052504010811,テイエムスパーダ,0.1342,4.7,-0.369,0,0,2000,0,2000
2025052505021002,デルマムーン,0.6066,17.1,9.373,2500,2500,2500,2500,10000
2025052505021003,アメリカンビヨンド,0.3346,5.3,0.774,0,5000,0,0,5000
2025052505021005,デルマケセラセラ,0.3119,9.2,1.869,3300,3300,3300,0,9900
2025052505021006,シホノペルフェット,0.6502,5.0,2.251,0,5000,0,0,5000
2025052505021007,モルトマエストーソ,0.4563,5.3,1.419,0,5000,0,0,5000
2025052505021008,エンセリオ,0.0727,13.6,-0.012,0,900,100,0,1000
2025052505021009,コルレオニス,0.2338,1.6,-0.626,0,0,1300,0,1300
2025052505021011,エンブロイダリー,0.2733,3.3,-0.098,0,0,5000,0,5000
2025052505021012,アスクデビューモア,0.3063,10.7,2.277,2800,2800,2800,1700,10100
2025052508021001,ケイアイブイスリー,0.4459,38.1,15.988,2500,2500,2500,2500,10000
2025052508021002,フクキタテーラー,0.4281,29.7,11.715,2500,2500,2500,2500,10000
2025052508021003,ハイクオリティ,0.2855,9.0,1.569,3300,3400,3400,0,10100
2025052508021005,サトノソティラス,0.2817,7.0,0.972,0,5000,5000,0,10000
2025052508021006,モンテディアーナ,0.2491,2.6,-0.352,0,0,5000,0,5000
2025052508021007,トリポリタニア,0.2246,4.2,-0.057,0,0,5000,0,5000
2025052508021009,エールトゥヘヴン,0.1242,10.5,0.304,800,3100,2200,0,6100
2025052508021010,キャプテンネキ,0.129,3.2,-0.587,0,0,3500,0,3500
2025052508021011,ウエストナウ,0.1936,3.7,-0.284,0,0,5000,0,5000
2025053105021101,シュガーハイ,0.2071,8.1,0.678,2400,5000,0,0,7400
2025053105021102,オビドス,0.1717,5.0,-0.141,0,1500,4500,0,6000
2025053105021106,ルグランヴァン,0.2125,5.9,0.254,0,5000,5000,0,10000
2025053105021107,パワースナッチ,0.2445,4.0,-0.022,0,0,5000,0,5000
2025053105021108,チザルピーノ,0.487,1.5,-0.269,0,0,5000,0,5000
2025053105021110,サトノヴィレ,0.229,30.1,5.893,2500,2500,2500,2500,10000
2025053105021111,ウェイワードアクト,0.3309,2.6,-0.14,0,0,5000,0,5000
2025053105021112,ポルポラジール,0.2467,8.8,1.171,3800,5000,0,0,8800
2025053108021102,モレポブラーノ,0.6041,6.6,2.987,0,5000,5000,0,10000
2025053108021103,カンピドリオ,0.6756,2.7,0.824,0,0,5000,0,5000
2025053108021104,ダンツアトム,0.3343,137.6,45.005,4100,4100,1700,100,10000
2025053108021105,テーオーシュタイン,0.4237,3.5,0.483,0,0,5000,0,5000
2025053108021106,ウィップスティッチ,0.2757,7.0,0.93,0,5000,5000,0,10000
2025053108021107,ハニーコム,0.1442,5.0,-0.279,0,0,4700,0,4700
2025053108021108,クスクス,0.39,18.5,6.214,3100,3100,3100,600,9900
2025053108021109,サンコンクエスト,0.3939,27.6,9.873,2500,2500,2500,2500,10000
2025053108021111,ドラゴンウェルズ,0.283,22.7,5.424,2500,2500,2500,2500,10000
2025060105021201,スカイビート,0.7265,1.7,0.235,0,0,5000,0,5000
2025060105021202,サウンドリアン,0.6447,5.3,2.417,0,5000,5000,0,10000
2025060105021204,ダノンエンブレム,0.6774,5.8,2.929,0,5000,0,0,5000
2025060105021205,マーズオデッセイ,0.3449,6.0,1.069,0,5000,0,0,5000
2025060105021206,ニシノティアモ,0.4068,3.7,0.505,0,0,5000,0,5000
2025060105021207,ノルドヴェスト,0.4433,1.8,-0.202,0,0,5000,0,5000
2025060105021210,メリオーレム,0.2075,3.8,-0.211,0,0,4000,0,4000
2025060108021201,メイショウホダワラ,0.4409,7.4,2.262,0,5000,0,0,5000
2025060108021202,マテンロウシルビア,0.1265,18.4,1.328,1900,4700,3100,300,10000
2025060108021203,コリカンチャ,0.4061,7.8,2.167,0,5000,5000,0,10000
2025060108021205,ジョイボーイ,0.7469,1.5,0.12,0,0,5000,0,5000
2025060108021206,スニーカースキル,0.3739,7.4,1.767,0,5000,5000,0,10000
2025060108021207,ヴィスマール,0.2501,2.5,-0.375,0,0,1500,0,1500
2025060108021208,パドマ,0.1767,4.5,-0.205,0,0,5000,0,5000
2025060108021209,コパノアントニオ,0.1474,72.5,9.684,2400,3500,3500,600,10000
2025060108021210,タマモブラックタイ,0.1086,10.0,0.086,200,1900,800,0,2900
2025060108021211,ライトトラック,0.3148,5.4,0.7,0,5000,0,0,5000
2025060108021212,ガロンヌ,0.2213,4.6,0.018,0,0,5000,0,5000
2025060705030104,エポナ,0.6017,1.4,-0.158,0,0,5000,0,5000
2025060705030105,ディバインウインド,0.8267,3.1,1.563,0,0,5000,0,5000
2025060705030106,ナムラペルル,0.4815,7.0,2.371,0,5000,5000,0,10000
2025060705030107,キューティリップ,0.2214,3.7,-0.181,0,0,400,0,400
2025060705030108,バランスダンサー,0.4975,11.6,4.771,2500,2500,2500,2500,10000
2025060705030109,サトノパトリオット,0.3646,5.7,1.078,0,5000,0,0,5000
2025060705030111,ヒルノドゴール,0.3117,4.5,0.403,0,0,5000,0,5000
2025060705030112,ロッシニアーナ,0.5799,1.5,-0.13,0,0,5000,0,5000
2025060709030101,ルクスデイジー,0.6052,1.3,-0.213,0,0,5000,0,5000
2025060709030103,コウセキ,0.4945,5.6,1.769,0,5000,5000,0,10000
2025060709030104,ドラゴンテイラー,0.559,7.6,3.248,0,5000,1500,0,6500
2025060709030106,サトノソティラス,0.4919,6.2,2.05,0,5000,0,0,5000
2025060709030107,ヴァリディシームス,0.22,1.3,-0.714,0,0,5000,0,5000
2025060709030108,ヴァンアグレアブル,0.1271,3.2,-0.593,0,0,3100,0,3100
2025060709030109,ゼンダンハヤブサ,0.4876,11.1,4.412,2500,2500,2500,2500,10000
2025060709030111,ヴィレム,0.2679,5.6,0.5,0,5000,0,0,5000
2025060805030201,ウィンターサン,0.5507,6.1,2.359,0,5000,0,0,5000
2025060805030204,マックスキュー,0.4308,1.5,-0.354,0,0,5000,0,5000
2025060805030205,ダノンヒストリー,0.8728,1.2,0.047,0,0,5000,0,5000
2025060805030208,キングノジョー,0.6016,1.9,0.143,0,0,5000,0,5000
2025060805030210,ジャスパーバローズ,0.2748,11.6,2.188,2500,2500,2500,2500,10000
2025060805030211,ジャンタルマンタル,0.3784,4.3,0.627,0,0,5000,0,5000
2025060805030212,グラヴィス,0.1809,30.3,4.481,2600,3500,3300,600,10000
2025060809030203,ペイドラロワール,0.505,5.1,1.576,0,5000,0,0,5000
2025060809030205,ファムマルキーズ,0.4307,2.2,-0.052,0,0,5000,0,5000
2025060809030206,ジョワイユノエル,0.3122,4.5,0.405,0,0,5000,0,5000
2025060809030210,ベルジュロネット,0.3715,2.5,-0.071,0,0,5000,0,5000
2025060809030211,ジレトール,0.2112,12.1,1.556,2000,2900,2900,2200,10000
2025060809030212,チューラワンサ,0.3316,5.0,0.658,0,5000,0,0,5000
2025061402010101,エスペシャリー,0.6541,4.7,2.074,0,0,5000,0,5000
2025061402010103,ストラテージュ,0.6295,6.7,3.218,0,5000,0,0,5000
2025061402010104,コンドゥイア,0.4628,8.6,2.98,3300,3300,3300,0,9900
2025061402010107,ラパンチュール,0.3811,3.4,0.296,0,0,5000,0,5000
2025061402010109,ロードリベラシオン,0.4025,16.0,5.44,3300,3300,3300,100,10000
2025061402010110,リラボニート,0.334,3.2,0.069,0,0,5000,0,5000
2025061402010111,インビンシブルパパ,0.4774,23.8,10.361,2500,2500,2500,2500,10000
2025061405030302,オビドス,0.5017,4.7,1.358,0,0,5000,0,5000
2025061405030303,ジェイエルバース,0.5164,58.4,29.161,2500,2500,2500,2500,10000
2025061405030307,ハクサンリバーブ,0.0356,101.0,2.591,600,1400,100,0,2100
2025061405030308,イブニングタイド,0.268,12.0,2.216,3200,3200,3200,400,10000
2025061405030309,ノットイナフ,0.3933,15.5,5.096,2500,2500,2500,2500,10000
2025061405030310,ジャスパーロブスト,0.1578,6.8,0.073,0,3300,0,0,3300
2025061405030311,ダノンエアズロック,0.073,3.1,-0.774,0,0,600,0,600
2025061405030312,パラサイコロジー,0.2857,2.8,-0.2,0,0,5000,0,5000
2025061409030301,ヴァリオーサ,0.5265,10.6,4.581,3000,3000,3000,1000,10000
2025061409030302,ケイアイブイスリー,0.4289,23.9,9.25,2700,2700,2700,1900,10000
2025061409030304,ジーティードレス,0.575,7.6,3.37,0,5000,5000,0,10000
2025061409030306,マテンロウギフト,0.614,5.7,2.5,0,5000,0,0,5000
2025061409030307,プレアデスグループ,0.2793,16.7,3.664,3000,3000,3000,1100,10100
2025061409030311,ダブルハートボンド,0.5947,1.8,0.071,0,0,5000,0,5000
2025061409030312,ペプチドクレマチス,0.3131,6.6,1.067,0,5000,5000,0,10000
2025061502010204,リギーロ,0.5749,7.6,3.37,0,5000,0,0,5000
2025061502010205,ルージュサウダージ,0.702,2.8,0.966,0,0,5000,0,5000
2025061502010208,シアター,0.331,7.5,1.483,0,5000,5000,0,10000
2025061502010209,マルカオペラ,0.2319,6.6,0.53,0,5000,3400,0,8400
2025061502010210,クロドラバール,0.205,4.1,-0.159,0,0,5000,0,5000
2025061502010211,ドゥアムール,0.2718,1.7,-0.538,0,0,5000,0,5000
2025061502010212,ドゥラリス,0.5282,5.1,1.694,0,5000,0,0,5000
2025061505030403,ハクシンブライアン,0.215,1.8,-0.613,0,0,4200,0,4200
2025061505030404,ザカート,0.3913,94.1,35.823,2500,2500,2500,2500,10000
2025061505030405,リアライズシリウス,0.7329,1.9,0.392,0,0,5000,0,5000
2025061505030406,トゥーザムーン,0.2069,27.3,4.65,2700,3100,3100,1200,10100
2025061505030407,トリプルコーク,0.2722,1.6,-0.564,0,0,5000,0,5000
2025061505030410,カフェグランデ,0.2386,3.8,-0.093,0,0,5000,0,5000
2025061505030411,ベガリス,0.1023,7.3,-0.254,0,0,200,0,200
2025061505030412,スペイドアン,0.2491,5.3,0.32,0,5000,5000,0,10000
2025061509030402,メイショウヤシマ,0.498,6.4,2.187,0,5000,0,0,5000
2025061509030403,ワンコールアウェイ,0.2464,4.1,0.01,0,0,5000,0,5000
2025061509030404,ホウオウレイヴン,0.4425,12.5,4.532,2500,2500,2500,2500,10000
2025061509030407,エコロディノス,0.5411,1.6,-0.134,0,0,5000,0,5000
2025061509030408,ルフトクス,0.332,14.1,3.681,2500,2500,2500,2500,10000
2025061509030409,アメリカンビキニ,0.3051,3.1,-0.054,0,0,5000,0,5000
2025061509030411,レガレイラ,0.3074,4.9,0.506,0,0,5000,0,5000
2025061509030412,ムーヴ,0.1907,10.4,0.983,1600,3000,3000,2300,9900
2025062102010301,グッバイウェーブ,0.6203,15.1,8.366,2500,2500,2500,2500,10000
2025062102010302,メイショウホダワラ,0.6225,1.7,0.058,0,0,300,0,300
2025062102010304,アオイタケル,0.76,1.9,0.444,0,0,2000,0,2000
2025062102010305,ブラックチャリス,0.6042,7.2,3.35,0,5000,5000,0,10000
2025062102010311,ゴールドサーベル,0.1743,20.0,2.486,2300,3400,3400,900,10000
2025062105030501,デルマエアロール,0.4262,7.5,2.197,0,5000,5000,0,10000
2025062105030502,サクラパステル,0.6225,8.0,3.98,3300,3300,3300,0,9900
2025062105030504,ジャサルディア,0.7721,1.9,0.467,0,0,5000,0,5000
2025062105030506,ペルセア,0.8644,5.2,3.495,0,5000,0,0,5000
2025062105030508,ブルーマエストロ,0.3618,2.2,-0.204,0,0,5000,0,5000
2025062105030509,ヤマニンブークリエ,0.2641,3.6,-0.049,0,0,5000,0,5000
2025062105030510,トラペジスト,0.2816,3.7,0.042,0,0,5000,0,5000
2025062105030511,ピュアキアン,0.1915,6.4,0.226,0,5000,5000,0,10000
2025062109030501,マテンロウジョイ,0.3791,18.2,5.899,2500,2500,2500,2500,10000
2025062109030502,オーケアニス,0.6835,1.8,0.23,0,0,5000,0,5000
2025062109030503,ウルスクローム,0.3504,5.3,0.857,0,5000,5000,0,10000
2025062109030505,タイセイボーグ,0.3491,3.0,0.047,0,0,5000,0,5000
2025062109030506,フララナキラ,0.4639,3.5,0.624,0,0,5000,0,5000
2025062109030507,ミントマーク,0.1471,31.0,3.561,3000,5000,1700,100,9800
2025062109030509,メタルスピード,0.1944,6.2,0.205,0,5000,3200,0,8200
2025062109030510,オーロラエックス,0.622,3.2,0.991,0,0,5000,0,5000
2025062109030511,コンクイスタ,0.2093,5.4,0.13,0,5000,0,0,5000
2025062109030512,ミトノオルフェ,0.3041,6.7,1.037,0,5000,5000,0,10000
2025062202010401,ベビーズブレス,0.5216,2.6,0.356,0,0,5000,0,5000
2025062202010402,シェリルファミーユ,0.4246,4.9,1.08,0,0,5000,0,5000
2025062202010403,エンジェルラダー,0.35,7.8,1.73,0,5000,0,0,5000
2025062202010404,シンヒダカゴールド,0.178,3.2,-0.43,0,0,5000,0,5000
2025062202010407,ドゥカート,0.4278,30.7,12.135,2900,2900,2900,1200,9900
2025062202010409,オンザスクエア,0.4174,5.8,1.421,0,5000,0,0,5000
2025062202010410,バギーウィップ,0.4489,1.7,-0.237,0,0,5000,0,5000
2025062202010411,ナムラローズマリー,0.2872,3.3,-0.052,0,0,5000,0,5000
2025062205030601,マホロバ,0.2244,3.4,-0.237,0,0,5000,0,5000
2025062205030602,ワスカル,0.3272,10.4,2.403,3300,3300,3300,100,10000
2025062205030604,サクラファレル,0.8316,2.1,0.746,0,0,5000,0,5000
2025062205030605,シャルトル,0.6075,5.5,2.341,0,5000,5000,0,10000
2025062205030606,ホットゥトロット,0.6544,51.9,32.962,2500,2500,2500,2500,10000
2025062205030607,リュウノタブーク,0.1621,34.0,4.513,3300,4900,1800,0,10000
2025062205030609,トクシーカイザー,0.1244,9.3,0.157,500,2700,2500,0,5700
2025062205030610,シンバーシア,0.4564,4.6,1.1,0,0,5000,0,5000
2025062205030611,ラヴァンダ,0.1804,5.8,0.046,0,3900,3900,0,7800
2025062205030612,ドントゥザムーン,0.2497,5.9,0.473,0,5000,5000,0,10000
2025062209030601,リメンバーヒム,0.501,1.2,-0.399,0,0,1400,0,1400
2025062209030602,ダイシンレアレア,0.3014,1.5,-0.548,0,0,5000,0,5000
2025062209030604,ボンドロア,0.5334,5.7,2.04,0,5000,0,0,5000
2025062209030606,シュテフィ,0.7863,10.9,7.57,2500,2500,2500,2500,10000
2025062209030607,オデット,0.574,5.9,2.387,0,5000,0,0,5000
2025062209030608,ゴールデンカイト,0.2432,1.9,-0.538,0,0,5000,0,5000
2025062209030609,イケイケドンドン,0.2192,11.8,1.586,2600,3600,3600,200,10000
2025062209030612,アウトドライブ,0.4433,18.3,7.112,2500,2500,2500,2500,10000
2025062802010501,シンヒダカゴールド,0.2058,5.3,0.091,0,5000,0,0,5000
2025062802010502,ピストルスター,0.358,4.0,0.432,0,0,5000,0,5000
2025062802010505,フィオラーノ,0.3901,5.0,0.951,0,5000,0,0,5000
2025062802010506,アスクガンバーレ,0.5094,4.9,1.496,0,0,5000,0,5000
2025062802010507,フォルテフィオーレ,0.1763,10.6,0.869,1500,3300,3300,1800,9900
2025062802010508,サベージラヴ,0.7059,15.8,10.153,2500,2500,2500,2500,10000
2025062802010509,ブルーアイドガール,0.3842,6.6,1.536,0,5000,0,0,5000
2025062802010510,カネラフィーナ,0.5183,2.3,0.192,0,0,5000,0,5000
2025062802010511,モリノドリーム,0.1365,5.4,-0.263,0,0,3300,0,3300
2025062802010512,レッドライトニング,0.3739,7.8,1.916,0,5000,5000,0,10000
2025062803020101,エンヴィーミー,0.6781,5.6,2.797,0,5000,5000,0,10000
2025062803020108,バシレイア,0.5891,5.2,2.063,0,5000,5000,0,10000
2025062803020109,ユキワリザクラ,0.2248,1.4,-0.685,0,0,5000,0,5000
2025062803020112,オーケーバーディー,0.5959,11.3,5.733,2500,2500,2500,2500,10000
2025062810020101,フリーダムレイン,0.2264,4.5,0.019,0,0,5000,0,5000
2025062810020103,カルドウェル,0.2813,22.1,5.216,2800,2800,2800,1700,10100
2025062810020104,ラトラース,0.4361,2.5,0.09,0,0,5000,0,5000
2025062810020106,リードプリンシパル,0.4023,6.7,1.695,0,5000,5000,0,10000
2025062810020107,ウインレオネッサ,0.2368,23.4,4.541,4500,4500,900,0,9900
2025062810020108,レイナデアルシーラ,0.7143,3.6,1.572,0,0,5000,0,5000
2025062810020109,バースライト,0.417,4.6,0.918,0,0,5000,0,5000
2025062902010601,シーグルロス,0.3328,50.3,15.738,3000,3000,3000,1100,10100
2025062902010602,ストラテージュ,0.7203,11.6,7.356,2500,2500,2500,2500,10000
2025062902010605,エスカレイト,0.3912,4.5,0.76,0,0,5000,0,5000
2025062902010607,エスペシャリー,0.5746,2.1,0.207,0,0,5000,0,5000
2025062902010609,シュバルツマサムネ,0.4407,8.9,2.923,3300,3300,3300,0,9900
2025062902010610,ウェイトゥゴー,0.1958,2.3,-0.55,0,0,5000,0,5000
2025062902010611,ヴェローチェエラ,0.2573,13.0,2.344,2900,2900,2900,1300,10000
2025062902010612,トウカイファクター,0.2253,34.2,6.705,3100,3100,3100,600,9900
2025062903020201,エウテルペ,0.7578,3.1,1.349,0,0,1400,0,1400
2025062903020202,ラーシャローム,0.3045,76.2,22.201,2800,2800,2800,1500,9900
2025062903020203,タキノボリ,0.4197,5.7,1.392,0,5000,5000,0,10000
2025062903020204,レイヤードレッド,0.3171,4.3,0.363,0,0,2400,0,2400
2025062903020207,ルージュアズライト,0.4529,11.4,4.163,2500,2500,2500,2500,10000
2025062903020208,ソルトブリーズ,0.3749,2.3,-0.138,0,0,5000,0,5000
2025062903020211,トレサフィール,0.2668,5.0,0.334,0,5000,5000,0,10000
2025062910020202,ラインピクシー,0.6565,2.2,0.444,0,0,1000,0,1000
2025062910020204,チャチャピンク,0.4434,8.2,2.636,3400,3400,3100,0,9900
2025062910020207,ランフォースマイル,0.6805,5.1,2.471,0,5000,0,0,5000
2025062910020208,スノーサイレンス,0.5342,2.9,0.549,0,0,5000,0,5000
2025062910020209,フォーキャンドルズ,0.5469,7.4,3.047,0,5000,5000,0,10000
2025062910020210,メイショウフウドウ,0.4005,10.5,3.205,3100,3100,3100,700,10000
2025062910020211,エイムインライフ,0.2086,6.0,0.251,0,5000,5000,0,10000
2025062910020212,オンザムーブ,0.3353,6.5,1.18,0,5000,0,0,5000
2025070502010701,トウカイマシェリ,0.5855,1.7,-0.005,0,0,5000,0,5000
2025070502010703,モルビド,0.6738,57.0,37.409,2500,2500,2500,2500,10000
2025070502010704,マイネルアレス,0.2323,1.7,-0.605,0,0,5000,0,5000
2025070502010705,エムフォー,0.6323,1.4,-0.115,0,0,5000,0,5000
2025070502010710,グレイテストソング,0.4088,6.8,1.78,0,5000,5000,0,10000
2025070503020301,リレーションシップ,0.2471,6.0,0.482,0,5000,0,0,5000
2025070503020302,カイトヴィント,0.5374,21.2,10.393,3100,3100,3100,600,9900
2025070503020306,プレシャスデイ,0.2652,2.0,-0.47,0,0,5000,0,5000
2025070503020307,ノーブルオリンポス,0.2645,10.3,1.724,4200,4600,1200,0,10000
2025070503020308,ペプロス,0.7266,10.3,6.484,2500,2500,2500,2500,10000
2025070503020309,ジェットブレード,0.1698,12.5,1.123,1800,3700,3700,800,10000
2025070503020311,オーブルクール,0.3757,7.2,1.705,0,5000,0,0,5000
2025070503020312,ラトルシェ,0.2768,17.7,3.899,2600,2600,2600,2300,10100
2025070510020301,アスクエジンバラ,0.5406,1.1,-0.405,0,0,5000,0,5000
2025070510020302,ヴォルクメア,0.7381,27.5,19.298,2500,2500,2500,2500,10000
2025070510020303,メイショウセイロウ,0.5501,3.4,0.87,0,0,5000,0,5000
2025070510020304,ララアヴリル,0.5129,3.7,0.898,0,0,5000,0,5000
2025070510020306,ルクスメンデス,0.6563,94.9,61.284,2500,2500,2500,2500,10000
2025070510020307,ジェルブロア,0.4556,5.4,1.46,0,5000,0,0,5000
2025070510020309,キーパフォーマー,0.4368,23.5,9.265,2500,2500,2500,2500,10000
2025070510020310,メイショウズイウン,0.4333,1.2,-0.48,0,0,5000,0,5000
2025070510020311,バッデレイト,0.1374,2.1,-0.712,0,0,4400,0,4400
2025070602010802,パールフロント,0.4995,3.2,0.598,0,0,2300,0,2300
2025070602010803,ブレイクバウンズ,0.6149,13.3,7.178,2500,2500,2500,2500,10000
2025070602010804,ヒットザグラウンド,0.4226,6.1,1.578,0,5000,0,0,5000
2025070602010806,ミクニインスパイア,0.5959,1.6,-0.047,0,0,5000,0,5000
2025070602010807,モンシェリ,0.3724,5.1,0.899,0,5000,0,0,5000
2025070602010809,カウスリップ,0.4578,16.7,6.646,2500,2500,2500,2500,10000
2025070602010810,キャリーハピネス,0.146,7.8,0.138,0,3200,3300,0,6500
2025070602010811,ペリエール,0.3775,7.6,1.869,0,5000,0,0,5000
2025070603020401,ウィズユアドリーム,0.3365,3.6,0.211,0,0,5000,0,5000
2025070603020402,トラストパイロ,0.2815,2.3,-0.352,0,0,5000,0,5000
2025070603020403,ニシノヒミチュ,0.3853,16.6,5.397,3300,3300,3300,0,9900
2025070603020404,リネンタイリン,0.6822,43.1,28.404,2500,2500,2500,2500,10000
2025070603020406,エスシーレベッカ,0.6682,14.9,8.956,2500,2500,2500,2500,10000
2025070603020407,ウアーシュプルング,0.4151,2.6,0.079,0,0,5000,0,5000
2025070603020409,ビバップ,0.2229,9.0,1.006,2400,3800,3800,0,10000
2025070603020412,シュヴァルボヌール,0.3685,3.4,0.253,0,0,5000,0,5000
2025070610020401,エイシンディアマン,0.479,12.2,4.844,4700,4700,600,0,10000
2025070610020403,ブライアーヒル,0.4252,4.8,1.041,0,0,5000,0,5000
2025070610020404,ダノンジャガー,0.3395,6.6,1.241,0,5000,1700,0,6700
2025070610020406,ロードヴィゴラス,0.8281,5.0,3.141,0,5000,1800,0,6800
2025070610020408,ペイシャヴァルツー,0.5271,6.1,2.215,0,5000,0,0,5000
2025070610020410,ベトルス,0.4778,1.9,-0.092,0,0,5000,0,5000
2025070610020411,ロードフォアエース,0.2629,5.8,0.525,0,5000,5000,0,10000
2025070610020412,ジューンエオス,0.249,10.0,1.49,2700,3300,3300,800,10100
2025071202010901,セゾンデフィーユ,0.3166,1.6,-0.493,0,0,5000,0,5000
2025071202010902,ショウナンラリー,0.3313,6.2,1.054,0,5000,0,0,5000
2025071202010906,レッドヴァリアート,0.5054,12.9,5.52,4200,4200,1600,0,10000
2025071202010907,タイヨウフレア,0.3853,30.5,10.751,2500,2500,2500,2500,10000
2025071202010908,ファイアトリック,0.5663,3.0,0.699,0,0,5000,0,5000
2025071202010909,ウインデイジー,0.4708,9.0,3.237,3300,3300,3300,0,9900
2025071202010910,カルプスペルシュ,0.5431,3.0,0.629,0,0,5000,0,5000
2025071202010911,エラトー,0.2312,5.3,0.225,0,5000,5000,0,10000
2025071202010912,ボルセーナ,0.4988,2.1,0.047,0,0,5000,0,5000
2025071203020502,ミュークチェルシー,0.3885,4.8,0.865,0,0,5000,0,5000
2025071203020503,サンタアニタ,0.2815,2.8,-0.212,0,0,1200,0,1200
2025071203020504,ポッポノフェスタ,0.5522,8.2,3.528,3300,3300,3300,0,9900
2025071203020505,ミスバレンシア,0.7363,2.8,1.062,0,0,5000,0,5000
2025071203020506,ショーリバース,0.5271,12.1,5.378,2500,2500,2500,2500,10000
2025071203020509,ロードオールライト,0.3724,12.0,3.468,3100,3100,3100,700,10000
2025071203020510,レイピア,0.3177,1.3,-0.587,0,0,4800,0,4800
2025071203020511,ブーケファロス,0.1103,15.7,0.731,1200,3500,2200,300,7200
2025071203020512,プライベートアイズ,0.3065,29.1,7.919,3000,3000,3000,900,9900
2025071210020501,スターアニス,0.7994,6.2,3.957,0,5000,0,0,5000
2025071210020502,ヴォワラクテ,0.4572,6.2,1.835,0,5000,5000,0,10000
2025071210020503,ミトノキャット,0.2132,5.2,0.108,0,5000,0,0,5000
2025071210020504,アサクサゲンキ,0.188,9.5,0.786,1900,4100,4100,0,10100
2025071210020506,ピアストイヤーズ,0.0743,11.0,-0.183,0,200,0,0,200
2025071210020507,オーバースタンド,0.4743,22.8,9.814,2500,2500,2500,2500,10000
2025071210020508,ストップヤーニング,0.1736,5.4,-0.063,0,2600,5000,0,7600
2025071210020509,ジョイボーイ,0.3507,1.9,-0.334,0,0,5000,0,5000
2025071210020511,スマートアイ,0.2079,12.1,1.516,2800,4200,2800,200,10000
2025071210020512,スノーサイレンス,0.2351,3.0,-0.295,0,0,3500,0,3500
2025071302011001,アパタイトテソーロ,0.4298,46.4,18.943,3300,3300,3300,100,10000
2025071302011003,ルブリアン,0.4107,12.5,4.133,4000,4000,2100,0,10100
2025071302011005,ノアールビーナス,0.4898,5.6,1.743,0,5000,0,0,5000
2025071302011006,デルマジュテーム,0.6283,68.7,42.162,3200,3200,3200,400,10000
2025071302011010,クーデール,0.4945,2.4,0.187,0,0,5000,0,5000
2025071302011011,ケイアイセナ,0.1321,3.0,-0.604,0,0,2500,0,2500
2025071303020601,フォトンゲイザー,0.481,9.2,3.425,5000,5000,0,0,10000
2025071303020602,ベネスピラ,0.3551,13.6,3.83,5000,5000,0,0,10000
2025071303020607,キープサインオン,0.2912,5.3,0.544,0,5000,0,0,5000
2025071303020608,フェデルミエール,0.2723,3.2,-0.129,0,0,5000,0,5000
2025071303020609,ミラーダカリエンテ,0.3566,28.4,9.128,2500,2500,2500,2500,10000
2025071303020610,ノーブルゲイル,0.1946,70.7,12.756,2800,3100,3100,1000,10000
2025071303020612,エコロマーズ,0.2852,5.1,0.455,0,5000,0,0,5000
2025071310020601,ポリトナリティー,0.2551,17.0,3.336,2500,2500,2500,2500,10000
2025071310020602,ノボリリア,0.3279,52.1,16.083,3100,3100,3100,600,9900
2025071310020604,マテンロウギフト,0.5555,3.0,0.667,0,0,5000,0,5000
2025071310020605,ウイナーズナイン,0.8724,4.6,3.013,0,0,5000,0,5000
2025071310020607,ステラスプレンダー,0.5344,6.7,2.581,0,5000,5000,0,10000
2025071310020608,インヴォーグ,0.4958,2.9,0.438,0,0,5000,0,5000
2025071310020609,アマルナ,0.3672,18.7,5.866,2500,2500,2500,2500,10000
2025071310020610,ラビットアイ,0.1489,4.0,-0.404,0,0,4800,0,4800
2025071310020611,ローズスター,0.3233,9.1,1.942,3300,3300,3300,0,9900
2025071310020612,インフローレ,0.3981,3.5,0.393,0,0,5000,0,5000
2025071902011101,スマートプリエール,0.57,1.1,-0.373,0,0,5000,0,5000
2025071902011102,レストプレドゥモア,0.5734,6.7,2.842,0,5000,3200,0,8200
2025071902011103,アルデツヨシ,0.3938,22.0,7.663,5000,5000,100,0,10100
2025071902011106,ザハント,0.3108,2.8,-0.13,0,0,5000,0,5000
2025071902011107,エスペシャリー,0.5638,5.3,1.988,0,5000,0,0,5000
2025071902011108,カペルブリュッケ,0.5552,5.1,1.832,0,5000,0,0,5000
2025071902011109,サクラファレル,0.6638,2.3,0.527,0,0,5000,0,5000
2025071902011110,テリオスサラ,0.3301,11.0,2.631,2500,2500,2500,2500,10000
2025071902011111,ピュアキアン,0.3734,5.8,1.166,0,5000,0,0,5000
2025071902011112,マジカルフェアリー,0.4093,7.4,2.029,0,5000,0,0,5000
2025071903020702,ヴァイオパイシーズ,0.6067,5.3,2.216,0,5000,0,0,5000
2025071903020703,ラディアントスター,0.6666,5.6,2.733,0,5000,0,0,5000
2025071903020704,コックオーヴァン,0.4326,5.8,1.509,0,5000,5000,0,10000
2025071903020705,ザーフィル,0.3053,4.6,0.404,0,0,5000,0,5000
2025071903020706,オーケーマヒナ,0.3182,14.1,3.486,2500,2500,2500,2500,10000
2025071903020707,フォルトレス,0.0766,11.4,-0.127,0,500,0,0,500
2025071903020708,オプレントジュエル,0.2614,3.2,-0.164,0,0,4100,0,4100
2025071903020710,ワークソング,0.1956,8.6,0.682,1800,4100,4100,0,10000
2025071903020711,ボーモンド,0.1707,2.2,-0.624,0,0,3100,0,3100
2025071903020712,グラスブランシュ,0.2121,10.3,1.184,3000,4700,2300,0,10000
2025071910020703,シェーラ,0.4562,38.6,16.609,2500,2500,2500,2500,10000
2025071910020704,メイショウアイル,0.2073,7.9,0.637,0,5000,5000,0,10000
2025071910020705,ナムラドロン,0.86,3.1,1.666,0,0,4700,0,4700
2025071910020706,カルミアクラウン,0.3356,6.2,1.081,0,5000,0,0,5000
2025071910020707,ベルビースタローン,0.4672,1.6,-0.252,0,0,5000,0,5000
2025071910020709,アンヘリータス,0.5427,5.5,1.985,0,5000,3500,0,8500
2025071910020711,アンクルクロス,0.3442,3.7,0.274,0,0,5000,0,5000
2025071910020712,ゼロスネーク,0.2336,5.9,0.378,0,5000,5000,0,10000
2025072002011201,クワイエットアイ,0.5299,6.0,2.18,0,5000,5000,0,10000
2025072002011202,ナリタヒカリ,0.4405,3.0,0.321,0,0,500,0,500
2025072002011203,ハニードレス,0.4956,5.5,1.726,0,5000,3700,0,8700
2025072002011204,サトミノエンジェル,0.6176,2.0,0.235,0,0,5000,0,5000
2025072002011205,ノチェセラーダ,0.2855,12.4,2.54,2500,2500,2500,2500,10000
2025072002011206,ヒットザグラウンド,0.255,6.6,0.683,0,5000,5000,0,10000
2025072002011207,ビーマックス,0.3731,4.0,0.492,0,0,5000,0,5000
2025072002011209,モズナナスター,0.3051,5.6,0.708,0,5000,5000,0,10000
2025072002011211,エイシンディード,0.3496,48.7,16.026,2500,2500,2500,2500,10000
2025072002011212,オカメノコイ,0.1946,6.0,0.168,0,5000,4000,0,9000
2025072003020801,マルベリーシチー,0.5025,5.0,1.513,0,5000,5000,0,10000
2025072003020802,スターエンブレム,0.4985,4.8,1.393,0,0,5000,0,5000
2025072003020803,トラスコンガーデン,0.6851,28.1,18.25,2500,2500,2500,2500,10000
2025072003020805,オブラプリーマ,0.5044,18.2,8.179,2500,2500,2500,2500,10000
2025072003020806,ウインベアトリス,0.5736,6.2,2.556,0,5000,0,0,5000
2025072003020808,ポタリング,0.4127,10.5,3.333,3500,3500,2900,0,9900
2025072003020811,シアージスト,0.204,10.2,1.081,1800,3000,3000,2100,9900
2025072010020801,ローズカリス,0.789,7.0,4.523,0,5000,0,0,5000
2025072010020802,パリコレジェンヌ,0.2241,37.9,7.494,3000,3000,3000,900,9900
2025072010020803,エイシンマールス,0.1801,3.0,-0.46,0,0,5000,0,5000
2025072010020804,クラヴァンス,0.5228,12.8,5.692,2500,2500,2500,2500,10000
2025072010020807,キーウェーブ,0.0839,41.3,2.463,1500,3300,900,100,5800
2025072010020809,ホルトバージ,0.4106,5.7,1.34,0,5000,0,0,5000
2025072010020811,イングランドアイズ,0.2095,16.3,2.414,2500,3200,3200,1100,10000
2025072010020812,フリッカージャブ,0.5979,2.1,0.256,0,0,5000,0,5000
2025072601010101,ショウナンカリス,0.1654,4.8,-0.206,0,0,5000,0,5000
2025072601010103,ディアウス,0.6446,2.0,0.289,0,0,5000,0,5000
2025072601010104,ワタシマツワ,0.522,10.2,4.324,3300,3300,3300,0,9900
2025072601010105,テイエムキハク,0.7651,23.7,17.133,2500,2500,2500,2500,10000
2025072601010106,デルマケセラセラ,0.4961,6.0,1.977,0,5000,0,0,5000
2025072601010108,ショウナンサムデイ,0.4975,5.9,1.935,0,5000,0,0,5000
2025072601010109,ショウナンヤッホー,0.2056,3.3,-0.322,0,0,5000,0,5000
2025072601010112,ワイドブリザード,0.3705,2.0,-0.259,0,0,5000,0,5000
2025072604020102,ヒルデグリム,0.4553,69.5,30.645,3100,3100,3100,700,10000
2025072604020103,エコロアルバ,0.7283,3.2,1.331,0,0,5000,0,5000
2025072604020106,クラウンシエンタ,0.4451,3.1,0.38,0,0,5000,0,5000
2025072604020107,ワールズエンド,0.5413,2.4,0.299,0,0,5000,0,5000
2025072604020108,ハッピーデービー,0.6207,9.9,5.145,3300,3300,3300,0,9900
2025072604020109,ハニーローリエ,0.4706,2.0,-0.059,0,0,5000,0,5000
2025072604020110,ドナレア,0.3241,39.1,11.674,2500,2500,2500,2500,10000
2025072604020111,ドリームクルーズ,0.1532,12.4,0.899,2000,5000,2000,0,9000
2025072604020112,ダンケルド,0.4839,1.7,-0.177,0,0,5000,0,5000
2025072607030101,ヘヴンリーハンド,0.2843,5.0,0.422,0,5000,5000,0,10000
2025072607030102,サッカレッロ,0.3944,26.3,9.374,5000,5000,0,0,10000
2025072607030104,マイケルバローズ,0.4986,2.2,0.097,0,0,5000,0,5000
2025072607030105,ハヤブサオヒメサマ,0.3703,5.7,1.111,0,5000,5000,0,10000
2025072607030106,ワイワイレジェンド,0.4078,13.3,4.424,2500,2500,2500,2500,10000
2025072607030107,グランヴィノス,0.4388,6.2,1.721,0,5000,0,0,5000
2025072607030109,マイネルエール,0.2373,2.3,-0.454,0,0,5000,0,5000
2025072607030110,メイショウソウセキ,0.4382,29.7,12.016,2500,2500,2500,2500,10000
2025072607030111,オーバースタンド,0.3405,6.1,1.077,0,5000,0,0,5000
2025072607030112,ノクナレア,0.6,6.5,2.9,0,5000,0,0,5000
2025072701010201,メイショウハマギク,0.7028,25.3,16.78,2500,2500,2500,2500,10000
2025072701010202,キャナルクルーズ,0.6798,6.8,3.623,0,5000,0,0,5000
2025072701010203,カフェブーケット,0.7004,2.2,0.541,0,0,2100,0,2100
2025072701010206,ストラテージュ,0.4526,6.4,1.897,0,5000,0,0,5000
2025072701010207,コンティオ,0.4094,4.2,0.72,0,0,5000,0,5000
2025072701010209,フォルテム,0.5727,7.3,3.181,0,5000,0,0,5000
2025072701010210,ラタフォレスト,0.4916,3.3,0.622,0,0,5000,0,5000
2025072701010211,ミステリーウェイ,0.2975,6.2,0.845,0,5000,0,0,5000
2025072704020201,ディアダイヤモンド,0.8648,1.1,-0.049,0,0,200,0,200
2025072704020203,フィロステファニ,0.5281,2.8,0.479,0,0,5000,0,5000
2025072704020205,トラストパイロ,0.5813,2.0,0.163,0,0,5000,0,5000
2025072704020206,デンクマール,0.3439,1.7,-0.415,0,0,5000,0,5000
2025072704020207,フォーチュンタイム,0.2481,6.5,0.613,0,5000,5000,0,10000
2025072704020209,ミラクルキャッツ,0.3212,15.5,3.979,3200,3200,3200,400,10000
2025072704020210,ディアボリカドンナ,0.734,2.4,0.762,0,0,5000,0,5000
2025072704020211,イスラコラソン,0.2087,30.6,5.386,4500,5000,400,0,9900
2025072704020212,クレオズニードル,0.181,24.8,3.49,2600,3400,3400,600,10000
2025072707030202,メイショウカスガイ,0.4616,12.4,4.724,2500,2500,2500,2500,10000
2025072707030203,ロックターミガン,0.6596,6.7,3.42,0,5000,5000,0,10000
2025072707030204,メイショウサトノヒ,0.1304,8.6,0.121,400,2700,2800,0,5900
2025072707030205,メイショウセイロウ,0.5908,4.0,1.363,0,0,5000,0,5000
2025072707030207,インユアパレス,0.3554,6.0,1.132,0,5000,5000,0,10000
2025072707030211,ホウオウレイヴン,0.245,2.0,-0.51,0,0,5000,0,5000
2025072707030212,ピースフルナイト,0.2654,6.9,0.831,0,5000,0,0,5000
2025080201010301,ジャストビート,0.7468,5.7,3.257,0,5000,0,0,5000
2025080201010302,マカニ,0.7963,7.8,5.211,0,5000,0,0,5000
2025080201010304,ロパシック,0.5037,2.4,0.209,0,0,5000,0,5000
2025080201010305,ウチュウノセカイ,0.538,37.9,19.391,2500,2500,2500,2500,10000
2025080201010307,ハニードレス,0.3293,8.4,1.766,3300,3300,3300,0,9900
2025080201010310,リラボニート,0.174,4.0,-0.304,0,0,5000,0,5000
2025080201010311,エラトー,0.3785,5.6,1.119,0,5000,5000,0,10000
2025080204020302,レッドシュトラール,0.5124,6.0,2.075,0,5000,0,0,5000
2025080204020303,プリティーミズホ,0.7297,11.5,7.392,3300,3300,3300,0,9900
2025080204020305,ガールネクストドア,0.5612,75.1,41.145,3200,3200,3200,500,10100
2025080204020307,タクシンイメル,0.4254,19.1,7.125,2600,2600,2600,2200,10000
2025080204020311,アンダーザライト,0.4493,8.3,2.729,4600,4600,800,0,10000
2025080204020312,サラスヴァティー,0.567,5.3,2.005,0,5000,0,0,5000
2025080207030303,オーケーエンジェル,0.4286,18.4,6.887,2900,2900,2900,1300,10000
2025080207030304,アロンディ,0.5045,3.0,0.513,0,0,5000,0,5000
2025080207030307,アクートゥス,0.2231,5.8,0.294,0,5000,0,0,5000
2025080207030311,アラベラ,0.3337,12.0,3.004,2500,2500,2500,2500,10000
2025080207030312,ヤマニンレセディ,0.5176,9.8,4.073,3300,3300,3300,0,9900
2025080301010401,アンティミスト,0.7146,3.9,1.787,0,0,5000,0,5000
2025080301010402,レディゴディヴァ,0.79,7.1,4.609,0,5000,5000,0,10000
2025080301010403,パーフェクトパール,0.6222,2.2,0.369,0,0,5000,0,5000
2025080301010404,ザハント,0.3188,3.0,-0.043,0,0,800,0,800
2025080301010406,ウインイザナミ,0.3973,3.5,0.39,0,0,5000,0,5000
2025080301010407,カペルブリュッケ,0.7039,4.6,2.238,0,0,5000,0,5000
2025080301010408,フェアリーライク,0.1601,2.2,-0.648,0,0,500,0,500
2025080301010409,メイショウキルギス,0.4575,15.1,5.908,2500,2500,2500,2500,10000
2025080301010410,エヴァンスウィート,0.2708,3.9,0.056,0,0,3400,0,3400
2025080304020401,ルドヴィクス,0.2095,6.3,0.32,0,5000,2500,0,7500
2025080304020402,チャチャコマニ,0.7828,5.2,3.071,0,5000,5000,0,10000
2025080304020405,ウインレアリゼ,0.2914,5.2,0.515,0,5000,800,0,5800
2025080304020408,パッションリッチ,0.1193,3.3,-0.606,0,0,300,0,300
2025080304020409,ライヴスプーン,0.2656,9.9,1.629,3200,3400,3400,0,10000
2025080304020410,クインズシフォン,0.0871,5.0,-0.564,0,0,200,0,200
2025080304020411,マカナ,0.3413,4.1,0.399,0,0,5000,0,5000
2025080307030402,マヴィ,0.7859,7.7,5.051,0,5000,0,0,5000
2025080307030403,ラエトゥス,0.7092,6.9,3.893,0,5000,0,0,5000
2025080307030406,ストレングス,0.2735,2.5,-0.316,0,0,5000,0,5000
2025080307030407,シゲルショウグン,0.3435,3.0,0.031,0,0,5000,0,5000
2025080307030409,ダノンフィオーレ,0.7848,2.9,1.276,0,0,5000,0,5000
2025080307030410,フィドルファドル,0.3093,2.9,-0.103,0,0,5000,0,5000
2025080307030412,エクストラバック,0.3168,9.6,2.041,3300,3300,3300,0,9900
2025080901010501,ブライトフレア,0.1878,11.1,1.084,2100,3800,3800,200,9900
2025080901010502,ミサビスケッツ,0.4681,1.6,-0.251,0,0,1700,0,1700
2025080901010503,ハーフェン,0.5189,3.2,0.66,0,0,5000,0,5000
2025080901010504,ドゥマーヴェリック,0.6458,7.9,4.102,0,5000,5000,0,10000
2025080901010506,アリスメティーク,0.4163,3.4,0.415,0,0,5000,0,5000
2025080901010511,ロードクロンヌ,0.3165,2.6,-0.177,0,0,5000,0,5000
2025080901010512,ヒシアマン,0.4116,1.6,-0.341,0,0,5000,0,5000
2025080904020502,ロードフィレール,0.4772,1.5,-0.284,0,0,5000,0,5000
2025080904020503,ベルフラム,0.4988,19.8,8.876,3100,3100,3100,800,10100
2025080904020504,ソナタン,0.3761,1.6,-0.398,0,0,5000,0,5000
2025080904020505,サンダーアリュール,0.3689,8.1,1.988,3300,3300,3300,0,9900
2025080904020506,エバーハピネス,0.0631,14.2,-0.105,0,500,0,0,500
2025080904020507,ウンブライル,0.1364,3.4,-0.536,0,0,1700,0,1700
2025080904020508,ハッピーエンジェル,0.3995,5.1,1.037,0,5000,0,0,5000
2025080904020510,ドラゴンウェルズ,0.6322,2.0,0.264,0,0,5000,0,5000
2025080904020511,フラッシュポイント,0.6547,7.3,3.78,0,5000,3500,0,8500
2025080904020512,サウンドリアン,0.3253,12.7,3.131,3300,3300,3300,0,9900
2025080907030501,メイショウカズサ,0.3209,20.4,5.547,2500,2500,2500,2500,10000
2025080907030502,ハッピーダンチャン,0.5234,12.9,5.752,2500,2500,2500,2500,10000
2025080907030503,フレンドモナコ,0.3267,53.7,16.545,3100,3100,3100,600,9900
2025080907030504,アイニードユー,0.2587,3.2,-0.172,0,0,5000,0,5000
2025080907030505,チムニーパイプ,0.1529,15.8,1.415,1800,3600,3600,900,9900
2025080907030506,スリールミニョン,0.4614,5.3,1.445,0,5000,0,0,5000
2025080907030508,エコテーラー,0.2812,7.7,1.165,0,5000,0,0,5000
2025080907030510,メイショウハチロー,0.2916,4.9,0.429,0,0,5000,0,5000
2025080907030511,ロンティケチャップ,0.3267,9.1,1.973,3300,3300,3300,0,9900
2025080907030512,アイサンサン,0.2442,5.5,0.343,0,5000,0,0,5000
2025081001010601,チャーリー,0.5497,11.7,5.432,2500,2500,2500,2500,10000
2025081001010602,タイセイルヴァン,0.6499,16.6,9.788,2500,2500,2500,2500,10000
2025081001010603,アルディスティーノ,0.6662,5.2,2.464,0,5000,0,0,5000
2025081001010605,ドルチェミスト,0.4931,11.5,4.67,2500,2500,2500,2500,10000
2025081001010606,キングズトゥルー,0.3691,5.2,0.919,0,5000,0,0,5000
2025081001010607,キントラダンサー,0.1238,3.8,-0.53,0,0,2500,0,2500
2025081001010608,タイヨウフレア,0.5303,19.1,9.129,2500,2500,2500,2500,10000
2025081001010609,アオイタケル,0.3953,9.9,2.914,3300,3300,3300,0,9900
2025081001010611,フィオライア,0.2819,6.7,0.888,0,5000,5000,0,10000
2025081001010612,イムホテプ,0.7232,1.6,0.157,0,0,5000,0,5000
2025081004020601,ホットゥトロット,0.4297,63.5,26.285,2500,2500,2500,2500,10000
2025081004020603,マイネルミストラル,0.6614,9.3,5.151,5000,5000,0,0,10000
2025081004020604,マインドミー,0.2246,10.1,1.269,3400,4900,1700,0,10000
2025081004020605,マイネルアズーロ,0.1926,3.5,-0.326,0,0,1000,0,1000
2025081004020607,ジャナドリア,0.346,9.3,2.218,3300,3300,3300,0,9900
2025081004020608,イコサン,0.3384,18.8,5.361,2500,2500,2500,2500,10000
2025081004020609,ロッカバイベイビー,0.5644,10.4,4.87,3200,3200,3200,400,10000
2025081004020610,ブレトワルダ,0.3088,6.8,1.1,0,5000,5000,0,10000
2025081004020612,クレオズニードル,0.3506,5.5,0.928,0,5000,0,0,5000
2025081007030601,ディープレイヤー,0.3005,3.3,-0.008,0,0,5000,0,5000
2025081007030602,ライラックデューン,0.158,20.1,2.176,2400,4200,3000,400,10000
2025081007030603,レディーゴール,0.4671,9.5,3.437,5000,5000,0,0,10000
2025081007030607,インビンシブルパパ,0.3814,13.9,4.301,2500,2500,2500,2400,9900
2025081007030610,メイケイロゼッタ,0.3981,15.6,5.21,2500,2500,2500,2500,10000
2025081007030611,カウンティフェア,0.4124,8.3,2.423,3300,3300,3300,0,9900
2025081007030612,アンダースコア,0.271,14.9,3.038,3200,3200,3200,400,10000
2025081601010701,マイネルシンベリン,0.4064,2.3,-0.065,0,0,5000,0,5000
2025081601010702,ユージュアーナ,0.4637,6.6,2.06,0,5000,0,0,5000
2025081601010703,ディニトーソ,0.5867,4.4,1.582,0,0,5000,0,5000
2025081601010704,ワタシマツワ,0.6852,3.1,1.124,0,0,5000,0,5000
2025081601010706,ミスティマウンテン,0.6028,4.6,1.773,0,0,5000,0,5000
2025081601010707,ラーシャローム,0.5378,34.8,17.716,3100,3100,3100,600,9900
2025081601010710,エスペシャリー,0.5054,5.2,1.628,0,5000,0,0,5000
2025081601010711,コトホドサヨウニ,0.4036,13.6,4.489,2500,2500,2500,2500,10000
2025081601010712,ショウナンバルドル,0.11,4.6,-0.494,0,0,1800,0,1800
2025081604020701,ジーネキング,0.4102,1.5,-0.385,0,0,5000,0,5000
2025081604020702,ヴィジョンメーカー,0.2413,3.0,-0.276,0,0,200,0,200
2025081604020703,キタノマーシャル,0.5767,4.3,1.48,0,0,5000,0,5000
2025081604020704,モンローウォーク,0.8223,1.2,-0.013,0,0,5000,0,5000
2025081604020705,ガラベイヤ,0.5677,5.7,2.236,0,5000,0,0,5000
2025081604020707,タガノミスト,0.2584,5.1,0.318,0,5000,0,0,5000
2025081604020708,ピカピカサンダー,0.6042,1.6,-0.033,0,0,5000,0,5000
2025081604020709,インプレス,0.604,2.0,0.208,0,0,5000,0,5000
2025081604020711,イスラコラソン,0.4907,8.4,3.122,3300,3300,3300,0,9900
2025081604020712,スイートオレンジ,0.2014,16.9,2.403,2800,3600,3600,0,10000
2025081607030701,テーオーグレーザー,0.3961,3.4,0.347,0,0,5000,0,5000
2025081607030702,シルバーナイツ,0.6443,2.3,0.482,0,0,5000,0,5000
2025081607030703,テレプシコーラ,0.4162,14.5,5.034,4400,4400,1200,0,10000
2025081607030704,ワイドクリーガー,0.5468,3.0,0.64,0,0,5000,0,5000
2025081607030705,ワンウェイトゥヘル,0.4756,11.6,4.517,3200,3200,3200,500,10100
2025081607030707,バールデュヴァン,0.3934,9.6,2.776,3300,3300,3300,0,9900
2025081607030708,フレミングフープ,0.5147,12.4,5.382,2500,2500,2500,2500,10000
2025081607030711,ベルサ,0.2224,3.5,-0.221,0,0,5000,0,5000
2025081701010801,ウチュウノセカイ,0.622,8.9,4.535,3300,3300,3300,0,9900
2025081701010803,ヒルノレーダン,0.5088,5.1,1.595,0,5000,0,0,5000
2025081701010804,マナエトレ,0.3474,5.2,0.806,0,5000,0,0,5000
2025081701010805,ジャスティンシカゴ,0.5672,2.2,0.248,0,0,5000,0,5000
2025081701010807,ピコローズ,0.2789,3.4,-0.052,0,0,5000,0,5000
2025081701010808,サンダーロード,0.3796,18.5,6.023,2500,2500,2500,2500,10000
2025081701010809,クインズスピカ,0.4291,8.0,2.433,3300,3300,3300,0,9900
2025081701010811,ハヤテノフクノスケ,0.1638,7.0,0.147,0,3900,5000,0,8900
2025081701010812,レクスノヴァス,0.3124,3.1,-0.032,0,0,5000,0,5000
2025081704020801,アルデドゥオーモ,0.5234,7.0,2.664,0,5000,5000,0,10000
2025081704020804,スウィフトミモザ,0.6081,8.0,3.865,3300,3300,3300,0,9900
2025081704020806,メイショウカゼマチ,0.2409,29.5,6.106,2500,2500,2500,2400,9900
2025081704020807,テイエムトッキュウ,0.1982,6.7,0.328,0,5000,0,0,5000
2025081704020808,アマキヒ,0.4911,1.5,-0.263,0,0,5000,0,5000
2025081704020809,マーズオデッセイ,0.4291,5.1,1.188,0,5000,0,0,5000
2025081704020810,マーゴットゲイン,0.6726,2.5,0.681,0,0,5000,0,5000
2025081704020812,タイキオーベロン,0.1115,21.3,1.375,1700,4100,0,0,5800
2025081707030801,メイショウナルカミ,0.3453,5.3,0.83,0,5000,0,0,5000
2025081707030802,キーンセンス,0.6571,3.8,1.497,0,0,5000,0,5000
2025081707030804,アンビアンス,0.2978,23.7,6.057,5000,5000,0,0,10000
2025081707030805,アイブリンク,0.1117,37.6,3.201,2200,4700,3100,0,10000
2025081707030806,ヴェロクオーレ,0.2974,7.8,1.32,0,5000,5000,0,10000
2025081707030807,マピュース,0.52,8.7,3.524,3300,3300,3300,0,9900
2025081707030809,リードプリンシパル,0.2947,10.6,2.124,3500,3500,3000,0,10000
2025081707030812,ブルーサンセット,0.258,6.8,0.754,0,5000,0,0,5000
2025082301020101,ストロベリーツリー,0.755,1.1,-0.169,0,0,4300,0,4300
2025082301020102,コッコラーレ,0.2609,10.2,1.661,2300,2600,2600,2600,10100
2025082301020103,グランセゾン,0.3996,4.9,0.958,0,0,1700,0,1700
2025082301020104,ハイクオリティ,0.4805,8.0,2.844,3300,3300,3300,0,9900
2025082301020105,グリオンヴール,0.5271,1.2,-0.368,0,0,5000,0,5000
2025082301020106,トレミニョン,0.3644,5.1,0.858,0,5000,5000,0,10000
2025082301020108,ビッグベルーガ,0.4098,21.7,7.893,2500,2500,2500,2500,10000
2025082301020109,ストームサンダー,0.2525,6.6,0.666,0,5000,0,0,5000
2025082301020111,パトリックハンサム,0.1306,20.8,1.717,2200,5000,1900,200,9300
2025082304030102,グランカッサ,0.4703,19.0,7.935,3000,3000,3000,900,9900
2025082304030103,ミッキーソルジャー,0.5552,7.5,3.164,0,5000,0,0,5000
2025082304030105,ローザレイア,0.7024,8.6,5.041,3300,3300,3300,0,9900
2025082304030107,エンペラーズソード,0.2774,4.2,0.165,0,0,5000,0,5000
2025082304030110,ハクサンイーグル,0.0839,5.9,-0.505,0,0,1000,0,1000
2025082304030111,ジャスパーロブスト,0.3842,3.4,0.306,0,0,5000,0,5000
2025082307040101,クラウンセト,0.3094,1.6,-0.505,0,0,5000,0,5000
2025082307040102,タガノアニマシオン,0.4495,27.2,11.227,3400,3400,3300,0,10100
2025082307040104,ヤマニンレセディ,0.5302,5.6,1.969,0,5000,0,0,5000
2025082307040105,アルスマグナ,0.7673,33.5,24.703,2500,2500,2500,2500,10000
2025082307040106,シュガービスケッツ,0.7248,15.4,10.162,2500,2500,2500,2500,10000
2025082307040107,チムニーパイプ,0.2436,5.8,0.413,0,5000,500,0,5500
2025082307040108,ノーランサンライズ,0.3159,14.4,3.549,2500,2500,2500,2500,10000
2025082307040111,プロトポロス,0.4227,9.4,2.974,3300,3300,3300,0,9900
2025082401020201,マーゴットサンズ,0.6544,13.1,7.573,2500,2500,2500,2500,10000
2025082401020204,レイデラティエラ,0.5486,16.4,7.997,2500,2500,2500,2500,10000
2025082401020205,ミスティックレナン,0.8133,5.3,3.31,0,5000,0,0,5000
2025082401020206,ユキノエミリオ,0.3592,9.3,2.34,3300,3300,3300,0,9900
2025082401020209,シンゼンカガ,0.6091,3.1,0.888,0,0,5000,0,5000
2025082401020210,ベルギューン,0.5716,3.7,1.115,0,0,5000,0,5000
2025082401020211,パンジャタワー,0.297,5.5,0.633,0,5000,5000,0,10000
2025082401020212,マイネルオーシャン,0.323,8.5,1.746,3300,3300,3300,0,9900
2025082404030201,ガリレア,0.3719,13.4,3.983,2500,2500,2500,2500,10000
2025082404030202,メイショウコウベ,0.5409,4.3,1.326,0,0,1700,0,1700
2025082404030203,マイネルアレス,0.2349,3.7,-0.131,0,0,5000,0,5000
2025082404030204,マオノクラッシュ,0.5834,5.3,2.092,0,5000,0,0,5000
2025082404030205,コスモエルヴァル,0.1017,34.5,2.51,1900,4100,1300,0,7300
2025082404030206,ルージュダリア,0.76,5.7,3.332,0,5000,0,0,5000
2025082404030209,ウインアイオライト,0.1651,19.6,2.235,2000,3300,3300,1300,9900
2025082404030210,デュガ,0.1273,20.7,1.636,1800,4200,3000,1000,10000
2025082404030212,リクエイ,0.262,6.6,0.729,0,5000,0,0,5000
2025082407040202,ドウジャスティ,0.5291,6.1,2.227,0,5000,4800,0,9800
2025082407040203,クールデイトナ,0.6895,7.4,4.102,0,5000,5000,0,10000
2025082407040204,イーブンベター,0.2393,147.8,34.366,3900,3900,2000,100,9900
2025082407040205,ソラーロ,0.7911,8.9,6.041,3300,3300,3300,0,9900
2025082407040206,エイヘンハールト,0.4195,3.7,0.552,0,0,1600,0,1600
2025082407040207,タガノマルアフ,0.4171,10.3,3.296,3300,3300,3300,100,10000
2025082407040208,シェーラ,0.4831,7.0,2.382,0,5000,5000,0,10000
2025082407040210,キングブルー,0.3911,4.2,0.642,0,0,5000,0,5000
2025082407040211,メイショウカゼマチ,0.1417,24.8,2.513,1900,3700,3600,800,10000
2025083001020303,オロパタジン,0.6722,4.8,2.227,0,0,2400,0,2400
2025083001020304,トレヴィ,0.4988,2.0,-0.002,0,0,5000,0,5000
2025083001020305,リュウカルネ,0.8069,2.5,1.017,0,0,5000,0,5000
2025083001020306,ラファヴォリット,0.3965,15.9,5.305,2900,2900,2900,1300,10000
2025083001020307,ボディブロー,0.4385,6.3,1.763,0,5000,0,0,5000
2025083001020309,ウチュウノセカイ,0.2557,6.2,0.585,0,5000,1200,0,6200
2025083001020312,ムチャスグラシアス,0.2629,18.0,3.732,2500,2500,2500,2500,10000
2025083004030301,スズカハービン,0.4543,10.0,3.543,2500,2500,2500,2500,10000
2025083004030302,ファイアマン,0.5824,4.2,1.446,0,0,5000,0,5000
2025083004030304,ライヴスプーン,0.3235,16.1,4.208,4500,4500,1000,0,10000
2025083004030305,ミツカネベネラ,0.46,9.8,3.508,3300,3300,3300,0,9900
2025083004030306,キョウエイグッド,0.5099,7.6,2.875,0,5000,0,0,5000
2025083004030309,ポッドロワール,0.3301,19.2,5.339,2500,2500,2500,2500,10000
2025083004030311,ゲルチュタール,0.5499,1.4,-0.23,0,0,5000,0,5000
2025083004030312,ミスエル,0.3377,7.8,1.634,0,5000,0,0,5000
2025083007040302,シャローファースト,0.1924,65.2,11.542,2500,2800,2800,1900,10000
2025083007040303,リーティアコナル,0.4008,13.4,4.371,4500,4500,900,0,9900
2025083007040304,ハッピーダンチャン,0.6986,13.0,8.082,2500,2500,2500,2500,10000
2025083007040305,フルールジェンヌ,0.3607,11.8,3.257,2500,2500,2500,2500,10000
2025083007040309,メイショウヤーキス,0.2861,16.5,3.721,2500,2500,2500,2400,9900
2025083007040310,コト,0.5266,13.1,5.898,2800,2800,2800,1700,10100
2025083007040311,テーオーパスワード,0.2457,3.4,-0.165,0,0,5000,0,5000
2025083007040312,エリカドリーム,0.1654,22.3,2.688,2500,3900,3100,500,10000
2025083101020403,タイセイアビリティ,0.5297,5.7,2.019,0,5000,5000,0,10000
2025083101020404,エオアリイ,0.2859,6.7,0.915,0,5000,0,0,5000
2025083101020406,サトミノエンジェル,0.6663,1.8,0.199,0,0,5000,0,5000
2025083101020407,マイネルフーガ,0.225,2.3,-0.482,0,0,5000,0,5000
2025083101020408,タイヨウフレア,0.3243,7.2,1.335,0,5000,5000,0,10000
2025083101020409,ボンドロア,0.2765,16.5,3.562,2500,2500,2500,2500,10000
2025083101020410,ロードマイライフ,0.1658,5.0,-0.171,0,900,0,0,900
2025083101020411,フォルテム,0.243,4.4,0.069,0,0,5000,0,5000
2025083101020412,ミッションルース,0.2825,15.1,3.265,2800,2800,2800,1500,9900
2025083104030401,ホウオウエクレール,0.2719,1.4,-0.619,0,0,5000,0,5000
2025083104030402,カフェノーチェ,0.6831,4.6,2.142,0,0,5000,0,5000
2025083104030404,オリオアルセーリオ,0.7575,2.8,1.121,0,0,300,0,300
2025083104030406,マテンロウダビンチ,0.4532,2.7,0.224,0,0,5000,0,5000
2025083104030407,デルマエアロール,0.5651,8.1,3.578,5000,5000,0,0,10000
2025083104030410,シュラザック,0.5491,5.9,2.24,0,5000,0,0,5000
2025083107040401,レディーゴール,0.3779,3.0,0.134,0,0,5000,0,5000
2025083107040402,エアニゲラ,0.2914,5.4,0.574,0,5000,0,0,5000
2025083107040403,メイショウアイル,0.3917,32.7,11.808,2600,2600,2600,2100,9900
2025083107040406,ナクソス,0.6025,23.4,13.099,2500,2500,2500,2500,10000
2025083107040407,ハナウマビーチ,0.3783,3.3,0.248,0,0,5000,0,5000
2025083107040408,マイエレメント,0.2837,7.0,0.986,0,5000,0,0,5000
2025083107040410,カゼノランナー,0.5783,3.8,1.197,0,0,5000,0,5000
2025083107040411,スターアニス,0.3962,1.7,-0.326,0,0,5000,0,5000
2025090601020503,サツキレジーナ,0.5222,5.4,1.82,0,5000,5000,0,10000
2025090601020504,ラファヴォリット,0.6953,15.3,9.639,3300,3300,3300,200,10100
2025090601020505,リリージョワ,0.74,2.8,1.072,0,0,5000,0,5000
2025090601020506,タイキインドラ,0.4397,6.0,1.638,0,5000,5000,0,10000
2025090601020507,エメラヴィ,0.2064,7.9,0.631,0,5000,0,0,5000
2025090601020508,ユウェンタース,0.5164,5.2,1.685,0,5000,0,0,5000
2025090601020509,ヤコブセン,0.4153,18.7,6.767,2500,2500,2500,2500,10000
2025090601020510,モジャーリオ,0.3146,4.5,0.416,0,0,5000,0,5000
2025090601020512,メイショウツヨキ,0.3982,20.7,7.243,2700,2700,2700,1800,9900
2025090606040104,コンパクトファイト,0.5789,18.9,9.942,4100,4100,1700,0,9900
2025090606040105,ランプローグ,0.4252,7.2,2.061,0,5000,5000,0,10000
2025090606040107,ミッドセンチュリー,0.1955,7.5,0.466,0,5000,0,0,5000
2025090606040109,シャドウメテオ,0.4656,5.1,1.375,0,5000,5000,0,10000
2025090606040111,ドロップオブライト,0.1204,20.4,1.456,1900,4500,2200,300,8900
2025090609040101,エブリデイ,0.5464,7.4,3.043,0,5000,0,0,5000
2025090609040103,モズプリヴェール,0.2665,5.2,0.386,0,5000,0,0,5000
2025090609040104,パスコード,0.2132,11.5,1.452,3400,4900,1700,0,10000
2025090609040105,ベネサルート,0.5882,4.2,1.47,0,0,5000,0,5000
2025090609040106,マグナヴィクトル,0.8348,1.1,-0.082,0,0,5000,0,5000
2025090609040107,スライビングロード,0.3703,2.6,-0.037,0,0,700,0,700
2025090609040110,オーロラエックス,0.4055,5.3,1.149,0,5000,0,0,5000
2025090609040111,インユアパレス,0.3403,1.7,-0.422,0,0,5000,0,5000
2025090701020601,グロリアスマーチ,0.251,1.4,-0.649,0,0,5000,0,5000
2025090701020604,グリフォン,0.2502,14.0,2.503,3200,3300,3300,200,10000
2025090701020605,ドゥラエテルノ,0.3353,6.0,1.012,0,5000,5000,0,10000
2025090701020606,サードウインド,0.5741,5.1,1.928,0,5000,0,0,5000
2025090701020607,トゥルブレンツ,0.1566,12.7,0.989,2100,5000,1800,0,8900
2025090701020610,コスモアンソロジー,0.1247,8.6,0.072,200,2300,2100,0,4600
2025090701020611,ミステリーウェイ,0.2522,16.7,3.211,2900,2900,2900,1200,9900
2025090701020612,ウインサマースノー,0.2547,5.3,0.35,0,5000,0,0,5000
2025090706040201,ウィズユアドリーム,0.4008,1.7,-0.319,0,0,5000,0,5000
2025090706040202,キアラメンテ,0.4259,2.6,0.107,0,0,200,0,200
2025090706040204,マイネルマスター,0.4972,3.0,0.492,0,0,4700,0,4700
2025090706040205,ハーディジェナー,0.3593,115.2,40.394,2500,2500,2500,2500,10000
2025090706040206,ヴァレンティーニ,0.7468,7.5,4.601,0,5000,5000,0,10000
2025090706040208,ロンパイア,0.5273,8.2,3.324,5000,5000,0,0,10000
2025090706040210,ルージュラナキラ,0.3509,5.0,0.755,0,5000,0,0,5000
2025090706040211,ダノンフェアレディ,0.4937,6.2,2.061,0,5000,0,0,5000
2025090706040212,ユキノエミリオ,0.3198,9.0,1.878,3300,3300,3300,0,9900
2025090709040203,ヴィヴァシャス,0.3691,5.8,1.141,0,5000,0,0,5000
2025090709040204,アスクコモンタレヴ,0.4589,3.3,0.514,0,0,5000,0,5000
2025090709040205,キッコベッロ,0.4002,2.3,-0.079,0,0,5000,0,5000
2025090709040206,ポートデラメール,0.185,7.1,0.314,0,5000,2800,0,7800
2025090709040207,モズカトレア,0.2279,12.1,1.758,2400,3000,3000,1600,10000
2025090709040209,ブラックケリー,0.3816,5.8,1.213,0,5000,5000,0,10000
2025090709040211,ママコチャ,0.2078,3.2,-0.335,0,0,5000,0,5000
2025090709040212,ダノンスウィッチ,0.3347,7.5,1.51,0,5000,5000,0,10000
2025091306040302,マーゴットブロー,0.3718,14.1,4.243,3100,3100,3100,600,9900
2025091306040303,ダンケルド,0.2138,5.3,0.133,0,5000,5000,0,10000
2025091306040304,フォージドブリック,0.4078,14.7,4.995,2500,2500,2500,2500,10000
2025091306040305,ルージュブリッツ,0.6409,9.7,5.217,3300,3300,3300,0,9900
2025091306040307,アルデラックス,0.342,1.8,-0.384,0,0,2800,0,2800
2025091306040308,アシャカトベ,0.5867,3.2,0.877,0,0,5000,0,5000
2025091306040309,ベルベルコンパス,0.5453,3.2,0.745,0,0,5000,0,5000
2025091306040311,ユキマル,0.1987,4.0,-0.205,0,0,5000,0,5000
2025091309040304,バルミラクル,0.1263,7.2,-0.09,0,1300,3800,0,5100
2025091309040305,シラヌイ,0.689,4.8,2.307,0,0,5000,0,5000
2025091309040306,クリムゾンキャット,0.782,3.8,1.971,0,0,5000,0,5000
2025091309040307,エンベッカ,0.568,10.8,5.135,2500,2500,2500,2500,10000
2025091309040309,ブルクトーア,0.4279,2.4,0.027,0,0,5000,0,5000
2025091309040310,キングブルー,0.2482,10.2,1.531,2300,2800,2800,2200,10100
2025091309040311,タガノデュード,0.2446,17.3,3.232,2500,2500,2500,2500,10000
2025091309040312,キーチパルフェ,0.4853,7.0,2.397,0,5000,0,0,5000
2025091406040402,ロンドンオービタル,0.2479,2.3,-0.43,0,0,5000,0,5000
2025091406040404,ワンダーディーン,0.3646,5.6,1.042,0,5000,5000,0,10000
2025091406040405,ライヒスアドラー,0.2498,2.3,-0.426,0,0,4400,0,4400
2025091406040406,ブレゲアン,0.6323,43.3,26.377,2500,2500,2500,2500,10000
2025091406040408,キョウキランブ,0.3566,6.6,1.354,0,5000,5000,0,10000
2025091406040409,ネーヴェフレスカ,0.218,19.3,3.208,2300,2600,2600,2400,9900
2025091406040410,アスクナイスショー,0.386,2.6,0.004,0,0,5000,0,5000
2025091406040411,ポッドベイダー,0.4182,13.1,4.479,2800,2800,2800,1500,9900
2025091406040412,エンペラーズソード,0.4554,2.9,0.321,0,0,5000,0,5000
2025091409040402,フォーゲル,0.6321,3.1,0.96,0,0,5000,0,5000
2025091409040403,フランキーバローズ,0.3469,1.5,-0.48,0,0,5000,0,5000
2025091409040404,ヴィヴァシャス,0.4839,7.7,2.726,0,5000,1300,0,6300
2025091409040406,ウェイニースー,0.8221,1.7,0.398,0,0,400,0,400
2025091409040407,ロンドボス,0.2522,3.1,-0.218,0,0,5000,0,5000
2025091409040409,エコロディノス,0.4846,1.1,-0.467,0,0,5000,0,5000
2025091409040411,カムニャック,0.3854,2.9,0.118,0,0,5000,0,5000
2025091506040501,ベアアッコチャン,0.2146,14.5,2.111,3000,3800,2900,200,9900
2025091506040505,サンダーストラック,0.8527,2.8,1.387,0,0,5000,0,5000
2025091506040508,キングズトゥルー,0.4679,7.8,2.65,0,5000,0,0,5000
2025091509040501,ロードプレジール,0.3198,2.3,-0.264,0,0,5000,0,5000
2025091509040502,エスティヴァリス,0.532,6.7,2.564,0,5000,0,0,5000
2025091509040505,エイシンティザー,0.4504,6.5,1.928,0,5000,5000,0,10000
2025091509040511,バスタードサフラン,0.1578,11.1,0.752,1500,3800,3800,900,10000
2025091509040512,タマモティーカップ,0.312,5.8,0.81,0,5000,5000,0,10000
2025092006040601,ラフレードピエル,0.6574,6.0,2.944,0,5000,0,0,5000
2025092006040603,エスシーレベッカ,0.2536,9.1,1.308,2900,3600,3600,0,10100
2025092006040605,サンブライト,0.7313,7.0,4.119,0,5000,5000,0,10000
2025092006040606,プレシャスデイ,0.5318,2.4,0.276,0,0,5000,0,5000
2025092006040607,コスモイシュタル,0.1536,2.9,-0.555,0,0,2800,0,2800
2025092006040609,ウチュウノセカイ,0.3236,28.9,8.353,3000,3000,3000,1100,10100
2025092006040612,シュヴァルボヌール,0.3347,1.7,-0.431,0,0,5000,0,5000
2025092009040604,マテンロウジョイ,0.2768,10.6,1.935,2500,2500,2500,2500,10000
2025092009040605,グッドピース,0.3611,3.7,0.336,0,0,5000,0,5000
2025092009040608,アランカール,0.1716,1.8,-0.691,0,0,2800,0,2800
2025092009040609,モズタチアガレ,0.322,5.7,0.835,0,5000,0,0,5000
2025092009040611,プルートマスター,0.1167,7.1,-0.171,0,500,0,0,500
2025092009040612,カミノレアル,0.1377,8.3,0.143,500,3000,3100,0,6600
2025092106040702,マーシャルアン,0.1379,22.7,2.13,2100,4300,3600,0,10000
2025092106040703,パントルナイーフ,0.7515,1.1,-0.173,0,0,5000,0,5000
2025092106040704,ナリノシャーウッド,0.7469,16.3,11.174,2500,2500,2500,2500,10000
2025092106040706,チャロ,0.3447,1.7,-0.414,0,0,5000,0,5000
2025092106040708,タマカヅラ,0.1569,8.9,0.396,1200,4200,4600,0,10000
2025092109040702,メイクワンズデイ,0.5204,6.3,2.278,0,5000,5000,0,10000
2025092109040703,タガノアバンドーネ,0.5117,5.8,1.968,0,5000,0,0,5000
2025092109040705,バークシャーシチー,0.2818,36.7,9.341,3300,3300,3300,0,9900
2025092109040706,ボクマダネムイヨ,0.2304,5.7,0.313,0,5000,5000,0,10000
2025092109040707,キーパフォーマー,0.348,6.0,1.088,0,5000,5000,0,10000
2025092109040708,フクキタテーラー,0.4014,18.9,6.587,3000,3000,3000,900,9900
2025092706040801,ユイノコキュウ,0.2587,13.4,2.467,2800,2800,2800,1700,10100
2025092706040803,コパノトーマス,0.4302,2.9,0.248,0,0,5000,0,5000
2025092706040804,ケントン,0.7449,30.6,21.794,2500,2500,2500,2500,10000
2025092706040805,ギリーズボール,0.7671,1.6,0.227,0,0,5000,0,5000
2025092706040806,レディーフランシス,0.3235,3.7,0.197,0,0,5000,0,5000
2025092706040807,サンカシグレ,0.1788,12.6,1.252,2000,3700,3700,600,10000
2025092706040808,ショウナンハクウン,0.3042,8.3,1.525,3300,3300,3300,0,9900
2025092706040811,ピースワンデュック,0.1104,28.7,2.168,2000,4400,2900,600,9900
2025092709040802,シーズザスローン,0.3446,1.3,-0.552,0,0,5000,0,5000
2025092709040803,フォーゲル,0.3854,2.1,-0.191,0,0,5000,0,5000
2025092709040804,ホワイトオーキッド,0.4695,10.1,3.742,3300,3300,3300,0,9900
2025092709040805,フリーガー,0.7977,5.8,3.627,0,5000,0,0,5000
2025092709040806,ストップヤーニング,0.4339,5.9,1.56,0,5000,5000,0,10000
2025092709040809,ペルセア,0.2803,2.8,-0.215,0,0,5000,0,5000
2025092709040810,エコロマーズ,0.2061,11.4,1.349,2300,3500,3500,800,10100
2025092709040811,タイトニット,0.196,6.7,0.313,0,5000,0,0,5000
2025092709040812,タカネノハナコサン,0.1572,4.8,-0.246,0,0,4700,0,4700
2025092806040901,ハイライトニング,0.7769,6.1,3.739,0,5000,5000,0,10000
2025092806040902,トラスコンガーデン,0.4126,11.2,3.621,2900,2900,2900,1200,9900
2025092806040903,エーデルゼーレ,0.6771,3.4,1.302,0,0,5000,0,5000
2025092806040904,サノノアルペン,0.7188,12.0,7.625,2500,2500,2500,2500,10000
2025092806040906,フジレイメイ,0.1278,7.4,-0.054,0,1600,1800,0,3400
2025092806040910,ショウナンサムデイ,0.4138,3.0,0.241,0,0,5000,0,5000
2025092806040911,サトノレーヴ,0.3029,2.2,-0.334,0,0,5000,0,5000
2025092806040912,ブレーザー,0.186,13.7,1.549,2000,3300,3300,1500,10100
2025092809040901,ホウオウプレシャス,0.174,29.8,4.184,2400,3300,3300,1100,10100
2025092809040902,ノアールビーナス,0.4052,7.6,2.079,0,5000,5000,0,10000
2025092809040905,プレダトゥール,0.4672,5.5,1.57,0,5000,5000,0,10000
2025092809040906,ハヤテノツバサ,0.2933,6.8,0.995,0,5000,0,0,5000
2025092809040908,ローランドバローズ,0.6169,2.0,0.234,0,0,5000,0,5000
2025092809040910,シュラザック,0.3558,3.6,0.281,0,0,5000,0,5000
2025092809040911,ミッキーゴージャス,0.2282,10.8,1.464,2400,3300,3300,1000,10000
2025100405040101,リアライズタキオン,0.4596,8.1,2.723,5000,5000,0,0,10000
2025100405040103,ファインサマーデイ,0.2514,5.7,0.433,0,5000,2800,0,7800
2025100405040105,カレントゥルーシー,0.4744,4.1,0.945,0,0,5000,0,5000
2025100405040106,ポッドベル,0.1759,12.7,1.234,2600,5000,2100,0,9700
2025100405040107,サラスヴァティー,0.7163,12.8,8.168,3200,3200,3200,400,10000
2025100405040108,ジェイエルマスター,0.1508,1.9,-0.714,0,0,2700,0,2700
2025100405040109,サトノヴィレ,0.1028,78.7,7.093,2300,4600,2600,600,10100
2025100405040110,シンバーシア,0.37,5.1,0.887,0,5000,0,0,5000
2025100405040112,カネショウレジェン,0.1386,6.7,-0.071,0,1700,0,0,1700
2025100408030101,フルールドール,0.5413,4.5,1.436,0,0,5000,0,5000
2025100408030102,ウィズクィーン,0.3735,7.2,1.69,0,5000,0,0,5000
2025100408030105,ダークマルス,0.5232,5.1,1.669,0,5000,0,0,5000
2025100408030106,テイエムパイロット,0.3181,157.1,48.978,2500,2500,2500,2500,10000
2025100408030107,ジャスパーディビネ,0.3772,8.4,2.169,3600,3600,2700,0,9900
2025100408030109,ラスティングスノー,0.5035,18.8,8.467,2700,2700,2700,1800,9900
2025100408030110,メイショウホウレン,0.4712,9.0,3.241,3300,3300,3300,0,9900
2025100505040202,ラフターラインズ,0.4946,1.6,-0.209,0,0,600,0,600
2025100505040203,フェーダーローター,0.2062,257.4,52.082,5000,5000,100,0,10100
2025100505040204,プラチナトレジャー,0.3494,2.0,-0.301,0,0,5000,0,5000
2025100505040205,ゴーイントゥスカイ,0.4599,4.0,0.84,0,0,5000,0,5000
2025100505040206,マーガレットクレア,0.4292,17.7,6.597,3300,3300,3300,100,10000
2025100505040209,チューラワンサ,0.2009,3.8,-0.236,0,0,5000,0,5000
2025100505040210,テリフィックプラン,0.1068,3.4,-0.637,0,0,700,0,700
2025100505040211,レーベンスティール,0.2157,7.7,0.661,0,5000,5000,0,10000
2025100505040212,ファリーザ,0.1849,1.8,-0.667,0,0,5000,0,5000
2025100508030201,サヨノパララックス,0.5462,5.4,1.949,0,5000,0,0,5000
2025100508030202,プレセピオ,0.6286,5.1,2.206,0,5000,0,0,5000
2025100508030203,パイロマンサー,0.7571,3.4,1.574,0,0,5000,0,5000
2025100508030204,マーブルパレス,0.4736,3.2,0.516,0,0,5000,0,5000
2025100508030205,コウギョク,0.7551,4.0,2.02,0,0,5000,0,5000
2025100508030207,フォーキャンドルズ,0.3114,35.4,10.024,2500,2500,2500,2400,9900
2025100508030208,タマモティーカップ,0.2517,14.6,2.675,2700,2800,2800,1700,10000
2025100508030210,タガノミスト,0.2189,10.6,1.321,2200,3200,3200,1400,10000
2025100508030212,ジュンヴァンケット,0.4466,4.0,0.786,0,0,5000,0,5000
2025101105040301,モルニケ,0.2363,3.3,-0.22,0,0,5000,0,5000
2025101105040302,ビップムーラン,0.32,1.9,-0.392,0,0,5000,0,5000
2025101105040304,ウィッキドピケット,0.6827,3.2,1.185,0,0,500,0,500
2025101105040305,シュペルリング,0.7465,5.3,2.957,0,5000,5000,0,10000
2025101105040306,ロードストラダーレ,0.3256,15.8,4.145,2900,2900,2900,1200,9900
2025101105040307,ボウウィンドウ,0.3676,3.0,0.103,0,0,4100,0,4100
2025101105040308,カーラデマドレ,0.3008,7.6,1.286,0,5000,0,0,5000
2025101105040310,シャンパンポップ,0.4513,1.8,-0.188,0,0,5000,0,5000
2025101105040312,アンクエンチャブル,0.2549,5.2,0.325,0,5000,5000,0,10000
2025101108030301,グラスゴー,0.3738,9.2,2.439,3300,3300,3300,0,9900
2025101108030302,バトゥカーダ,0.5023,6.7,2.365,0,5000,0,0,5000
2025101108030305,マーゴットラヴミー,0.7085,13.7,8.707,2500,2500,2500,2500,10000
2025101108030307,アラベラ,0.5553,5.8,2.221,0,5000,0,0,5000
2025101108030310,ミストレス,0.1451,20.9,2.032,2100,4000,3200,700,10000
2025101205040401,サンダーヴィント,0.4239,5.1,1.162,0,5000,0,0,5000
2025101205040403,チャリングクロス,0.5277,5.1,1.691,0,5000,0,0,5000
2025101205040404,モンスエ,0.6977,7.4,4.163,0,5000,5000,0,10000
2025101205040406,ウエヲムイテゴラン,0.3244,13.4,3.347,2500,2500,2500,2500,10000
2025101205040407,アデランテ,0.2549,6.8,0.734,0,5000,5000,0,10000
2025101205040408,レッドヴァリアート,0.2358,10.9,1.57,2600,3200,3200,1000,10000
2025101205040409,キングノジョー,0.2555,2.7,-0.31,0,0,5000,0,5000
2025101205040410,ワイワイレジェンド,0.3527,4.5,0.587,0,0,5000,0,5000
2025101205040411,アドマイヤマツリ,0.1707,4.4,-0.249,0,0,5000,0,5000
2025101205040412,マーズオデッセイ,0.2916,6.5,0.895,0,5000,5000,0,10000
2025101208030405,ワンダフルボンド,0.7998,2.2,0.76,0,0,5000,0,5000
2025101208030406,タマモフリージア,0.6014,25.9,14.576,2500,2500,2500,2500,10000
2025101208030407,ランツフート,0.1998,23.9,3.775,2600,3200,3200,1000,10000
2025101208030408,ツキノアカリ,0.3273,7.1,1.324,0,5000,5000,0,10000
2025101208030409,アメリカンビキニ,0.4913,2.2,0.081,0,0,5000,0,5000
2025101208030410,ブエナオンダ,0.3394,6.9,1.342,0,5000,0,0,5000
2025101208030411,ジンセイ,0.1882,1.9,-0.642,0,0,5000,0,5000
2025101208030412,ワンモアスマイル,0.1496,8.3,0.242,800,3800,1000,0,5600
2025101305040502,エッジアキュート,0.6551,12.7,7.319,2500,2500,2500,2500,10000
2025101305040503,シャオママル,0.6725,1.5,0.009,0,0,3400,0,3400
2025101305040505,スタニングレディ,0.2916,30.6,7.922,3100,3100,3100,800,10100
2025101305040506,ノーザンタイタン,0.7831,6.0,3.699,0,5000,5000,0,10000
2025101305040507,コスモコンフェルマ,0.1442,7.2,0.039,0,2600,4800,0,7400
2025101305040508,アルデトップガン,0.5719,5.8,2.317,0,5000,0,0,5000
2025101305040509,ダノンセンチュリー,0.2383,1.5,-0.643,0,0,5000,0,5000
2025101305040510,ロードオールライト,0.2275,10.5,1.389,2000,2700,2700,2700,10100
2025101305040512,ラストシャリナ,0.4453,6.1,1.716,0,5000,0,0,5000
2025101308030501,ライトオブヌカタ,0.7841,8.7,5.822,3300,3300,3300,0,9900
2025101308030503,ネネキリマル,0.321,45.5,13.605,2500,2500,2500,2500,10000
2025101308030505,ジャスティンビスタ,0.8602,7.2,5.194,0,5000,5000,0,10000
2025101308030507,プレゼンティーア,0.6474,4.9,2.172,0,0,5000,0,5000
2025101308030508,ハッピーダンチャン,0.377,4.2,0.583,0,0,5000,0,5000
2025101308030511,ランスオブカオス,0.1667,7.0,0.167,0,4100,5000,0,9100
2025101308030512,セールヴォラン,0.3775,10.2,2.851,2500,2500,2500,2400,9900
2025101804040101,リアライズブラーヴ,0.5307,5.0,1.654,0,5000,0,0,5000
2025101804040102,ゴールデンブラッド,0.8038,1.9,0.527,0,0,5000,0,5000
2025101804040103,ガラベイヤ,0.5107,5.1,1.605,0,5000,5000,0,10000
2025101804040104,ドゥラリス,0.5169,2.9,0.499,0,0,5000,0,5000
2025101804040105,ジェイエルキャリア,0.715,8.0,4.72,3300,3300,3300,0,9900
2025101804040106,ゴールデンクラウド,0.4555,1.3,-0.408,0,0,5000,0,5000
2025101804040107,ハニードレス,0.4429,8.6,2.809,3300,3300,3300,0,9900
2025101804040109,コスモイシュタル,0.4113,3.7,0.522,0,0,5000,0,5000
2025101804040110,ファムエレガンテ,0.2563,3.5,-0.103,0,0,5000,0,5000
2025101804040111,フリッカージャブ,0.5232,1.6,-0.163,0,0,5000,0,5000
2025101805040601,サンデーパーティー,0.6886,5.7,2.925,0,5000,5000,0,10000
2025101805040604,エピッククイーン,0.845,2.7,1.281,0,0,5000,0,5000
2025101805040606,ヘリオトロープ,0.4716,1.5,-0.293,0,0,5000,0,5000
2025101805040607,ミクストベリーズ,0.4324,14.2,5.14,2500,2500,2500,2500,10000
2025101805040608,エラン,0.3578,8.2,1.934,5000,5000,0,0,10000
2025101805040610,ピカピカサンダー,0.3835,2.3,-0.118,0,0,5000,0,5000
2025101805040611,ジャンタルマンタル,0.3711,1.9,-0.295,0,0,5000,0,5000
2025101805040612,コシュデリ,0.5375,6.6,2.547,0,5000,0,0,5000
2025101808030603,イージーライダー,0.3473,10.5,2.647,2500,2500,2500,2500,10000
2025101808030604,ホウオウプレシャス,0.2884,16.0,3.615,2500,2500,2500,2500,10000
2025101808030605,スウィートハピネス,0.6772,17.9,11.121,2500,2500,2500,2500,10000
2025101808030606,エブリーポッシブル,0.6783,2.0,0.357,0,0,5000,0,5000
2025101808030607,ニホンピロホリデー,0.1723,9.4,0.619,1800,5000,1200,0,8000
2025101808030608,ローズカリス,0.4904,5.2,1.55,0,5000,0,0,5000
2025101808030612,サーナーティオン,0.1125,3.5,-0.606,0,0,800,0,800
2025101904040203,インフローレ,0.1817,33.6,5.107,2800,3600,3100,400,9900
2025101904040205,ヘルモソブレード,0.597,8.0,3.776,3300,3300,3300,0,9900
2025101904040206,ケーヴァラ,0.2277,6.8,0.549,0,5000,3700,0,8700
2025101904040207,ネーブルオレンジ,0.4413,9.6,3.237,3300,3300,3300,0,9900
2025101904040210,イスラコラソン,0.1127,10.5,0.184,500,2400,2200,200,5300
2025101904040212,スノーサイレンス,0.5208,2.3,0.198,0,0,5000,0,5000
2025101905040701,スタームーンナイト,0.6359,2.2,0.399,0,0,5000,0,5000
2025101905040702,フジガイフウ,0.1652,2.5,-0.587,0,0,1600,0,1600
2025101905040703,ザバルガド,0.5276,23.4,11.347,5000,5000,0,0,10000
2025101905040705,ブラウンバナナ,0.6815,5.1,2.476,0,5000,0,0,5000
2025101905040706,トラスコンガーデン,0.2537,22.8,4.784,2500,2500,2500,2500,10000
2025101905040708,ゴールドハンマー,0.5208,5.1,1.656,0,5000,5000,0,10000
2025101905040709,プラチナドリーム,0.3741,15.0,4.612,2500,2500,2500,2500,10000
2025101905040710,クールブロン,0.1408,57.5,7.097,2800,4500,2400,400,10100
2025101905040712,ニシノティアモ,0.207,12.7,1.629,2300,3300,3300,1100,10000
2025101908030701,ベラジオリン,0.6067,47.2,27.636,2500,2500,2500,2500,10000
2025101908030702,サーディンラン,0.3759,1.6,-0.399,0,0,5000,0,5000
2025101908030703,トゥロン,0.3248,3.4,0.104,0,0,5000,0,5000
2025101908030704,ミルトベスト,0.7708,21.6,15.65,4700,4700,700,0,10100
2025101908030705,ヴァロンブローサ,0.5598,9.7,4.43,3300,3300,3300,0,9900
2025101908030707,ララアヴリル,0.4154,3.7,0.537,0,0,5000,0,5000
2025101908030710,ダノンフィーゴ,0.3677,1.5,-0.448,0,0,5000,0,5000
2025101908030711,エンブロイダリー,0.5054,5.5,1.78,0,5000,5000,0,10000
2025101908030712,テスティモーネ,0.4798,3.3,0.583,0,0,5000,0,5000
2025102504040301,ラテラルパーム,0.4525,3.4,0.539,0,0,5000,0,5000
2025102504040303,ホノボノ,0.298,45.0,12.408,3100,3100,3100,700,10000
2025102504040304,カロローザ,0.4095,5.2,1.129,0,5000,0,0,5000
2025102504040305,ショウサンジョージ,0.4656,4.8,1.235,0,0,5000,0,5000
2025102504040306,コンフォルツァ,0.3411,8.1,1.763,4100,4100,1800,0,10000
2025102504040307,ヒラボクカレラ,0.1782,5.6,-0.002,0,3400,0,0,3400
2025102504040309,スペルキャスター,0.0485,31.2,0.512,400,1200,0,0,1600
2025102504040310,アスクシュタイン,0.4264,4.5,0.919,0,0,5000,0,5000
2025102504040311,シンハナーダ,0.3873,5.6,1.169,0,5000,5000,0,10000
2025102504040312,ワタシマツワ,0.2912,16.6,3.834,3100,3100,3100,800,10100
2025102505040801,ケイアイアギト,0.7909,3.6,1.847,0,0,5000,0,5000
2025102505040802,ヒズマスターピース,0.579,5.4,2.127,0,5000,4400,0,9400
2025102505040803,ノーウェアマン,0.562,29.5,15.58,3300,3300,3300,0,9900
2025102505040804,ジャレッド,0.6554,1.6,0.049,0,0,5000,0,5000
2025102505040805,マテンロウゼロ,0.7143,18.5,12.214,2500,2500,2500,2500,10000
2025102505040806,ホウオウルクソール,0.7038,6.0,3.223,0,5000,0,0,5000
2025102505040808,レイニング,0.7482,3.0,1.245,0,0,5000,0,5000
2025102505040809,エフォートレス,0.2069,7.6,0.573,0,5000,5000,0,10000
2025102505040811,フィロステファニ,0.6722,3.9,1.622,0,0,5000,0,5000
2025102505040812,フウセツ,0.2772,2.7,-0.252,0,0,5000,0,5000
2025102508030801,ホールオブミラーズ,0.5097,4.5,1.294,0,0,5000,0,5000
2025102508030802,ゴールデンスラム,0.8063,3.3,1.661,0,0,5000,0,5000
2025102508030803,フロムレイブン,0.4345,4.6,0.999,0,0,5000,0,5000
2025102508030804,ヴィンテージボンド,0.1314,9.0,0.182,600,3000,2800,0,6400
2025102508030805,メランコリニスタ,0.5926,20.7,11.267,2500,2500,2500,2500,10000
2025102508030806,フレグレイ,0.7644,3.1,1.369,0,0,5000,0,5000
2025102508030807,アークドール,0.2013,11.1,1.234,3100,5000,1400,0,9500
2025102508030809,タガノマカシヤ,0.3299,1.9,-0.373,0,0,5000,0,5000
2025102508030810,スリールミニョン,0.5185,5.5,1.851,0,5000,0,0,5000
2025102508030811,オーロラエックス,0.3597,3.9,0.403,0,0,5000,0,5000
2025102508030812,イガッチ,0.4642,10.2,3.735,2500,2500,2500,2500,10000
2025102604040401,ガーネットテソーロ,0.8182,6.3,4.155,0,5000,5000,0,10000
2025102604040404,エアビッグマム,0.2566,11.3,1.9,2900,3200,3200,600,9900
2025102604040405,オーライカモン,0.4564,12.0,4.477,3300,3300,3300,0,9900
2025102604040406,セレジェイラ,0.3802,3.6,0.369,0,0,5000,0,5000
2025102604040407,ダノンジャイアン,0.3979,13.6,4.412,2500,2500,2500,2500,10000
2025102604040409,ジャズ,0.4425,6.3,1.787,0,5000,5000,0,10000
2025102604040410,ディーガレジェンド,0.2509,9.0,1.258,2800,3600,3600,0,10000
2025102604040411,イコサン,0.1553,3.4,-0.472,0,0,3900,0,3900
2025102604040412,オトメナシャチョウ,0.4896,6.2,2.035,0,5000,5000,0,10000
2025102605040901,スリーコーズ,0.4306,1.7,-0.268,0,0,5000,0,5000
2025102605040904,マルベリーシチー,0.3921,5.3,1.078,0,5000,0,0,5000
2025102605040905,ヴァリスマリネリス,0.713,3.4,1.424,0,0,5000,0,5000
2025102605040906,エゴンウレア,0.2718,12.6,2.425,2500,2500,2500,2500,10000
2025102605040908,サンタンカ,0.3242,7.9,1.561,0,5000,0,0,5000
2025102605040909,ベルダイナフェロー,0.2304,6.0,0.383,0,5000,5000,0,10000
2025102605040911,インユアパレス,0.2166,2.8,-0.393,0,0,5000,0,5000
2025102605040912,チュウワチーフ,0.119,3.4,-0.595,0,0,600,0,600
2025102608030902,マイリトルヒーロー,0.4029,2.8,0.128,0,0,5000,0,5000
2025102608030903,メイショウソラリス,0.7057,6.7,3.728,0,5000,0,0,5000
2025102608030904,ダノンバーボン,0.7862,5.4,3.246,0,5000,5000,0,10000
2025102608030905,テルヒコウ,0.809,7.0,4.663,0,5000,5000,0,10000
2025102608030906,テイエムパイロット,0.3772,13.2,3.979,2500,2500,2500,2500,10000
2025102608030910,コトホドサヨウニ,0.2849,13.2,2.761,2500,2500,2500,2500,10000
2025102608030911,エネルジコ,0.6469,3.8,1.458,0,0,5000,0,5000
2025102608030912,ジェネラーレ,0.3514,23.8,7.364,2600,2600,2600,2100,9900
2025110105041001,アルカディアカフェ,0.5782,1.3,-0.248,0,0,5000,0,5000
2025110105041004,ビルバンテ,0.7143,12.8,8.143,3300,3300,3300,0,9900
2025110105041007,ロングウェイホーム,0.3224,16.1,4.191,2900,2900,2900,1300,10000
2025110105041011,レガーロデルシエロ,0.0876,7.3,-0.36,0,0,900,0,900
2025110105041012,ジーティーダーリン,0.5731,7.6,3.355,0,5000,0,0,5000
2025110108031001,メイショウテリオス,0.5601,20.5,10.483,2500,2500,2500,2500,10000
2025110108031002,トモジャプレジール,0.284,21.2,5.02,3600,3600,2600,200,10000
2025110108031003,フォルナックス,0.6854,1.9,0.302,0,0,5000,0,5000
2025110108031004,メイショウウネビ,0.2298,15.8,2.631,3300,3800,2600,300,10000
2025110108031006,クレマチス,0.5432,15.9,7.636,3300,3300,3300,100,10000
2025110108031007,ララアヴリル,0.4845,5.7,1.761,0,5000,5000,0,10000
2025110108031008,メイショウツヨキ,0.33,10.9,2.597,2500,2500,2500,2500,10000
2025110108031010,テーオーグランビル,0.3418,5.3,0.812,0,5000,0,0,5000
2025110108031011,ブラックチャリス,0.4218,4.3,0.814,0,0,5000,0,5000
2025110108031012,オリバナム,0.3384,21.0,6.107,3300,3300,3300,200,10100
2025110205041105,アローメタル,0.4903,1.3,-0.363,0,0,100,0,100
2025110205041106,ポッドベル,0.2792,9.6,1.68,3300,3400,3400,0,10100
2025110205041108,アッカン,0.3439,11.8,3.057,3200,3200,3200,500,10100
2025110205041109,アンパドゥ,0.5751,2.0,0.15,0,0,5000,0,5000
2025110208031102,ワンダフルボンド,0.8296,1.5,0.244,0,0,5000,0,5000
2025110208031103,メイショウカクウチ,0.402,5.3,1.13,0,5000,0,0,5000
2025110208031105,ヒシアイラ,0.4491,2.0,-0.102,0,0,5000,0,5000
2025110208031106,ゴールドダイアー,0.5838,3.0,0.751,0,0,5000,0,5000
2025110208031107,オメガナビゲーター,0.1393,15.0,1.089,1500,4000,3700,800,10000
2025110208031108,ゲッティヴィラ,0.2729,5.1,0.392,0,5000,4000,0,9000
2025110208031109,パイロマンサー,0.5981,3.0,0.794,0,0,5000,0,5000
2025110208031110,ヴォランテ,0.2295,9.4,1.157,2500,3700,3700,0,9900
2025110208031111,ラケマーダ,0.1331,14.9,0.983,1800,4700,2400,100,9000
2025110208031112,リチャードバローズ,0.2565,4.3,0.103,0,0,5000,0,5000
2025110803030101,オトシダマ,0.5268,6.6,2.477,0,5000,900,0,5900
2025110803030102,ハーディジェナー,0.5949,4.4,1.618,0,0,5000,0,5000
2025110803030103,イサギ,0.7172,6.0,3.303,0,5000,5000,0,10000
2025110803030105,ディヴァインスカイ,0.6961,6.9,3.803,0,5000,5000,0,10000
2025110803030106,スナークピカソ,0.2692,1.8,-0.516,0,0,5000,0,5000
2025110803030107,バシレイア,0.2229,17.1,2.812,2900,3200,3200,600,9900
2025110803030108,ゲーベル,0.3444,9.2,2.169,3300,3300,3300,0,9900
2025110803030109,パナランギン,0.0784,225.6,16.692,1900,3600,1300,200,7000
2025110803030110,イツモニコニコ,0.3115,35.4,10.028,2600,2600,2600,2100,9900
2025110803030111,ソルトクィーン,0.1898,4.1,-0.222,0,0,4000,0,4000
2025110803030112,タイセイマンボ,0.2107,15.1,2.181,2100,2700,2700,2500,10000
2025110805050101,プルメリアリノ,0.3204,4.0,0.282,0,0,5000,0,5000
2025110805050103,グリーンエナジー,0.8348,2.1,0.753,0,0,5000,0,5000
2025110805050104,プールナバドラ,0.7647,2.4,0.835,0,0,5000,0,5000
2025110805050105,ラヴェニュー,0.8286,2.5,1.071,0,0,5000,0,5000
2025110805050106,レオアジャイル,0.3827,25.6,8.798,3300,3300,3300,0,9900
2025110805050107,ドントゥザムーン,0.2857,2.9,-0.172,0,0,5000,0,5000
2025110805050108,クロシェットノエル,0.2248,9.3,1.09,3300,5000,0,0,8300
2025110805050110,アルゴナヴィス,0.1927,9.5,0.83,1900,4000,4000,0,9900
2025110805050111,ダイヤモンドノット,0.604,1.8,0.087,0,0,5000,0,5000
2025110808040102,ナムラコスモス,0.451,9.9,3.465,3300,3300,3300,0,9900
2025110808040103,ネッタイヤライ,0.4797,3.5,0.679,0,0,5000,0,5000
2025110808040106,コスモレッド,0.6098,7.9,3.817,0,5000,0,0,5000
2025110808040108,レッドバロッサ,0.3094,3.8,0.176,0,0,5000,0,5000
2025110808040109,トゥロン,0.2476,11.2,1.773,2400,2800,2800,2000,10000
2025110808040110,アイサンサン,0.3941,3.9,0.537,0,0,5000,0,5000
2025110808040111,メイショウホウレン,0.3717,8.0,1.974,3300,3300,3300,0,9900
2025110808040112,ノーランサンライズ,0.426,12.9,4.495,2500,2500,2500,2400,9900
2025110903030206,アースインハマー,0.7618,5.9,3.494,0,5000,5000,0,10000
2025110903030207,ホウオウブースター,0.2306,30.7,6.081,3200,3200,3200,400,10000
2025110903030208,リアルファインド,0.1214,93.0,10.29,2600,4600,2300,500,10000
2025110903030209,ウインシャーガス,0.1209,3.3,-0.601,0,0,2200,0,2200
2025110903030210,アレナパラシオ,0.2606,65.6,16.095,2500,2500,2500,2500,10000
2025110903030211,レイピア,0.1937,4.0,-0.225,0,0,4900,0,4900
2025110903030212,バンディート,0.1732,8.6,0.49,1600,5000,200,0,6800
2025110905050201,マカレイ,0.5676,2.3,0.305,0,0,5000,0,5000
2025110905050203,シャルトル,0.6068,7.5,3.551,0,5000,5000,0,10000
2025110905050205,ヴォートセレスト,0.82,4.1,2.362,0,0,5000,0,5000
2025110905050206,ピースサイン,0.7124,11.7,7.335,2500,2500,2500,2500,10000
2025110905050207,ツーネサーン,0.2855,7.3,1.084,0,5000,5000,0,10000
2025110905050208,ラストシャリナ,0.259,23.6,5.113,2900,2900,2900,1400,10100
2025110905050209,エコロレーヴ,0.345,39.6,12.664,2500,2500,2500,2500,10000
2025110905050210,ウィクトルウェルス,0.5256,1.4,-0.264,0,0,5000,0,5000
2025110908040201,ムテキシャチョウ,0.6849,10.7,6.328,2500,2500,2500,2500,10000
2025110908040202,タイムレスキス,0.5665,2.2,0.246,0,0,5000,0,5000
2025110908040203,マテンロウゲイル,0.6404,1.8,0.153,0,0,5000,0,5000
2025110908040204,シャープインサイト,0.5465,94.9,50.861,2500,2500,2500,2500,10000
2025110908040205,ロブチェン,0.707,2.9,1.05,0,0,5000,0,5000
2025110908040207,サークルオブジョイ,0.6902,4.5,2.106,0,0,5000,0,5000
2025110908040210,ショウナンアビアス,0.2277,16.1,2.666,2300,2600,2600,2600,10100
2025110908040211,ダブルハートボンド,0.595,6.0,2.57,0,5000,5000,0,10000
2025110908040212,メイショウセイロウ,0.3504,11.6,3.064,2500,2500,2500,2500,10000
2025111503030301,ロミオ,0.3971,5.5,1.184,0,5000,0,0,5000
2025111503030302,プレゼンティーア,0.5133,4.5,1.31,0,0,5000,0,5000
2025111503030303,アメティスタ,0.4689,1.9,-0.109,0,0,5000,0,5000
2025111503030304,ロンドンオービタル,0.3374,5.1,0.721,0,5000,5000,0,10000
2025111503030305,ショウグンマサムネ,0.4648,4.6,1.138,0,0,4700,0,4700
2025111503030306,キャストロププ,0.3345,6.6,1.208,0,5000,5000,0,10000
2025111503030307,クインズスピカ,0.2667,17.2,3.588,3100,3100,3100,600,9900
2025111503030308,ブリヤディアマンテ,0.1514,19.5,1.952,2600,5000,1700,0,9300
2025111503030309,マテンロウギフト,0.4115,16.1,5.625,2500,2500,2500,2500,10000
2025111503030310,テーオールビー,0.3029,6.1,0.847,0,5000,0,0,5000
2025111503030312,ヤマニンレセディ,0.2648,4.0,0.059,0,0,5000,0,5000
2025111505050303,ムーランオランジュ,0.7852,7.9,5.203,0,5000,5000,0,10000
2025111505050304,オルフセン,0.5842,2.7,0.577,0,0,5000,0,5000
2025111505050305,コレオシークエンス,0.8045,3.2,1.574,0,0,5000,0,5000
2025111505050306,マスターソアラ,0.6542,9.5,5.215,3400,3400,3200,0,10000
2025111505050308,プラチナトレジャー,0.3335,5.3,0.767,0,5000,0,0,5000
2025111505050309,ロフティストーリー,0.2647,8.3,1.197,2900,3500,3500,0,9900
2025111505050311,ルクソールカフェ,0.6271,4.5,1.822,0,0,5000,0,5000
2025111505050312,ダノンセンチュリー,0.5944,2.1,0.248,0,0,5000,0,5000
2025111508040302,スマートジュリアス,0.7446,1.2,-0.106,0,0,5000,0,5000
2025111508040304,ソルパッサーレ,0.7403,7.2,4.33,0,5000,5000,0,10000
2025111508040306,プリンセスモコ,0.2107,1.7,-0.642,0,0,5000,0,5000
2025111508040308,エアニゲラ,0.4812,34.0,15.362,2500,2500,2500,2500,10000
2025111508040309,イリフィ,0.5234,4.1,1.146,0,0,5000,0,5000
2025111508040310,アイスグリーン,0.171,6.8,0.163,0,4300,2800,0,7100
2025111508040312,ジーティードレス,0.5051,4.7,1.374,0,0,5000,0,5000
2025111603030402,シェリルファミーユ,0.1774,7.3,0.295,0,5000,4600,0,9600
2025111603030403,ユウェンタース,0.5711,16.8,8.594,2500,2500,2500,2500,10000
2025111603030404,ウォーターリーダー,0.2127,9.0,0.914,2900,5000,0,0,7900
2025111603030407,ルシェロアズーリ,0.0828,12.7,0.052,100,1300,1400,0,2800
2025111603030408,ディニトーソ,0.2775,7.3,1.026,0,5000,0,0,5000
2025111603030409,ルージュサウダージ,0.4877,14.6,6.12,2500,2500,2500,2500,10000
2025111603030411,ダンテバローズ,0.1703,3.0,-0.489,0,0,5000,0,5000
2025111603030412,ファイナルヒート,0.2199,13.5,1.969,3400,4400,2200,0,10000
2025111605050402,ランズダウンロード,0.5507,3.4,0.872,0,0,5000,0,5000
2025111605050403,イヌボウノウタゴエ,0.6479,2.6,0.685,0,0,5000,0,5000
2025111605050404,アジアントレジャー,0.7229,22.6,15.337,2500,2500,2500,2500,10000
2025111605050405,マテンロウネイビー,0.6032,14.5,7.746,3000,3000,3000,1100,10100
2025111605050406,キョウエイカンセ,0.1121,8.7,-0.025,0,1500,500,0,2000
2025111605050408,キングノジョー,0.4706,9.4,3.424,3300,3300,3300,0,9900
2025111605050411,レイベリング,0.124,28.3,2.508,2000,4300,3100,600,10000
2025111605050412,プルミエソルティ,0.6021,6.2,2.733,0,5000,5000,0,10000
2025111608040401,エイシンビリオン,0.7703,37.1,27.576,2500,2500,2500,2500,10000
2025111608040402,カネコメブライト,0.5222,10.6,4.535,2500,2500,2500,2500,10000
2025111608040403,エイシンティザー,0.6982,5.8,3.05,0,5000,5000,0,10000
2025111608040404,アンコールアゲイン,0.4864,7.6,2.697,0,5000,0,0,5000
2025111608040406,バッハアルプゼー,0.4709,2.2,0.036,0,0,5000,0,5000
2025111608040407,ゴールデンクラウド,0.4318,1.8,-0.223,0,0,5000,0,5000
2025111608040408,ブルクトーア,0.3207,6.8,1.181,0,5000,5000,0,10000
2025111608040409,サンダーストラック,0.3745,5.3,0.985,0,5000,5000,0,10000
2025111608040411,レガレイラ,0.2762,2.3,-0.365,0,0,5000,0,5000
2025111608040412,ガイアメンテ,0.3809,2.7,0.028,0,0,5000,0,5000
2025112203030501,ウィングブルー,0.5914,2.6,0.538,0,0,5000,0,5000
2025112203030502,ビーアイフォルテ,0.3009,63.5,18.107,3500,3500,2600,300,9900
2025112203030503,ブリッジエフェクト,0.4057,3.0,0.217,0,0,5000,0,5000
2025112203030504,マルベリーシチー,0.5242,1.8,-0.057,0,0,2600,0,2600
2025112203030506,モリノアミーゴ,0.2341,13.0,2.044,2200,2600,2600,2600,10000
2025112203030507,アロンソア,0.6602,7.3,3.82,0,5000,5000,0,10000
2025112203030509,スナークピカソ,0.5856,3.2,0.874,0,0,5000,0,5000
2025112203030511,ニシノティアモ,0.232,3.9,-0.095,0,0,5000,0,5000
2025112203030512,レイユール,0.1899,5.9,0.12,0,4800,3400,0,8200
2025112208040502,ジャスティンダラス,0.7644,1.1,-0.159,0,0,1700,0,1700
2025112208040504,ヴィスコンテッサ,0.7661,11.7,7.964,2500,2500,2500,2500,10000
2025112208040505,アルトラムス,0.7353,2.2,0.618,0,0,5000,0,5000
2025112208040506,カタリテ,0.4493,6.0,1.696,0,5000,5000,0,10000
2025112208040507,アイブリンク,0.4137,16.6,5.867,2500,2500,2500,2500,10000
2025112208040510,ダノンシーマ,0.4864,2.1,0.021,0,0,5000,0,5000
2025112305050501,ドナソール,0.5694,49.9,27.415,2500,2500,2500,2500,10000
2025112305050503,ピエドゥラパン,0.5581,3.1,0.73,0,0,5000,0,5000
2025112305050504,フルミネブル,0.4051,2.9,0.175,0,0,5000,0,5000
2025112305050505,ノーブルサヴェージ,0.8464,3.9,2.301,0,0,5000,0,5000
2025112305050506,カーラデマドレ,0.4628,3.7,0.712,0,0,5000,0,5000
2025112305050507,タイキインドラ,0.5704,8.6,3.905,3300,3300,3300,0,9900
2025112305050508,セギレエルビエント,0.1576,7.7,0.213,0,4000,4100,0,8100
2025112305050509,ヒズマスターピース,0.3313,8.8,1.916,3300,3300,3300,0,9900
2025112305050510,エンペラーズソード,0.1797,3.3,-0.407,0,0,3200,0,3200
2025112305050511,ウェイワードアクト,0.2598,2.1,-0.454,0,0,5000,0,5000
2025112305050512,ピコローズ,0.2031,10.6,1.153,2800,4700,2400,100,10000
2025112308040601,ホットシート,0.7796,2.6,1.027,0,0,5000,0,5000
2025112308040603,レッドラージャ,0.5668,8.3,3.705,3300,3300,3300,0,9900
2025112308040605,スカイスプレンダー,0.8826,1.5,0.324,0,0,5000,0,5000
2025112308040606,サディーク,0.2679,17.6,3.715,2500,2500,2500,2500,10000
2025112308040607,セイキュート,0.1502,12.5,0.878,1700,4500,3600,100,9900
2025112308040609,ダノンフェアレディ,0.5154,4.1,1.113,0,0,5000,0,5000
2025112308040610,ヒルノドゴール,0.3521,7.7,1.711,0,5000,5000,0,10000
2025112308040611,アスコリピチェーノ,0.461,7.5,2.457,0,5000,0,0,5000
2025112308040612,アンクルクロス,0.3704,9.9,2.667,3300,3300,3300,0,9900
2025112403030602,フィールオーサム,0.2114,3.4,-0.281,0,0,5000,0,5000
2025112403030603,レイザリオ,0.3969,20.7,7.215,2500,2500,2500,2400,9900
2025112403030604,オステリア,0.4178,1.8,-0.248,0,0,5000,0,5000
2025112403030605,ファンクション,0.4675,30.5,13.259,3300,3300,3300,0,9900
2025112403030606,ジャスパールビー,0.7063,6.5,3.591,0,5000,5000,0,10000
2025112403030607,レグザゴン,0.7534,41.3,30.117,2500,2500,2500,2500,10000
2025112403030608,カウンターセブン,0.1049,4.4,-0.538,0,0,1500,0,1500
2025112403030609,カーミングライツ,0.4494,3.0,0.348,0,0,5000,0,5000
2025112403030610,ノーランサンライズ,0.1705,13.8,1.352,1900,3600,3600,800,9900
2025112403030611,シェットランド,0.1879,50.7,8.526,3400,4000,2300,300,10000
2025112405050601,カレイジャスビート,0.5726,6.1,2.493,0,5000,5000,0,10000
2025112405050602,ミッキーダムール,0.8226,1.9,0.563,0,0,5000,0,5000
2025112405050603,ティラーノ,0.5613,22.7,11.741,2500,2500,2500,2500,10000
2025112405050605,スリーピース,0.5833,8.6,4.017,3300,3300,3300,0,9900
2025112405050606,フェルミアーク,0.8196,1.5,0.229,0,0,300,0,300
2025112405050607,カフェラバー,0.6782,5.9,3.002,0,5000,0,0,5000
2025112405050608,パラサイコロジー,0.5587,2.1,0.173,0,0,5000,0,5000
2025112405050609,パッションリッチ,0.2253,5.8,0.306,0,5000,5000,0,10000
2025112405050611,パントルナイーフ,0.561,7.3,3.095,0,5000,5000,0,10000
2025112405050612,ベストシーン,0.2291,7.1,0.627,0,5000,0,0,5000
2025112905050701,セントゴーデンス,0.6732,10.7,6.203,2500,2500,2500,2500,10000
2025112905050702,アグネスクレスト,0.5545,17.3,8.592,3300,3300,3300,0,9900
2025112905050703,ブリガンティン,0.0566,97.9,4.539,1200,2400,0,0,3600
2025112905050704,オクトーバーナイン,0.7747,20.7,15.036,3100,3100,3100,700,10000
2025112905050705,ヴァロアーク,0.7792,2.4,0.87,0,0,5000,0,5000
2025112905050707,サトノパトリオット,0.2306,1.6,-0.631,0,0,5000,0,5000
2025112905050708,ヴァナルガンド,0.3115,3.7,0.152,0,0,5000,0,5000
2025112905050709,サトノボヤージュ,0.4118,1.7,-0.3,0,0,5000,0,5000
2025112905050710,エストレヤデベレン,0.3951,4.5,0.778,0,0,5000,0,5000
2025112905050711,ブエナオンダ,0.258,8.8,1.27,2900,3500,3500,0,9900
2025112908040702,セイントホース,0.5972,100.3,58.896,2500,2500,2500,2500,10000
2025112908040706,バートラガッツ,0.8306,1.8,0.495,0,0,5000,0,5000
2025112908040707,レベルスルール,0.3077,6.0,0.846,0,5000,5000,0,10000
2025112908040708,ボルセーナ,0.1885,25.7,3.845,2400,3000,3000,1600,10000
2025112908040709,カペルブリュッケ,0.2792,5.1,0.424,0,5000,0,0,5000
2025112908040710,モズナナスター,0.2143,22.9,3.908,2500,2700,2700,2000,9900
2025112908040711,ロックターミガン,0.4508,11.5,4.184,2500,2500,2500,2500,10000
2025113005050801,ヒナノムサシ,0.6177,10.2,5.3,2500,2500,2500,2500,10000
2025113005050802,ゴバド,0.5042,7.4,2.731,0,5000,0,0,5000
2025113005050804,ファムクラジューズ,0.8127,8.0,5.501,5000,5000,0,0,10000
2025113005050807,メッエフアパラ,0.2996,10.3,2.086,2500,2500,2500,2500,10000
2025113005050808,ドリームコア,0.4847,2.1,0.018,0,0,5000,0,5000
2025113005050809,レイニング,0.4913,3.3,0.621,0,0,5000,0,5000
2025113005050810,シャパリュ,0.4434,27.0,10.972,2500,2500,2500,2500,10000
2025113005050811,ヴィレム,0.2794,3.2,-0.106,0,0,5000,0,5000
2025113005050812,カランダガン,0.4083,6.2,1.531,0,5000,0,0,5000
2025113008040801,ジャンシ,0.5944,5.3,2.15,0,5000,0,0,5000
2025113008040803,オンザマーチ,0.531,12.4,5.585,2500,2500,2500,2500,10000
2025113008040804,アンビシャスヨシノ,0.1894,5.0,-0.053,0,3200,0,0,3200
2025113008040807,ドゥラエテルノ,0.3085,6.3,0.943,0,5000,5000,0,10000
2025113008040809,マーゴットラヴミー,0.3,3.8,0.14,0,0,5000,0,5000
2025113008040810,ヒルノハンブルク,0.2449,3.7,-0.094,0,0,5000,0,5000
2025113008040811,ジャスティンアース,0.1956,4.3,-0.159,0,0,5000,0,5000
2025120606050102,ハニーオーケストラ,0.8294,8.1,5.718,3300,3300,3300,0,9900
2025120606050103,スミッコディスコ,0.4396,5.9,1.593,0,5000,0,0,5000
2025120606050104,オルブライト,0.6388,65.8,41.032,2500,2500,2500,2500,10000
2025120606050105,ゴディアーモ,0.7809,2.0,0.562,0,0,5000,0,5000
2025120606050107,タイセイピューマ,0.1665,15.2,1.531,2700,5000,2200,100,10000
2025120606050108,フォージドブリック,0.3931,5.2,1.044,0,5000,5000,0,10000
2025120606050109,サノノグレーター,0.364,6.9,1.512,0,5000,5000,0,10000
2025120606050111,ホーエリート,0.3611,4.4,0.589,0,0,5000,0,5000
2025120606050112,マリノトニトゥルス,0.114,28.2,2.215,2000,4500,2800,300,9600
2025120607050101,スーパーガール,0.2709,34.7,8.401,3500,3500,3000,100,10100
2025120607050102,ハヤテノツバサ,0.406,5.6,1.274,0,5000,5000,0,10000
2025120607050103,キャットテイル,0.3394,133.3,44.246,2500,2500,2500,2500,10000
2025120607050105,アクロフェイズ,0.2682,6.5,0.744,0,5000,0,0,5000
2025120607050106,ベイラム,0.3493,6.6,1.305,0,5000,5000,0,10000
2025120607050107,ストーンズ,0.253,2.0,-0.494,0,0,5000,0,5000
2025120607050108,エアビッグマム,0.3612,10.3,2.721,2500,2500,2500,2500,10000
2025120607050109,クールデイトナ,0.4322,5.5,1.377,0,5000,0,0,5000
2025120607050110,ゼットエール,0.2202,1.3,-0.714,0,0,5000,0,5000
2025120607050111,レディマリオン,0.1742,3.6,-0.373,0,0,5000,0,5000
2025120609050101,ウーマンズパワー,0.5062,1.6,-0.19,0,0,5000,0,5000
2025120609050102,ヴォーカライズ,0.5185,2.2,0.141,0,0,5000,0,5000
2025120609050103,グランドオーパス,0.5251,8.9,3.673,3300,3300,3300,0,9900
2025120609050105,エルハーベン,0.7798,3.9,2.041,0,0,5000,0,5000
2025120609050107,サンライズシュガー,0.1654,76.5,11.652,2700,3400,3400,500,10000
2025120609050108,メイショウツヨキ,0.4251,36.4,14.472,2500,2500,2500,2500,10000
2025120609050110,ドラゴンウェルズ,0.6037,3.3,0.992,0,0,5000,0,5000
2025120609050112,マイエレメント,0.5127,2.8,0.435,0,0,5000,0,5000
2025120706050202,テルケンレンスキー,0.3885,5.2,1.02,0,5000,0,0,5000
2025120706050205,ニシノセイドウ,0.5788,14.9,7.623,2500,2500,2500,2500,10000
2025120706050209,ソーダーンライト,0.3948,2.2,-0.131,0,0,5000,0,5000
2025120706050210,クラウンシエンタ,0.2334,2.5,-0.416,0,0,5000,0,5000
2025120706050211,フィオライア,0.314,15.3,3.804,2500,2500,2500,2500,10000
2025120706050212,リザードアイランド,0.3638,1.6,-0.418,0,0,5000,0,5000
2025120707050201,リベッチオ,0.7997,2.5,0.999,0,0,5000,0,5000
2025120707050202,アクアマリーナ,0.1845,7.2,0.329,0,5000,0,0,5000
2025120707050203,ジーティーダーリン,0.5576,3.6,1.007,0,0,5000,0,5000
2025120707050205,ゴーゴーリチャード,0.7217,7.5,4.413,0,5000,0,0,5000
2025120707050206,ボディブロー,0.4473,7.7,2.444,0,5000,0,0,5000
2025120707050208,サンタンカ,0.246,2.5,-0.385,0,0,5000,0,5000
2025120707050209,エイシンナデシコ,0.167,25.5,3.258,2200,3400,3400,1100,10100
2025120707050211,ダブルハートボンド,0.48,7.3,2.504,0,5000,0,0,5000
2025120707050212,ホウオウレイヴン,0.4035,6.6,1.663,0,5000,5000,0,10000
2025120709050202,ジョアン,0.7184,2.5,0.796,0,0,5000,0,5000
2025120709050204,マテンロウゼロ,0.3208,7.7,1.47,0,5000,3600,0,8600
2025120709050205,アンソニー,0.1353,4.4,-0.405,0,0,2700,0,2700
2025120709050207,モンテディアーナ,0.2242,2.9,-0.35,0,0,2600,0,2600
2025120709050208,ジーティームソウ,0.2484,8.0,0.987,2600,3700,3700,0,10000
2025120709050210,レディネス,0.3846,8.0,2.077,3300,3300,3300,0,9900
2025120709050212,チューラワンサ,0.2957,4.0,0.183,0,0,5000,0,5000
2025121306050301,ベアアッコチャン,0.0956,14.4,0.376,700,2400,0,0,3100
2025121306050303,バルボアパーク,0.5544,2.8,0.552,0,0,5000,0,5000
2025121306050304,ガンダ,0.4201,3.7,0.554,0,0,5000,0,5000
2025121306050305,ベンヴェヌータ,0.7402,17.0,11.583,3300,3300,3300,0,9900
2025121306050306,タイセイエムロード,0.6695,205.7,136.707,3200,3200,3200,400,10000
2025121306050307,レイユール,0.3727,13.7,4.106,2700,2700,2700,1900,10000
2025121306050308,スマートカイロス,0.551,9.6,4.289,3300,3300,3300,0,9900
2025121306050309,マーブルパレス,0.3837,10.5,3.029,2500,2500,2500,2500,10000
2025121306050310,モンドプリューム,0.2906,20.3,4.898,2600,2600,2600,2100,9900
2025121306050311,マイネルオーシャン,0.1047,29.0,2.035,1800,4100,2200,400,8500
2025121306050312,シュヴァルボヌール,0.5381,1.7,-0.085,0,0,5000,0,5000
2025121307050302,ノビル,0.2852,20.5,4.848,3100,3100,3100,700,10000
2025121307050305,シルバーリム,0.6683,16.4,9.96,2500,2500,2500,2500,10000
2025121307050306,フィールオーサム,0.1015,3.0,-0.696,0,0,1200,0,1200
2025121307050307,キャピタルリッチ,0.2958,13.3,2.935,2500,2500,2500,2400,9900
2025121307050308,マジックローズ,0.4696,5.7,1.677,0,5000,5000,0,10000
2025121307050309,プレセピオ,0.2202,51.5,10.342,4200,4200,1600,100,10100
2025121307050310,タイセイミッション,0.2774,11.7,2.245,2500,2500,2500,2500,10000
2025121307050311,シンハナーダ,0.1513,5.0,-0.244,0,0,5000,0,5000
2025121307050312,ワインクーラー,0.2727,6.9,0.882,0,5000,5000,0,10000
2025121309050301,パドゼフィール,0.5628,34.1,18.19,2500,2500,2500,2500,10000
2025121309050303,ナクソス,0.714,3.7,1.642,0,0,5000,0,5000
2025121309050304,ロードリベラシオン,0.3417,21.1,6.209,2500,2500,2500,2500,10000
2025121309050305,ダノンハドソン,0.8157,3.0,1.447,0,0,5000,0,5000
2025121309050306,メイショウリュウシ,0.7988,7.0,4.592,0,5000,2600,0,7600
2025121309050307,ヨカオウ,0.7126,8.2,4.843,3300,3300,3300,0,9900
2025121309050309,コロナドブリッジ,0.4886,7.5,2.665,0,5000,5000,0,10000
2025121309050310,ポルポラジール,0.1996,40.1,7.002,2900,3200,3200,600,9900
2025121309050312,アラベラ,0.445,7.4,2.293,0,5000,0,0,5000
2025121406050401,ヴェネチアンキング,0.5063,1.4,-0.291,0,0,5000,0,5000
2025121406050402,ツルノマイハシ,0.2708,14.2,2.845,2500,2500,2500,2500,10000
2025121406050403,ラージアンサンブル,0.6878,5.1,2.508,0,5000,5000,0,10000
2025121406050407,タガノアバンドーネ,0.2807,4.3,0.207,0,0,5000,0,5000
2025121406050408,ダカラフェスティヴ,0.4758,12.0,4.709,2500,2500,2500,2500,10000
2025121406050409,イガッチ,0.3737,7.0,1.616,0,5000,5000,0,10000
2025121406050411,サンライズアムール,0.2078,19.9,3.135,2100,2600,2600,2600,9900
2025121406050412,ハニードレス,0.224,29.2,5.541,2600,2700,2700,2000,10000
2025121407050402,クラシオン,0.3662,17.4,5.373,2500,2500,2500,2500,10000
2025121407050405,ウルフ,0.6458,2.8,0.808,0,0,5000,0,5000
2025121407050406,テンミラクルスター,0.3098,3.3,0.022,0,0,2100,0,2100
2025121407050407,コウジョリョウゾク,0.0411,19.4,-0.202,0,100,200,0,300
2025121407050408,キョウエイカンセ,0.2549,5.0,0.275,0,5000,0,0,5000
2025121407050409,レッドボブ,0.2687,3.5,-0.06,0,0,5000,0,5000
2025121407050412,カウンティフェア,0.0947,25.7,1.435,1500,3400,900,0,5800
2025121409050401,クレマチス,0.5326,12.1,5.444,3200,3200,3200,400,10000
2025121409050402,カナタコナタ,0.6202,5.4,2.349,0,5000,0,0,5000
2025121409050406,カネコメブライト,0.2598,22.6,4.871,2500,2500,2500,2500,10000
2025121409050408,クーデール,0.3903,16.9,5.596,2500,2500,2500,2500,10000
2025121409050410,レッドプロフェシー,0.2134,6.2,0.323,0,5000,0,0,5000
2025121409050411,スターアニス,0.4941,5.0,1.471,0,5000,5000,0,10000
2025121409050412,ネーヴェフレスカ,0.1851,5.5,0.018,0,3800,4300,0,8100
2025122006050501,シュピラー,0.4424,3.3,0.46,0,0,800,0,800
2025122006050502,ケイツーリーブル,0.7753,8.0,5.202,3300,3300,3300,0,9900
2025122006050503,ミスターライト,0.6963,2.6,0.81,0,0,5000,0,5000
2025122006050504,ゴールドブレイズ,0.2953,7.3,1.155,0,5000,0,0,5000
2025122006050506,リュクスパトロール,0.7792,72.4,55.416,3200,3200,3200,300,9900
2025122006050508,ダンケルド,0.1818,4.2,-0.237,0,0,3900,0,3900
2025122006050512,ロサンゼルス,0.4122,12.2,4.029,2500,2500,2500,2500,10000
2025122007050502,アクアマリーナ,0.2672,2.6,-0.305,0,0,5000,0,5000
2025122007050503,スルーザナイト,0.3931,6.8,1.673,0,5000,0,0,5000
2025122007050505,ロードメルヴェイユ,0.3721,5.7,1.121,0,5000,5000,0,10000
2025122007050506,タガノヘラクレス,0.4566,4.3,0.963,0,0,5000,0,5000
2025122007050507,シルフズミスチーフ,0.4412,12.3,4.427,2500,2500,2500,2500,10000
2025122007050508,モアリジット,0.2364,9.1,1.152,3600,5000,1300,0,9900
2025122007050509,タマモイカロス,0.2456,2.7,-0.337,0,0,5000,0,5000
2025122007050510,トルーマンテソーロ,0.1973,33.9,5.687,3300,3800,2700,200,10000
2025122007050512,ガンマジーティーピ,0.1727,5.0,-0.136,0,1600,0,0,1600
2025122009050501,ゴールデンバランス,0.6548,13.8,8.036,2500,2500,2500,2500,10000
2025122009050504,ルドヴィクス,0.1476,8.0,0.181,600,3500,4400,0,8500
2025122009050505,スピナーリート,0.6532,27.2,16.768,2500,2500,2500,2500,10000
2025122009050506,メイショウコマチ,0.3746,17.0,5.367,2500,2500,2500,2500,10000
2025122009050508,メイショウゴールド,0.5218,18.0,8.393,2500,2500,2500,2500,10000
2025122009050509,ロックターミガン,0.6982,15.0,9.473,2500,2500,2500,2500,10000
2025122009050511,デュガ,0.2762,10.6,1.928,2800,2800,2800,1500,9900
2025122106050602,ヘルメスギャング,0.5014,71.9,35.054,2500,2500,2500,2500,10000
2025122106050603,ロンギングセリーヌ,0.4207,5.5,1.314,0,5000,5000,0,10000
2025122106050604,ダノンロッキー,0.2378,3.8,-0.096,0,0,3100,0,3100
2025122106050605,ロデオドライブ,0.4627,8.4,2.886,5000,5000,0,0,10000
2025122106050606,ファンシーズ,0.3087,5.0,0.543,0,5000,0,0,5000
2025122106050607,ジッピーチューン,0.4529,3.7,0.676,0,0,700,0,700
2025122106050608,サトミノエンジェル,0.3657,2.4,-0.122,0,0,5000,0,5000
2025122106050610,イムホテプ,0.4226,2.1,-0.113,0,0,5000,0,5000
2025122106050611,ドラゴンブースト,0.2198,7.3,0.605,0,5000,0,0,5000
2025122107050601,マッドゲイル,0.4107,2.4,-0.014,0,0,4300,0,4300
2025122107050604,ペアレンツギフト,0.5011,3.0,0.503,0,0,5000,0,5000
2025122107050605,ペルセポネ,0.4806,6.8,2.268,0,5000,5000,0,10000
2025122107050607,エメラヴィ,0.3223,5.3,0.708,0,5000,5000,0,10000
2025122107050608,ミトノオルフェ,0.4388,12.8,4.617,3200,3200,3200,300,9900
2025122107050610,ディヴァインスター,0.3317,5.5,0.824,0,5000,5000,0,10000
2025122107050612,ララマセラシオン,0.1921,21.1,3.054,3100,4100,2600,200,10000
2025122109050601,ソルチェリア,0.5882,5.3,2.118,0,5000,5000,0,10000
2025122109050602,ブルーマッキンジー,0.404,9.2,2.716,3300,3300,3300,0,9900
2025122109050603,エイズルブルーム,0.4131,17.9,6.395,2500,2500,2500,2500,10000
2025122109050604,ケイアイアマゾン,0.4997,119.2,58.562,2500,2500,2500,2500,10000
2025122109050605,トリニティ,0.5106,9.0,3.595,3300,3300,3300,0,9900
2025122109050607,クラヴァンス,0.2979,26.7,6.953,2500,2500,2500,2500,10000
2025122109050608,トゥーザムーン,0.3533,5.7,1.014,0,5000,0,0,5000
2025122109050609,ヒルノドゴール,0.2712,9.6,1.603,3200,3400,3400,0,10000
2025122109050610,ルシュヴァルドール,0.2357,19.9,3.691,2500,2500,2500,2500,10000
2025122109050611,カヴァレリッツォ,0.4273,3.6,0.538,0,0,5000,0,5000
2025122706050701,スーパーガール,0.4568,5.3,1.421,0,5000,0,0,5000
2025122706050702,パッセージピーク,0.749,11.6,7.688,2500,2500,2500,2500,10000
2025122706050704,ポッドクロス,0.2867,7.0,1.007,0,5000,5000,0,10000
2025122706050707,ウィッシュツリー,0.3136,2.6,-0.185,0,0,5000,0,5000
2025122706050709,ルシード,0.188,2.6,-0.511,0,0,2400,0,2400
2025122706050711,テーオーアルアイン,0.4577,87.8,39.19,2500,2500,2500,2500,10000
2025122709050701,ファイブタンゴ,0.5158,8.8,3.539,5000,5000,0,0,10000
2025122709050704,フレイムスター,0.4693,51.8,23.308,2500,2500,2500,2500,10000
2025122709050705,ショウナンハヤナミ,0.7757,3.8,1.948,0,0,5000,0,5000
2025122709050708,ゲイルライダー,0.1708,4.8,-0.18,0,0,5000,0,5000
2025122709050709,アスミル,0.4285,7.3,2.128,0,5000,5000,0,10000
2025122709050710,ハナウマビーチ,0.285,4.2,0.197,0,0,5000,0,5000
2025122709050711,ルガル,0.2391,7.1,0.698,0,5000,5000,0,10000
2025122806050801,ピュール,0.2109,96.7,19.391,3100,3100,3100,700,10000
2025122806050802,タイセツナヒ,0.5666,6.7,2.796,0,5000,0,0,5000
2025122806050803,ニシノセイドウ,0.6383,10.7,5.83,3200,3200,3200,400,10000
2025122806050805,クラウトロック,0.826,1.9,0.569,0,0,5000,0,5000
2025122806050806,コンジェスタス,0.83,8.3,5.889,3300,3300,3300,0,9900
2025122806050807,タイセイルヴァン,0.1502,8.5,0.277,900,4000,4000,0,8900
2025122806050808,ジェイエルマスター,0.4631,3.0,0.389,0,0,5000,0,5000
2025122806050810,ワークソング,0.125,8.3,0.037,0,2100,3000,0,5100
2025122806050811,アドマイヤテラ,0.4752,50.3,22.9,2500,2500,2500,2500,10000
2025122806050812,ジョイフルニュース,0.2783,2.6,-0.276,0,0,5000,0,5000
2025122809050803,ストームゲイル,0.6837,2.5,0.709,0,0,5000,0,5000
2025122809050805,ナックエルドラド,0.4906,18.5,8.076,2600,2600,2600,2100,9900
2025122809050807,ニューオーリンズ,0.3606,5.9,1.128,0,5000,0,0,5000
2025122809050808,ゴールドダイアー,0.1683,4.6,-0.226,0,0,5000,0,5000
2025122809050811,ノーブルロジャー,0.291,5.3,0.542,0,5000,0,0,5000
2025122809050812,サウンドモリアーナ,0.384,9.6,2.687,3300,3300,3300,0,9900
