race_code,bamei,barei,bataiju,zogen_sa,zogen_fugo,kishumei_ryakusho,pred_chakujun,actual_chakujun,odds,hit
2025010506010101,ダイチラポール,3,476.0,2.0,1.0,長浜鴻緒,1,5,7.3,0
2025010506010102,ロンパイア,3,474.0,2.0,-1.0,戸崎圭太,1,2,7.5,0
2025010506010103,ウィンターサン,3,454.0,0.0,0.0,佐々木大,2,9,7.5,0
2025010506010104,ロードブレイズ,4,506.0,8.0,1.0,横山和生,1,1,5.7,1
2025010506010105,フィールドノート,3,450.0,0.0,0.0,マーカン,1,1,7.2,1
2025010506010106,トーセンリバーブ,3,466.0,0.0,0.0,菊沢一樹,1,3,114.7,0
2025010506010107,イラーナ,4,434.0,6.0,-1.0,津村明秀,2,4,5.7,0
2025010506010108,レオテミス,4,490.0,0.0,0.0,石田拓郎,1,1,4.2,1
2025010506010109,マンマリアーレ,5,476.0,2.0,1.0,荻野極　,1,7,4.7,0
2025010506010110,ギフテッド,3,458.0,0.0,0.0,菅原明良,1,8,28.3,0
2025010506010111,ボーンディスウェイ,6,498.0,6.0,1.0,木幡巧也,2,3,16.5,0
2025010506010112,モンドプリューム,5,504.0,2.0,1.0,藤岡佑介,1,3,5.8,0
2025010507010101,ミラクルブルー,3,482.0,2.0,1.0,鮫島克駿,1,5,18.3,0
2025010507010102,セルズパワー,3,468.0,4.0,1.0,幸英明　,1,1,4.9,1
2025010507010103,カルテシウス,3,480.0,10.0,1.0,川田将雅,1,6,4.5,0
2025010507010104,テスティモーネ,3,512.0,0.0,0.0,国分優作,1,6,40.1,0
2025010507010105,ジーティーアダマン,3,502.0,0.0,0.0,松山弘平,1,1,4.6,1
2025010507010106,パルクリチュード,5,450.0,2.0,1.0,西村淳也,1,2,5.1,0
2025010507010107,バルティカ,3,444.0,10.0,1.0,キング　,1,4,22.1,0
2025010507010108,ナッカーフェイス,6,468.0,6.0,1.0,高倉稜　,1,1,48.8,1
2025010507010109,ハヤテノフクノスケ,4,534.0,18.0,1.0,岩田望来,1,1,3.2,1
2025010507010110,カンパニョーラ,6,452.0,4.0,-1.0,西村淳也,1,6,13.4,0
2025010507010111,シュバルツカイザー,7,504.0,0.0,0.0,岩田望来,1,7,50.0,0
2025010507010112,ブリックワーク,4,434.0,2.0,1.0,岩田望来,1,5,3.4,0
2025010606010201,ガンハンマー,3,434.0,10.0,1.0,キング　,1,4,6.2,0
2025010606010202,フォンデネージュ,3,512.0,2.0,1.0,ドイル　,1,3,4.4,0
2025010606010203,ロードスカイブルー,3,468.0,4.0,1.0,横山和生,1,4,33.9,0
2025010606010204,ロサンゼルス,4,518.0,4.0,1.0,マーカン,1,3,4.3,0
2025010606010205,ストレイトトーカー,3,480.0,0.0,0.0,大野拓弥,1,1,5.3,1
2025010606010206,クモヒトツナイ,3,478.0,6.0,1.0,松岡正海,2,10,20.5,0
2025010606010207,ゴーソーファー,3,460.0,4.0,1.0,津村明秀,1,1,36.5,1
2025010606010208,フェーレンベルク,5,494.0,14.0,1.0,上野翔　,1,1,11.6,1
2025010606010209,メイショウフジ,5,480.0,6.0,1.0,大野拓弥,1,1,7.6,1
2025010606010210,アスクナイスショー,4,494.0,2.0,1.0,田辺裕信,1,1,4.1,1
2025010606010211,デイトナモード,5,548.0,10.0,1.0,ドイル　,1,9,30.5,0
2025010606010212,ディズレーリ,5,510.0,6.0,-1.0,内田博幸,1,5,21.9,0
2025010607010201,メリッササンライズ,3,464.0,0.0,0.0,古川吉洋,1,13,8.6,0
2025010607010202,ハヤテノツバサ,3,488.0,2.0,-1.0,鮫島克駿,1,4,8.4,0
2025010607010203,フィリップバローズ,3,456.0,0.0,0.0,松山弘平,1,1,6.9,1
2025010607010204,チュウジョウ,3,500.0,0.0,0.0,Ｍ．デム,1,3,31.0,0
2025010607010205,ライノ,3,522.0,4.0,1.0,北村友一,1,4,42.2,0
2025010607010206,ハリウッドメモリー,3,456.0,2.0,-1.0,団野大成,1,12,4.9,0
2025010607010207,ヒロノラメール,4,484.0,6.0,1.0,西村淳也,1,5,6.9,0
2025010607010208,カルパ,4,440.0,6.0,-1.0,川田将雅,2,2,6.8,0
2025010607010209,スリリングチェイス,5,510.0,4.0,-1.0,西村淳也,1,1,5.1,1
2025010607010210,シュタールヴィント,5,446.0,4.0,-1.0,藤岡佑介,1,9,22.3,0
2025010607010211,ゴールデンスナップ,5,458.0,10.0,-1.0,浜中俊　,1,1,3.4,1
2025010607010212,ナムラエイハブ,4,516.0,14.0,1.0,松山弘平,1,1,5.6,1
2025011106010301,エベリンテソーロ,3,470.0,2.0,1.0,横山武史,1,1,3.9,1
2025011106010302,ダカラフェスティヴ,3,458.0,2.0,1.0,戸崎圭太,1,2,3.0,0
2025011106010303,プロフェータ,3,470.0,10.0,1.0,キング　,1,2,12.6,0
2025011106010304,ワンダーイロネ,3,458.0,0.0,0.0,丸山元気,1,1,3.5,1
2025011106010305,エナジーショット,3,420.0,0.0,0.0,横山琉人,1,1,43.4,1
2025011106010306,ベルイストワール,4,542.0,4.0,1.0,キング　,1,5,5.0,0
2025011106010307,ニシノヒナアラレ,3,474.0,2.0,-1.0,野中悠太,1,1,35.3,1
2025011106010308,スーパーマン,5,496.0,4.0,1.0,長浜鴻緒,1,1,4.2,1
2025011106010309,オリーブグリーン,3,534.0,10.0,-1.0,菅原明良,1,9,34.5,0
2025011106010310,ビーアイオラクル,6,500.0,4.0,1.0,キング　,1,1,6.0,1
2025011106010311,ウインルーティン,5,476.0,4.0,1.0,横山和生,2,7,16.4,0
2025011106010312,ツルマウカタチ,4,474.0,2.0,-1.0,丸山元気,2,3,3.2,0
2025011107010301,エンマ,3,466.0,2.0,1.0,藤岡佑介,1,1,9.9,1
2025011107010302,ワイルドブッター,3,516.0,24.0,1.0,吉村誠之,1,1,3.3,1
2025011107010303,クインズショコラ,3,498.0,0.0,0.0,Ｍ．デム,1,3,7.1,0
2025011107010304,ダミエ,5,466.0,6.0,-1.0,武豊　　,1,1,4.2,1
2025011107010305,ディスパラール,3,428.0,0.0,0.0,Ｍ．デム,1,6,5.0,0
2025011107010306,フードマン,3,464.0,2.0,-1.0,松山弘平,1,1,3.9,1
2025011107010307,アレナパラシオ,4,470.0,8.0,1.0,田口貫太,1,11,26.7,0
2025011107010308,マイネルエール,6,462.0,4.0,-1.0,大江原圭,1,2,27.7,0
2025011107010309,パワーホール,4,494.0,0.0,0.0,横山典弘,1,1,10.5,1
2025011107010310,タマモプルメリア,4,452.0,8.0,-1.0,高杉吏麒,1,14,58.7,0
2025011107010311,サトノルフィアン,6,530.0,14.0,1.0,永島まな,1,3,13.8,0
2025011107010312,デアリングエア,3,452.0,2.0,-1.0,松山弘平,1,8,7.7,0
2025011206010401,ロンドンキッド,3,432.0,4.0,-1.0,丹内祐次,2,8,42.4,0
2025011206010402,エテオクロス,3,522.0,4.0,-1.0,横山武史,2,14,12.0,0
2025011206010403,クラウンウルル,3,482.0,4.0,-1.0,佐々木大,1,1,32.5,1
2025011206010404,チュウワクリスエス,3,478.0,0.0,0.0,原田和真,1,3,5.0,0
2025011206010405,ニシノエピカリ,3,406.0,4.0,-1.0,田辺裕信,1,1,8.1,1
2025011206010406,マイレーヌ,5,518.0,0.0,0.0,斎藤新　,1,2,6.3,0
2025011206010407,マイネルバーテクス,4,520.0,28.0,1.0,石橋脩　,1,13,25.3,0
2025011206010408,ペネトレイトゴー,5,440.0,8.0,-1.0,吉村誠之,4,2,5.3,0
2025011206010409,キャントウェイト,4,472.0,2.0,1.0,丹内祐次,1,4,3.5,0
2025011206010410,プリンスミノル,6,468.0,2.0,1.0,田辺裕信,2,11,29.8,0
2025011206010411,エリカエクスプレス,3,456.0,0.0,0.0,戸崎圭太,1,1,5.9,1
2025011206010412,テセラリアン,4,438.0,12.0,1.0,石橋脩　,2,2,5.4,0
2025011207010401,ロックウイズユー,3,452.0,2.0,-1.0,坂井瑠星,1,4,7.0,0
2025011207010402,レッドシュテルン,3,498.0,10.0,1.0,ルメート,2,15,7.0,0
2025011207010403,チムニーパイプ,3,422.0,2.0,1.0,松山弘平,1,4,11.2,0
2025011207010404,メイショウコホク,8,512.0,6.0,1.0,小坂忠士,1,1,20.2,1
2025011207010405,メイショウカスガイ,3,508.0,0.0,0.0,角田大和,1,2,41.4,0
2025011207010406,レーゼドラマ,3,462.0,6.0,-1.0,西村淳也,1,1,58.9,1
2025011207010407,ピエマンソン,3,472.0,4.0,1.0,池添謙一,1,2,21.2,0
2025011207010408,ヨシノヤッタルデー,4,456.0,0.0,0.0,永島まな,1,4,10.7,0
2025011207010409,ペンナヴェローチェ,4,500.0,2.0,-1.0,川田将雅,2,2,4.7,0
2025011207010410,ヒルノローザンヌ,6,492.0,4.0,1.0,池添謙一,1,1,50.1,1
2025011207010411,バルサムノート,5,522.0,10.0,1.0,鮫島克駿,1,2,4.5,0
2025011207010412,フライングブレード,5,492.0,2.0,1.0,浜中俊　,1,4,20.0,0
2025011306010501,アサクサグレース,3,462.0,2.0,1.0,杉原誠人,2,2,10.3,0
2025011306010502,カフェノーチェ,3,530.0,6.0,1.0,北村宏司,1,7,9.2,0
2025011306010503,ミュークチェルシー,3,460.0,0.0,0.0,吉田豊　,1,8,3.6,0
2025011306010504,オステリア,6,520.0,0.0,0.0,高田潤　,1,5,5.6,0
2025011306010505,マイネルブリオン,3,480.0,0.0,0.0,佐々木大,1,5,12.6,0
2025011306010506,カーミングライツ,3,520.0,2.0,-1.0,横山和生,1,1,3.8,1
2025011306010507,チムグクル,3,422.0,0.0,0.0,佐々木大,1,3,5.2,0
2025011306010508,タイセイアディクト,4,496.0,10.0,1.0,マーカン,1,2,3.7,0
2025011306010509,ユアフラッシュ,5,464.0,2.0,1.0,キング　,1,9,4.4,0
2025011306010510,レベレンシア,6,506.0,2.0,1.0,横山武史,1,12,16.5,0
2025011306010511,マルディランダ,5,490.0,10.0,1.0,横山武史,1,8,19.7,0
2025011306010512,ボーモンド,4,492.0,2.0,1.0,マーカン,1,1,5.8,1
2025011307010501,レイバックスピン,3,484.0,0.0,0.0,ルメート,2,14,11.8,0
2025011307010502,ホウショウマリス,3,456.0,6.0,-1.0,武豊　　,1,3,15.2,0
2025011307010503,ジーティーアメリカ,3,520.0,2.0,-1.0,藤岡佑介,1,1,10.6,1
2025011307010504,ヨリノレジェンド,3,460.0,0.0,0.0,川田将雅,1,1,3.1,1
2025011307010505,ハクサンアイリス,3,490.0,0.0,0.0,小崎綾也,1,4,3.9,0
2025011307010506,プウスカンドゥール,5,462.0,2.0,-1.0,ルメート,1,1,4.0,1
2025011307010507,ファームツエンティ,5,464.0,4.0,-1.0,池添謙一,2,9,35.6,0
2025011307010508,グラヴィス,4,496.0,4.0,-1.0,坂井瑠星,1,1,3.9,1
2025011307010509,エムズマインド,5,518.0,6.0,-1.0,団野大成,1,1,9.0,1
2025011307010510,マリアナトレンチ,5,480.0,2.0,1.0,鮫島克駿,1,3,36.8,0
2025011307010511,メイショウツヨキ,3,472.0,14.0,1.0,北村友一,1,14,73.1,0
2025011307010512,ロードトレイル,4,488.0,10.0,1.0,高杉吏麒,1,1,23.2,1
2025011806010601,ダイチラポール,3,476.0,0.0,0.0,長浜鴻緒,1,5,12.7,0
2025011806010602,フジレイメイ,3,482.0,2.0,-1.0,松岡正海,1,3,5.0,0
2025011806010603,マウントバーノン,3,522.0,0.0,0.0,大野拓弥,1,2,7.1,0
2025011806010604,カイトレッド,8,494.0,10.0,1.0,上野翔　,3,6,7.5,0
2025011806010605,トレサフィール,3,466.0,6.0,-1.0,横山和生,1,2,7.9,0
2025011806010606,オセアエクスプレス,4,488.0,6.0,1.0,横山武史,1,8,3.5,0
2025011806010607,アンブロジアーナ,6,434.0,2.0,1.0,長浜鴻緒,1,8,70.5,0
2025011806010608,ネイト,6,460.0,6.0,1.0,長浜鴻緒,1,2,60.8,0
2025011806010609,ピコローズ,3,436.0,2.0,1.0,田辺裕信,1,2,31.7,0
2025011806010610,マーブルロック,5,514.0,2.0,1.0,三浦皇成,1,1,4.7,1
2025011806010611,ジャスティンスカイ,6,536.0,4.0,-1.0,戸崎圭太,1,6,12.0,0
2025011806010612,ビジューブリランテ,7,496.0,4.0,1.0,キング　,1,7,32.7,0
2025011807010601,ハヤテノツバサ,3,486.0,2.0,-1.0,鮫島克駿,1,4,9.8,0
2025011807010602,ソードナイト,3,482.0,10.0,-1.0,小沢大仁,3,3,57.2,0
2025011807010603,ベルギューン,3,470.0,0.0,0.0,高杉吏麒,1,1,4.9,1
2025011807010604,ロードラビリンス,3,486.0,2.0,-1.0,西村淳也,1,2,11.1,0
2025011807010605,メイショウビストロ,3,444.0,2.0,-1.0,菱田裕二,1,2,14.3,0
2025011807010606,アスクセクシーモア,3,484.0,4.0,1.0,武豊　　,1,1,5.5,1
2025011807010607,レイワサンサン,4,498.0,14.0,1.0,鮫島克駿,1,3,3.2,0
2025011807010608,サクラトップヒル,6,498.0,6.0,-1.0,水口優也,1,1,3.8,1
2025011807010609,アウトドライブ,4,562.0,10.0,-1.0,幸英明　,1,5,7.5,0
2025011807010610,インブロリオ,3,468.0,10.0,-1.0,ルメート,1,2,35.6,0
2025011807010611,ローズスター,5,464.0,8.0,1.0,団野大成,1,5,7.1,0
2025011807010612,プロトポロス,5,490.0,4.0,-1.0,西村淳也,1,3,17.1,0
2025011906010701,ロッカバイベイビー,3,446.0,16.0,-1.0,小林脩斗,1,6,90.6,0
2025011906010702,トラストモアリズム,3,420.0,10.0,-1.0,荻野極　,1,10,19.8,0
2025011906010703,キタノブレイク,3,478.0,0.0,0.0,丹内祐次,1,2,4.6,0
2025011906010704,ディナースタ,6,480.0,10.0,1.0,高田潤　,1,1,4.8,1
2025011906010705,ホウオウショコラ,3,482.0,0.0,0.0,佐々木大,1,1,6.1,1
2025011906010706,フィリップバローズ,3,458.0,2.0,1.0,キング　,1,7,6.8,0
2025011906010707,マーゴットミニモ,5,482.0,6.0,-1.0,荻野極　,1,13,78.1,0
2025011906010708,キョウエイブリッサ,5,488.0,22.0,1.0,原優介　,1,12,29.4,0
2025011906010709,ポルカリズム,5,490.0,12.0,1.0,三浦皇成,1,4,10.3,0
2025011906010710,ジャスパーゴールド,7,472.0,20.0,1.0,横山和生,1,1,195.1,1
2025011906010711,ゲルチュタール,3,534.0,14.0,1.0,三浦皇成,1,10,5.3,0
2025011906010712,ショウナンマリーナ,3,428.0,4.0,1.0,戸崎圭太,1,1,4.3,1
2025011907010701,アオイレーギーナ,3,476.0,2.0,1.0,鮫島克駿,1,1,3.9,1
2025011907010702,ロードトルネード,3,472.0,0.0,0.0,長岡禎仁,1,1,5.2,1
2025011907010703,サンライズブレイク,3,504.0,8.0,-1.0,西村淳也,1,1,5.0,1
2025011907010704,パーフェクト,3,492.0,8.0,-1.0,吉村誠之,3,3,17.8,0
2025011907010705,シェーラ,3,400.0,0.0,0.0,鮫島克駿,1,5,54.1,0
2025011907010706,ペイシャヴァルツー,3,444.0,2.0,-1.0,団野大成,1,10,6.6,0
2025011907010707,ヴォルスター,4,438.0,0.0,0.0,吉村誠之,2,1,5.3,1
2025011907010708,ヒルノドゴール,4,524.0,24.0,1.0,武豊　　,1,9,4.1,0
2025011907010709,エグランタイン,6,444.0,10.0,-1.0,岩田望来,2,3,8.2,0
2025011907010710,モンドプリューム,5,504.0,0.0,0.0,横山武史,1,2,24.2,0
2025011907010711,バトルボーン,6,500.0,8.0,1.0,横山武史,1,8,35.6,0
2025011907010712,サク,6,452.0,2.0,-1.0,団野大成,1,3,5.1,0
2025012506010801,テルユアワールド,3,450.0,14.0,1.0,キング　,1,1,4.6,1
2025012506010802,プロフェータ,3,466.0,4.0,-1.0,キング　,1,4,4.4,0
2025012506010803,サブアトミック,3,460.0,2.0,-1.0,長浜鴻緒,1,5,10.3,0
2025012506010804,パーソナルアフェア,3,442.0,0.0,0.0,横山和生,1,1,3.1,1
2025012506010805,インパクトシー,3,510.0,0.0,0.0,横山琉人,2,2,7.6,0
2025012506010806,ダンツファイター,3,556.0,4.0,-1.0,三浦皇成,1,4,12.8,0
2025012506010807,マイレーヌ,5,516.0,2.0,-1.0,横山琉人,1,1,6.6,1
2025012506010808,アースイオス,4,532.0,0.0,0.0,小林凌大,1,2,16.1,0
2025012506010809,ポッドテオ,4,476.0,2.0,1.0,キング　,2,3,4.5,0
2025012506010810,アピーリングルック,4,472.0,0.0,0.0,戸崎圭太,1,1,3.3,1
2025012506010811,パトリックハンサム,6,476.0,8.0,1.0,横山和生,1,16,44.4,0
2025012506010812,フォルテム,3,472.0,4.0,-1.0,長浜鴻緒,1,3,5.0,0
2025012507010801,クライスラー,3,442.0,2.0,1.0,吉村誠之,2,2,13.5,0
2025012507010802,コウジョリョウゾク,3,468.0,0.0,0.0,荻野琢真,1,5,163.0,0
2025012507010803,コリエドール,3,450.0,0.0,0.0,団野大成,1,5,14.3,0
2025012507010804,インディゴ,3,482.0,0.0,0.0,団野大成,1,1,4.5,1
2025012507010805,ゼンダンハヤブサ,3,444.0,2.0,-1.0,団野大成,1,5,5.4,0
2025012507010806,マーゴットカーラ,3,420.0,8.0,-1.0,菱田裕二,1,4,13.3,0
2025012507010807,ヒロノラメール,4,488.0,4.0,1.0,西村淳也,1,1,3.4,1
2025012507010808,アンジュフィールド,5,458.0,2.0,1.0,高杉吏麒,1,2,5.9,0
2025012507010809,エンジェルマーク,3,452.0,4.0,1.0,団野大成,1,6,17.5,0
2025012507010810,ショーヘーフェイス,5,546.0,4.0,-1.0,幸英明　,2,7,5.4,0
2025012507010811,メイショウコガシラ,5,500.0,6.0,-1.0,団野大成,2,5,5.3,0
2025012507010812,アラナコア,4,494.0,0.0,0.0,菱田裕二,2,6,8.2,0
2025012510010101,クロノスバレット,3,498.0,0.0,0.0,岩田望来,1,3,23.9,0
2025012510010102,レディエンス,3,442.0,2.0,-1.0,田口貫太,1,3,46.3,0
2025012510010103,クーデール,3,442.0,4.0,1.0,河原田菜,1,1,11.9,1
2025012510010104,スズカキング,8,458.0,12.0,-1.0,小野寺祐,3,3,5.6,0
2025012510010105,アンクルブラック,5,476.0,8.0,-1.0,高田潤　,1,1,3.7,1
2025012510010106,スリーラーケン,3,496.0,0.0,0.0,川端海翼,1,5,19.8,0
2025012510010107,サークルオブジョイ,4,492.0,8.0,1.0,北村友一,1,3,36.7,0
2025012510010108,レシプロシティ,5,460.0,4.0,-1.0,丹内祐次,1,1,8.1,1
2025012510010109,アブキールベイ,3,406.0,10.0,-1.0,岩田望来,1,1,14.4,1
2025012510010110,ポワンキュルミナン,5,434.0,8.0,1.0,小沢大仁,1,1,31.2,1
2025012510010111,シンティレーション,6,478.0,2.0,1.0,杉原誠人,1,1,7.8,1
2025012510010112,イリスレーン,5,476.0,2.0,1.0,永島まな,2,2,14.1,0
2025012606010901,マイネルブリオン,3,486.0,6.0,1.0,松岡正海,1,3,77.2,0
2025012606010902,コンティオ,3,450.0,0.0,0.0,横山和生,1,2,6.9,0
2025012606010903,アルデラックス,3,508.0,0.0,0.0,松岡正海,1,2,80.4,0
2025012606010904,ワンダラー,3,520.0,0.0,0.0,内田博幸,1,1,13.5,1
2025012606010905,ピエナフェーヴル,3,454.0,2.0,1.0,菅原明良,2,3,3.6,0
2025012606010906,ディズレーリ,5,510.0,0.0,0.0,横山武史,1,15,35.2,0
2025012606010907,アマイ,5,458.0,0.0,0.0,菅原明良,1,6,60.3,0
2025012606010908,ブレーザー,4,532.0,10.0,1.0,嶋田純次,1,10,18.3,0
2025012606010909,ウィンターベル,3,482.0,2.0,1.0,戸崎圭太,1,7,15.5,0
2025012606010910,タイセイブリリオ,6,482.0,2.0,-1.0,北村宏司,1,1,18.1,1
2025012606010911,チャックネイト,7,498.0,28.0,1.0,キング　,2,13,28.6,0
2025012606010912,ベストオブユー,4,438.0,2.0,-1.0,岩田望来,1,5,9.9,0
2025012607010901,クインズショコラ,3,490.0,8.0,-1.0,Ｍ．デム,1,1,4.7,1
2025012607010902,セイルロケット,3,450.0,6.0,1.0,北村友一,1,7,12.5,0
2025012607010903,タイセイデクスター,3,486.0,10.0,-1.0,坂井瑠星,1,3,13.8,0
2025012607010904,イサナ,3,506.0,12.0,-1.0,松山弘平,1,1,21.9,1
2025012607010905,ラウルベア,3,444.0,0.0,0.0,角田大和,1,1,18.8,1
2025012607010906,ビゾー,3,470.0,6.0,1.0,川田将雅,1,1,5.0,1
2025012607010907,フォルテローザ,4,434.0,8.0,-1.0,坂井瑠星,1,2,4.5,0
2025012607010908,ヴァズレーヌ,4,466.0,4.0,1.0,小崎綾也,2,2,4.5,0
2025012607010909,ノーブルスカイ,4,482.0,18.0,1.0,鮫島克駿,1,5,8.2,0
2025012607010910,レベレンシア,6,504.0,2.0,-1.0,鮫島克駿,1,6,6.5,0
2025012607010911,オメガギネス,5,494.0,0.0,0.0,松山弘平,1,7,4.0,0
2025012607010912,メタルスピード,5,518.0,2.0,-1.0,坂井瑠星,1,7,4.5,0
2025012610010201,ルージュミラージュ,3,444.0,2.0,-1.0,佐々木大,1,8,5.4,0
2025012610010202,ベイビーキッス,3,450.0,6.0,1.0,菊沢一樹,1,2,13.9,0
2025012610010203,バッファローライズ,4,508.0,4.0,1.0,小林脩斗,1,8,110.6,0
2025012610010204,モントライゼ,7,522.0,6.0,1.0,高田潤　,1,1,3.8,1
2025012610010205,ムイ,3,468.0,0.0,0.0,今村聖奈,1,1,7.5,1
2025012610010206,ニホンピロデヴィン,3,436.0,0.0,0.0,小沢大仁,1,1,5.3,1
2025012610010207,ゲンジ,3,432.0,20.0,1.0,小林美駒,2,1,6.9,1
2025012610010208,サトノレイズ,4,456.0,18.0,-1.0,佐々木大,2,5,7.9,0
2025012610010209,キーウェーブ,4,434.0,12.0,1.0,藤岡佑介,1,3,20.3,0
2025012610010210,グランアルティスタ,4,524.0,4.0,1.0,佐々木大,1,1,7.0,1
2025012610010211,セキトバイースト,4,460.0,2.0,1.0,藤岡佑介,1,1,3.5,1
2025012610010212,ドッビアーコ,4,562.0,24.0,1.0,佐々木大,1,1,5.9,1
2025020105010101,キープサインオン,3,472.0,2.0,1.0,団野大成,1,9,21.3,0
2025020105010102,ファミーユウルーズ,3,526.0,2.0,-1.0,武藤雅　,1,1,6.5,1
2025020105010103,ユーディキウム,3,488.0,10.0,1.0,木幡巧也,1,1,10.8,1
2025020105010104,タガノバビロン,3,512.0,0.0,0.0,三浦皇成,1,2,7.8,0
2025020105010105,マテンロウバローズ,3,474.0,0.0,0.0,横山典弘,1,1,4.2,1
2025020105010106,タイセイプランセス,3,406.0,6.0,-1.0,石橋脩　,1,1,12.1,1
2025020105010107,ゴールデンオスカー,4,502.0,12.0,1.0,石川裕紀,1,1,3.5,1
2025020105010108,ハーバーライト,4,532.0,2.0,1.0,津村明秀,1,1,6.9,1
2025020105010109,ナイトアクアリウム,5,494.0,0.0,0.0,長岡禎仁,1,3,6.4,0
2025020105010110,クラスペディア,3,500.0,4.0,1.0,小崎綾也,1,1,4.5,1
2025020105010111,ウンブライル,5,490.0,6.0,1.0,横山武史,1,7,26.7,0
2025020105010112,ショウナンラピダス,4,500.0,0.0,0.0,三浦皇成,1,1,52.4,1
2025020108010101,ヒットザグラウンド,3,440.0,0.0,0.0,岩田望来,1,3,28.6,0
2025020108010102,ロックウイズユー,3,456.0,4.0,1.0,坂井瑠星,1,4,5.2,0
2025020108010103,ハクサンアイリス,3,484.0,6.0,-1.0,西村淳也,1,1,3.1,1
2025020108010104,シャルクハフト,3,488.0,2.0,-1.0,西村淳也,1,2,4.8,0
2025020108010105,ラブミーナッソー,3,466.0,0.0,0.0,藤岡佑介,1,1,3.4,1
2025020108010106,フェアリーライク,3,462.0,0.0,0.0,岩田望来,1,1,5.1,1
2025020108010107,ディーエスショウマ,3,460.0,0.0,0.0,松山弘平,1,4,10.3,0
2025020108010108,サンライズプルート,5,470.0,6.0,-1.0,吉村誠之,1,7,6.7,0
2025020108010109,モンテシート,3,494.0,2.0,-1.0,ルメート,1,1,3.5,1
2025020108010110,ウィープディライト,4,500.0,0.0,0.0,松山弘平,1,1,4.3,1
2025020108010111,サトノアイオライト,4,484.0,8.0,1.0,川田将雅,1,3,8.7,0
2025020108010112,スイープアワーズ,5,452.0,0.0,0.0,坂井瑠星,2,1,3.2,1
2025020110010301,フェアリーメドウ,3,468.0,12.0,-1.0,古川吉洋,1,1,7.0,1
2025020110010302,エバーグルーヴ,3,414.0,0.0,0.0,高杉吏麒,1,3,6.8,0
2025020110010303,フラッシング,4,488.0,6.0,1.0,鮫島克駿,1,1,5.0,1
2025020110010304,フレッチア,10,496.0,4.0,1.0,草野太郎,1,4,3.4,0
2025020110010305,トランシルヴァニア,8,502.0,2.0,-1.0,上野翔　,1,3,3.8,0
2025020110010306,セサンパ,3,430.0,2.0,1.0,菊沢一樹,1,1,92.0,1
2025020110010307,コスモアンソロジー,3,456.0,0.0,0.0,丹内祐次,1,2,6.8,0
2025020110010308,キタサンダムール,5,484.0,12.0,-1.0,古川奈穂,1,5,6.6,0
2025020110010309,スマートケープ,5,498.0,14.0,1.0,佐々木大,1,15,8.0,0
2025020110010310,デルマシルフ,6,478.0,4.0,-1.0,菱田裕二,2,9,8.4,0
2025020110010311,フィオライア,4,474.0,4.0,1.0,国分恭介,1,1,6.1,1
2025020110010312,レディメローラ,5,406.0,8.0,-1.0,丸山元気,1,8,6.7,0
2025020205010201,スマイルディシー,3,460.0,2.0,1.0,原優介　,1,1,13.3,1
2025020205010202,クロックフォード,5,496.0,14.0,1.0,原優介　,1,3,4.8,0
2025020205010203,ルヴァレドクール,3,506.0,2.0,1.0,横山和生,1,1,5.4,1
2025020205010204,ウィテカービート,3,510.0,0.0,0.0,横山典弘,1,1,9.3,1
2025020205010205,アールヴィヴァン,3,468.0,0.0,0.0,田辺裕信,1,2,4.9,0
2025020205010206,ジャサルディア,3,472.0,0.0,0.0,池添謙一,1,4,10.0,0
2025020205010207,マスグラバイト,5,484.0,4.0,1.0,菅原明良,1,1,3.1,1
2025020205010208,ダノンスウィッチ,4,480.0,6.0,-1.0,浜中俊　,1,5,5.8,0
2025020205010209,キングメーカー,3,494.0,12.0,1.0,Ｍ．デム,1,4,3.6,0
2025020205010210,ハクサンバード,5,486.0,0.0,0.0,小崎綾也,1,8,7.7,0
2025020205010211,ドンフランキー,6,604.0,999.0,0.0,池添謙一,1,13,9.1,0
2025020205010212,スパークリシャール,4,476.0,0.0,0.0,横山和生,2,1,3.2,1
2025020208010201,ハギノコラソン,3,472.0,2.0,1.0,川又賢治,3,3,5.1,0
2025020208010202,ホウショウマリス,3,456.0,0.0,0.0,戸崎圭太,1,2,5.0,0
2025020208010203,クリノラピダス,3,458.0,2.0,1.0,幸英明　,1,1,6.9,1
2025020208010204,フルドド,3,460.0,8.0,-1.0,高杉吏麒,2,7,10.5,0
2025020208010205,ハギノピアチェーレ,3,464.0,0.0,0.0,藤懸貴志,1,1,25.1,1
2025020208010206,プチプランス,3,492.0,10.0,1.0,高杉吏麒,1,2,3.5,0
2025020208010207,メイショウトム,4,488.0,4.0,-1.0,高杉吏麒,1,1,76.1,1
2025020208010208,プルートマスター,6,500.0,2.0,1.0,松山弘平,1,6,16.0,0
2025020208010209,ダブルジョーク,5,556.0,12.0,-1.0,北村友一,1,8,5.2,0
2025020208010210,ミステリーウェイ,7,508.0,8.0,1.0,団野大成,1,3,14.9,0
2025020208010211,ウインカーネリアン,8,522.0,0.0,0.0,三浦皇成,1,3,8.5,0
2025020208010212,フライングブレード,5,492.0,0.0,0.0,三浦皇成,1,1,15.9,1
2025020210010401,ハナウマビーチ,3,520.0,2.0,1.0,菊沢一樹,1,3,7.4,0
2025020210010402,エルサトアナ,3,410.0,6.0,-1.0,松本大輝,1,5,27.6,0
2025020210010403,ダズリングダンス,5,492.0,2.0,-1.0,鮫島克駿,2,2,3.9,0
2025020210010404,ダイスアローリング,4,510.0,4.0,1.0,上野翔　,1,4,15.2,0
2025020210010405,モズリバーシャトー,3,454.0,0.0,0.0,荻野琢真,1,1,79.0,1
2025020210010406,クモヒトツナイ,3,480.0,2.0,1.0,鷲頭虎太,1,1,5.7,1
2025020210010407,レイピカケ,4,456.0,6.0,-1.0,川端海翼,1,3,10.1,0
2025020210010408,シュラザック,3,486.0,2.0,1.0,古川吉洋,1,1,18.7,1
2025020210010409,メイショウノブカ,5,510.0,14.0,-1.0,角田大和,1,8,11.3,0
2025020210010410,イコサン,5,504.0,8.0,1.0,丹内祐次,1,5,4.6,0
2025020210010411,サーマルソアリング,5,488.0,2.0,1.0,古川吉洋,2,2,6.0,0
2025020210010412,イナフセド,5,474.0,8.0,-1.0,秋山稔樹,1,15,6.2,0
2025020805010301,シュレン,3,380.0,8.0,1.0,三浦皇成,2,2,3.7,0
2025020805010302,ハクサンリバーブ,3,474.0,0.0,0.0,内田博幸,4,6,6.8,0
2025020805010303,ハクサンミラクル,3,480.0,8.0,1.0,武藤雅　,2,10,214.6,0
2025020805010304,アルドール,4,510.0,24.0,1.0,石川裕紀,1,1,4.5,1
2025020805010305,ワーキングデライト,3,448.0,0.0,0.0,武藤雅　,1,5,49.3,0
2025020805010306,インパクトシー,3,510.0,0.0,0.0,横山武史,1,2,4.1,0
2025020805010307,フリッカージャブ,3,472.0,2.0,-1.0,三浦皇成,1,11,6.1,0
2025020805010308,トウカイポワール,4,454.0,0.0,0.0,菅原明良,1,4,7.7,0
2025020805010309,キョウエイボニータ,3,454.0,10.0,1.0,松岡正海,1,1,11.8,1
2025020805010310,ニコラウス,4,458.0,18.0,1.0,横山和生,2,7,6.3,0
2025020805010311,マイネルカンパーナ,5,422.0,16.0,1.0,津村明秀,1,1,65.8,1
2025020805010312,ホワイトターフ,6,462.0,2.0,1.0,キング　,1,6,25.6,0
2025020810010501,テーオーマルコーニ,3,500.0,4.0,-1.0,藤岡佑介,1,1,3.7,1
2025020810010502,タガノアビー,3,492.0,6.0,-1.0,藤岡佑介,1,1,3.5,1
2025020810010503,タイセイアレス,4,486.0,2.0,1.0,石田拓郎,1,1,9.7,1
2025020810010504,アンコーナ,4,462.0,10.0,1.0,石神深一,1,7,32.6,0
2025020810010505,ウン,6,482.0,4.0,-1.0,森一馬　,1,1,4.9,1
2025020810010506,シンヒダカゴールド,3,470.0,4.0,-1.0,角田大和,1,9,7.4,0
2025020810010507,ピジョンポイント,3,492.0,6.0,1.0,斎藤新　,1,5,21.9,0
2025020810010508,サイドキック,4,516.0,9.0,1.0,藤岡佑介,1,1,10.7,1
2025020810010509,ビップチェイス,4,460.0,2.0,1.0,菊沢一樹,1,6,14.2,0
2025020810010510,クレバーテースト,6,460.0,6.0,1.0,吉田隼人,1,1,21.5,1
2025020810010511,マリアナトレンチ,5,482.0,2.0,1.0,松若風馬,1,1,8.9,1
2025020810010512,ムチャスグラシアス,4,432.0,2.0,-1.0,丹内祐次,1,3,21.7,0
2025020905010401,ショウナンヤッホー,3,482.0,2.0,1.0,菅原明良,1,1,3.0,1
2025020905010402,キタノブレイク,3,478.0,0.0,0.0,長浜鴻緒,1,3,10.0,0
2025020905010403,ヴォンフレ,3,468.0,0.0,0.0,横山典弘,1,1,4.9,1
2025020905010404,ジェイエルバース,3,506.0,0.0,0.0,田辺裕信,1,5,23.9,0
2025020905010405,メランジェ,3,438.0,0.0,0.0,菅原明良,1,1,4.2,1
2025020905010406,ミトノオルフェ,3,502.0,16.0,1.0,木幡巧也,1,6,36.6,0
2025020905010407,オルノア,5,502.0,8.0,1.0,横山和生,2,6,8.7,0
2025020905010408,ノットファウンド,5,502.0,2.0,1.0,ルメール,1,2,3.0,0
2025020905010409,マーズオデッセイ,3,508.0,4.0,1.0,内田博幸,1,11,158.1,0
2025020905010410,カナテープ,6,472.0,12.0,1.0,キング　,1,1,9.0,1
2025020905010411,ジュンブロッサム,6,478.0,6.0,1.0,戸崎圭太,2,10,9.6,0
2025020905010412,イデアイゴッソウ,4,466.0,2.0,1.0,横山典弘,1,1,3.5,1
2025020908010401,ウォーターパラディ,3,476.0,6.0,1.0,幸英明　,1,1,4.5,1
2025020908010402,メリッササンライズ,3,452.0,12.0,-1.0,高杉吏麒,1,1,5.4,1
2025020908010403,レイザリオ,3,472.0,8.0,-1.0,鮫島克駿,1,1,4.7,1
2025020908010404,クインズショコラ,3,488.0,2.0,-1.0,Ｍ．デム,1,7,44.2,0
2025020908010405,ルージュソリテール,3,430.0,0.0,0.0,西村淳也,1,1,4.9,1
2025020908010406,ホウオウアートマン,3,482.0,0.0,0.0,高杉吏麒,1,1,3.6,1
2025020908010407,モズバンディット,5,462.0,2.0,1.0,幸英明　,4,4,6.5,0
2025020908010408,マキアージュ,6,458.0,0.0,0.0,小林美駒,1,1,3.7,1
2025020908010409,スズカダブル,5,522.0,20.0,1.0,西村淳也,1,4,7.0,0
2025020908010410,ロードアウォード,5,476.0,4.0,1.0,西村淳也,1,1,6.5,1
2025020908010411,ヒルノハンブルク,3,468.0,2.0,1.0,坂井瑠星,1,7,76.8,0
2025020908010412,キタノズエッジ,4,534.0,12.0,-1.0,古川吉洋,1,2,7.4,0
2025020910010601,レジポッセ,3,422.0,8.0,-1.0,菱田裕二,1,1,22.6,1
2025020910010602,ヴォラヴィア,3,450.0,0.0,0.0,秋山稔樹,1,1,9.2,1
2025020910010603,ボルセーナ,3,448.0,4.0,-1.0,石神深道,1,1,14.2,1
2025020910010604,テイエムマジック,7,508.0,2.0,1.0,難波剛健,1,3,23.3,0
2025020910010605,コーチェラバレー,3,436.0,0.0,0.0,斎藤新　,1,1,5.3,1
2025020910010606,ブラックケリー,3,442.0,10.0,1.0,角田大和,1,9,7.1,0
2025020910010607,ステラスプレンダー,4,438.0,2.0,1.0,川端海翼,1,2,27.3,0
2025020910010608,プリズマジコ,4,450.0,6.0,-1.0,秋山稔樹,1,1,3.7,1
2025020910010609,カルプスペルシュ,3,466.0,10.0,1.0,菱田裕二,1,3,4.9,0
2025020910010610,レシプロシティ,5,460.0,0.0,0.0,大野拓弥,1,1,3.2,1
2025020910010611,ホウオウプロサンゲ,4,492.0,0.0,0.0,菱田裕二,1,4,3.6,0
2025020910010612,ダイヤモンドフジ,6,466.0,4.0,1.0,国分恭介,1,1,9.1,1
2025021008010301,エイユーファイヤー,3,500.0,0.0,0.0,中井裕二,2,3,5.1,0
2025021008010302,パーフェクト,3,484.0,8.0,-1.0,吉村誠之,1,3,5.9,0
2025021008010303,レネネト,3,506.0,0.0,0.0,北村友一,1,7,11.8,0
2025021008010304,シャオシンユン,3,438.0,0.0,0.0,松山弘平,2,5,15.3,0
2025021008010305,マジックローズ,3,440.0,0.0,0.0,ルメート,1,9,28.4,0
2025021008010306,スカイサーベイ,4,476.0,0.0,0.0,坂井瑠星,1,3,3.9,0
2025021008010307,チェイスザウェイ,5,476.0,6.0,1.0,田辺裕信,1,3,51.8,0
2025021008010308,ノーブルスカイ,4,482.0,0.0,0.0,鮫島克駿,1,1,6.3,1
2025021008010309,ペプチドヤマト,6,500.0,2.0,1.0,松山弘平,1,1,4.1,1
2025021008010310,ヴーレヴー,3,474.0,18.0,1.0,浜中俊　,1,1,11.7,1
2025021008010311,ブレイクフォース,6,502.0,0.0,0.0,北村友一,1,5,9.8,0
2025021008010312,サンダーバース,4,476.0,2.0,1.0,高杉吏麒,1,8,19.4,0
2025021505010501,マイネルブリオン,3,488.0,2.0,1.0,松岡正海,1,1,28.9,1
2025021505010502,メモリアカフェ,3,496.0,0.0,0.0,長浜鴻緒,1,2,3.4,0
2025021505010503,ライズトゥザトップ,3,488.0,2.0,-1.0,木幡巧也,1,10,25.6,0
2025021505010504,サトノバトラー,7,506.0,6.0,1.0,キング　,1,7,4.6,0
2025021505010505,グッバイウェーブ,3,458.0,12.0,1.0,菅原明良,1,10,132.3,0
2025021505010506,サトノシャルレーヌ,3,456.0,2.0,-1.0,岩田康誠,1,4,22.7,0
2025021505010507,シルバーレイン,3,472.0,2.0,1.0,ルメール,1,1,3.0,1
2025021505010508,エンセリオ,4,440.0,2.0,-1.0,三浦皇成,1,7,87.8,0
2025021505010509,カフェグランデ,4,468.0,6.0,1.0,横山和生,1,7,7.4,0
2025021505010510,ベルウェザー,4,490.0,8.0,1.0,キング　,1,6,9.9,0
2025021505010511,スライビングロード,3,454.0,0.0,0.0,菅原明良,1,5,35.1,0
2025021505010512,エフォートレス,4,478.0,4.0,1.0,横山和生,1,3,3.7,0
2025021508010501,ハヤテノツバサ,3,494.0,8.0,1.0,吉村誠之,1,1,14.0,1
2025021508010502,サンディエゴ,3,490.0,2.0,1.0,岩田望来,1,1,4.9,1
2025021508010503,クイーンズデイ,3,450.0,18.0,1.0,田口貫太,1,8,40.9,0
2025021508010504,ソルトチューダ,3,504.0,0.0,0.0,古川吉洋,1,1,36.5,1
2025021508010505,ペプチドクレマチス,3,450.0,0.0,0.0,酒井学　,1,5,38.0,0
2025021508010506,テレプシコーラ,3,406.0,2.0,1.0,Ｍ．デム,1,8,13.9,0
2025021508010507,ポンピエ,4,450.0,4.0,1.0,松山弘平,2,4,7.4,0
2025021508010508,ダブルジャッジ,4,502.0,2.0,-1.0,Ｍ．デム,1,1,7.0,1
2025021508010509,メイショウツヨキ,3,466.0,6.0,-1.0,北村友一,1,4,8.5,0
2025021508010510,ウエストナウ,4,484.0,14.0,1.0,西村淳也,1,1,6.1,1
2025021508010511,アスクコンナモンダ,6,462.0,4.0,1.0,ルメート,1,6,8.2,0
2025021508010512,ジンセイ,4,510.0,6.0,1.0,西村淳也,1,1,5.0,1
2025021510010701,ダイチラポール,3,470.0,6.0,-1.0,永島まな,1,1,19.1,1
2025021510010702,レディエンス,3,446.0,4.0,1.0,鮫島克駿,1,13,15.1,0
2025021510010703,ワイルドゴーア,3,460.0,2.0,-1.0,石神深道,1,1,4.8,1
2025021510010704,プラチナムレイアー,7,498.0,4.0,-1.0,小牧加矢,1,2,17.3,0
2025021510010705,ジュルナール,3,462.0,6.0,1.0,吉田隼人,1,3,14.1,0
2025021510010706,ブルボンクイーン,4,468.0,4.0,-1.0,国分恭介,2,2,7.7,0
2025021510010707,ミレニアムヒロイン,4,432.0,0.0,0.0,佐々木大,1,4,3.4,0
2025021510010708,サイード,6,496.0,6.0,-1.0,小坂忠士,2,2,15.5,0
2025021510010709,イガッチ,3,476.0,6.0,-1.0,浜中俊　,1,6,4.8,0
2025021510010710,レミージュ,5,442.0,6.0,-1.0,荻野極　,1,10,17.8,0
2025021510010711,トーラスシャイン,4,474.0,4.0,1.0,松本大輝,2,5,5.9,0
2025021510010712,アレナパラシオ,4,468.0,2.0,-1.0,川端海翼,1,2,6.6,0
2025021605010601,ラストシャリナ,3,486.0,4.0,-1.0,石川裕紀,1,2,26.8,0
2025021605010602,グロワールスカイ,3,484.0,4.0,1.0,菅原明良,3,6,5.2,0
2025021605010603,イスラコラソン,3,436.0,0.0,0.0,杉原誠人,1,7,21.3,0
2025021605010604,エンプレスフレーム,3,448.0,2.0,1.0,田辺裕信,1,7,21.1,0
2025021605010605,トレサフィール,3,468.0,2.0,1.0,横山和生,1,1,3.9,1
2025021605010606,イクリール,4,518.0,10.0,1.0,原優介　,1,1,8.9,1
2025021605010607,アイファーバトル,4,460.0,2.0,-1.0,長浜鴻緒,1,1,15.3,1
2025021605010608,キョウエイブリッサ,5,486.0,2.0,-1.0,丸田恭介,1,1,9.1,1
2025021605010609,ポルカリズム,5,488.0,2.0,-1.0,三浦皇成,1,5,13.0,0
2025021605010610,ロードエクレール,7,494.0,16.0,1.0,横山武史,1,1,34.9,1
2025021605010611,ネブラディスク,3,442.0,6.0,-1.0,武豊　　,1,4,5.7,0
2025021605010612,トーセンサウダージ,5,538.0,12.0,1.0,大野拓弥,3,3,13.7,0
2025021608010601,リアルスター,3,542.0,0.0,0.0,田口貫太,1,1,23.4,1
2025021608010602,ショウナンサエッタ,3,520.0,0.0,0.0,池添謙一,1,1,3.5,1
2025021608010603,ランドプリメーロ,3,474.0,0.0,0.0,幸英明　,2,9,107.0,0
2025021608010604,ダイシンリンク,3,456.0,10.0,1.0,岩田康誠,2,5,40.2,0
2025021608010605,オデット,3,446.0,2.0,1.0,吉村誠之,1,1,156.3,1
2025021608010606,ミッキージュエリー,3,488.0,6.0,-1.0,川田将雅,1,1,3.0,1
2025021608010607,ポルトドール,5,464.0,5.0,1.0,角田大和,2,5,108.4,0
2025021608010608,キタサンダムール,5,488.0,4.0,1.0,岩田望来,1,10,13.4,0
2025021608010609,ログラール,4,480.0,0.0,0.0,北村友一,1,4,7.6,0
2025021608010610,タイトニット,5,568.0,2.0,-1.0,松山弘平,1,10,4.5,0
2025021608010611,セイウンハーデス,6,488.0,2.0,-1.0,幸英明　,1,8,8.4,0
2025021608010612,ネイト,6,456.0,4.0,-1.0,吉村誠之,1,2,4.6,0
2025021610010801,サザンティスプーン,3,434.0,6.0,-1.0,石田拓郎,1,1,56.0,1
2025021610010802,マグネシアブリック,3,464.0,6.0,1.0,吉田隼人,1,4,12.5,0
2025021610010803,ジェネラーレ,4,500.0,28.0,1.0,鮫島克駿,1,1,8.2,1
2025021610010804,ビオグラフィア,7,508.0,8.0,1.0,中村将之,1,8,6.4,0
2025021610010805,サミダレナイツ,3,482.0,2.0,-1.0,柴田裕一,1,5,7.9,0
2025021610010806,エルフストラック,4,486.0,10.0,1.0,丹内祐次,1,1,4.8,1
2025021610010807,ローザサンリヴァル,4,512.0,2.0,1.0,鮫島克駿,1,2,4.4,0
2025021610010808,ブリッツクリーク,4,516.0,4.0,-1.0,秋山稔樹,1,2,6.9,0
2025021610010809,ワンダーキサラ,6,472.0,10.0,1.0,太宰啓介,1,2,4.6,0
2025021610010810,メイショウカゼマチ,5,462.0,12.0,1.0,佐々木大,1,1,18.3,1
2025021610010811,キタノエクスプレス,7,506.0,10.0,-1.0,国分優作,1,1,5.0,1
2025021610010812,ダノンアトラス,4,410.0,6.0,1.0,鮫島克駿,3,2,3.5,0
2025022205010701,メリーサウンド,3,448.0,0.0,0.0,横山武史,1,3,12.0,0
2025022205010702,ゲイルライダー,3,494.0,2.0,1.0,高杉吏麒,1,6,4.8,0
2025022205010703,プルシャプラ,3,514.0,2.0,1.0,北村宏司,1,1,7.3,1
2025022205010704,ザカート,3,456.0,0.0,0.0,江田照男,1,9,29.0,0
2025022205010705,ディアボリカドンナ,3,456.0,0.0,0.0,長浜鴻緒,1,4,47.8,0
2025022205010706,フォルテム,3,474.0,2.0,1.0,長浜鴻緒,1,1,6.4,1
2025022205010707,イノセントキャット,4,460.0,8.0,1.0,横山武史,1,1,3.9,1
2025022205010708,ヴィレム,4,518.0,10.0,1.0,横山武史,1,3,3.2,0
2025022205010709,ダノンシーマ,3,488.0,2.0,1.0,藤岡佑介,1,2,3.1,0
2025022205010710,サクラトップリアル,4,510.0,0.0,0.0,横山和生,1,1,3.9,1
2025022205010711,ワープスピード,6,512.0,999.0,0.0,横山武史,4,4,4.6,0
2025022205010712,フィリップ,4,492.0,4.0,-1.0,木幡巧也,2,3,20.3,0
2025022208010701,クリノスワロー,3,490.0,0.0,0.0,岩田望来,1,1,12.1,1
2025022208010702,シークザドリーム,3,508.0,4.0,-1.0,北村友一,1,1,3.1,1
2025022208010703,ランツフート,3,468.0,4.0,1.0,Ｍ．デム,1,1,4.7,1
2025022208010704,ストラテージュ,3,486.0,0.0,0.0,富田暁　,1,10,6.8,0
2025022208010705,サラダ,3,438.0,6.0,-1.0,吉村誠之,2,6,11.4,0
2025022208010706,ブルーペクトライト,5,492.0,2.0,1.0,Ｍ．デム,1,1,4.6,1
2025022208010707,ノビル,4,448.0,10.0,1.0,田口貫太,1,8,20.1,0
2025022208010708,エポックヴィーナス,4,444.0,2.0,1.0,和田竜二,1,1,5.3,1
2025022208010709,コンフォルツァ,3,494.0,4.0,1.0,横山典弘,1,4,8.3,0
2025022208010710,ローズスター,5,462.0,2.0,-1.0,岩田望来,1,9,5.6,0
2025022208010711,カンチェンジュンガ,5,496.0,12.0,1.0,幸英明　,1,1,18.6,1
2025022208010712,ウイニンググレイス,5,518.0,2.0,1.0,幸英明　,1,1,4.6,1
2025022210010901,アンドリーナ,3,448.0,2.0,-1.0,国分恭介,1,3,4.1,0
2025022210010902,ウインポセイドン,3,472.0,0.0,0.0,国分恭介,1,4,13.2,0
2025022210010903,パレフォーコン,6,446.0,0.0,0.0,小沢大仁,2,1,3.2,1
2025022210010904,ローディアマント,5,482.0,6.0,1.0,伴啓太　,1,2,11.3,0
2025022210010905,マイネルメサイア,6,490.0,4.0,1.0,上野翔　,1,9,5.2,0
2025022210010906,ホウオウタイタン,3,504.0,10.0,-1.0,佐々木大,1,1,5.0,1
2025022210010907,エスペシャリー,3,438.0,6.0,-1.0,角田大和,1,2,4.6,0
2025022210010908,レッドライトニング,4,472.0,0.0,0.0,荻野極　,1,3,5.8,0
2025022210010909,ブルーアイドガール,4,448.0,2.0,-1.0,佐々木大,1,4,5.7,0
2025022210010910,ヴォランテ,5,470.0,6.0,1.0,松本大輝,1,1,4.8,1
2025022210010911,メイショウホマレ,6,454.0,6.0,-1.0,小沢大仁,2,2,5.7,0
2025022210010912,エラン,4,472.0,6.0,1.0,荻野極　,1,3,4.9,0
2025022305010801,プライベートアイズ,3,488.0,6.0,-1.0,横山和生,1,1,4.7,1
2025022305010802,ロミヒ,3,490.0,0.0,0.0,岩田望来,3,2,33.6,0
2025022305010803,メルシージュテーム,3,454.0,0.0,0.0,岩田望来,1,1,4.0,1
2025022305010804,ルールーリマ,3,416.0,8.0,1.0,丸田恭介,1,6,7.3,0
2025022305010805,グーテンベルク,3,474.0,2.0,-1.0,戸崎圭太,1,1,5.0,1
2025022305010806,ソルトブリーズ,4,456.0,0.0,0.0,松岡正海,1,6,7.9,0
2025022305010807,アスクデビューモア,4,464.0,4.0,1.0,Ｍ．デム,1,4,9.9,0
2025022305010808,スティールブルー,4,438.0,2.0,-1.0,キング　,1,7,4.6,0
2025022305010809,ダノンフィーゴ,3,470.0,6.0,1.0,岩田望来,1,6,22.9,0
2025022305010810,ディマイザキッド,4,460.0,2.0,1.0,岩田望来,1,1,3.7,1
2025022305010811,タガノビューティー,8,520.0,2.0,-1.0,石橋脩　,1,8,56.9,0
2025022305010812,トクシーカイザー,5,476.0,8.0,1.0,Ｍ．デム,1,5,7.3,0
2025022308010801,ブラックケリー,3,434.0,8.0,-1.0,吉村誠之,1,13,8.9,0
2025022308010802,ニシノミチアキ,3,478.0,2.0,1.0,武藤雅　,1,1,11.9,1
2025022308010803,ユウトザレン,3,476.0,10.0,1.0,西塚洸二,1,1,10.7,1
2025022308010804,オメガドライヴ,3,492.0,0.0,0.0,北村宏司,1,1,3.6,1
2025022308010805,プチプランス,3,488.0,4.0,-1.0,高杉吏麒,1,6,9.6,0
2025022308010806,クリノラピダス,3,452.0,6.0,-1.0,荻野極　,1,10,60.6,0
2025022308010807,ダイヤモンドレイン,4,504.0,8.0,1.0,池添謙一,2,3,4.8,0
2025022308010808,シャハザマーン,4,480.0,2.0,-1.0,西塚洸二,1,1,4.9,1
2025022308010809,アクートゥス,5,466.0,2.0,1.0,北村友一,1,8,6.8,0
2025022308010810,カルプスペルシュ,3,466.0,0.0,0.0,高杉吏麒,1,3,27.1,0
2025022308010811,ドンアミティエ,5,500.0,4.0,-1.0,田口貫太,1,1,3.7,1
2025022308010812,プルートマスター,6,496.0,4.0,-1.0,田口貫太,1,7,8.9,0
2025022310011001,ゴールドダイアー,3,468.0,16.0,-1.0,藤懸貴志,1,1,4.3,1
2025022310011002,ウインレオネッサ,3,416.0,0.0,0.0,国分恭介,1,9,121.4,0
2025022310011003,チュッチュポッポ,3,456.0,10.0,-1.0,小林美駒,2,2,8.2,0
2025022310011004,サンデーヒーロー,5,478.0,2.0,-1.0,中村将之,1,1,5.2,1
2025022310011005,フララナキラ,3,454.0,0.0,0.0,丸山元気,1,7,5.8,0
2025022310011006,トーケンサワー,3,442.0,0.0,0.0,丸山元気,2,2,7.0,0
2025022310011007,レイピカケ,4,456.0,0.0,0.0,川端海翼,1,5,6.2,0
2025022310011008,ジャスパーワールド,5,516.0,4.0,-1.0,古川吉洋,3,2,4.9,0
2025022310011009,ヴェルテンベルク,5,480.0,4.0,-1.0,丸山元気,1,1,6.5,1
2025022310011010,サイモンブーケ,5,512.0,2.0,1.0,古川奈穂,1,1,10.0,1
2025022310011011,ホウオウプロサンゲ,4,490.0,2.0,-1.0,小沢大仁,1,13,10.3,0
2025022310011012,アスティスプマンテ,4,428.0,4.0,1.0,小沢大仁,1,1,3.2,1
2025030106020101,キタノブレイク,3,476.0,2.0,-1.0,長浜鴻緒,1,12,4.9,0
2025030106020102,ガンハンマー,3,434.0,0.0,0.0,川田将雅,1,5,3.1,0
2025030106020103,メイショウコウベ,3,478.0,4.0,1.0,大野拓弥,1,5,3.2,0
2025030106020104,エーリアル,4,510.0,8.0,1.0,杉原誠人,1,2,3.5,0
2025030106020105,マカナ,3,452.0,2.0,-1.0,田辺裕信,1,3,6.5,0
2025030106020106,エンジェルブリーズ,3,454.0,0.0,0.0,岩田康誠,1,1,26.3,1
2025030106020107,エナジーショット,3,414.0,6.0,-1.0,横山琉人,2,2,17.1,0
2025030106020108,アリュシナシオン,6,530.0,2.0,1.0,津村明秀,3,12,7.3,0
2025030106020109,エーオーキング,3,448.0,2.0,1.0,田辺裕信,1,1,69.0,1
2025030106020110,アルムラトゥール,5,504.0,2.0,1.0,石川裕紀,1,10,30.1,0
2025030106020111,ウイングレイテスト,8,516.0,4.0,1.0,横山武史,2,3,9.9,0
2025030106020112,ソレルビュレット,4,520.0,2.0,-1.0,ルメール,2,2,4.3,0
2025030109010101,ライラックデューン,3,458.0,0.0,0.0,田口貫太,1,4,8.4,0
2025030109010102,ミキノバカラ,3,476.0,2.0,-1.0,田口貫太,1,9,52.0,0
2025030109010103,パーフェクト,3,484.0,0.0,0.0,吉村誠之,1,4,11.2,0
2025030109010104,ラフォン,3,494.0,0.0,0.0,松山弘平,1,1,11.4,1
2025030109010105,ダノンブギ,3,480.0,10.0,-1.0,横山和生,1,2,3.6,0
2025030109010106,スカイサーベイ,4,476.0,0.0,0.0,坂井瑠星,1,11,3.0,0
2025030109010107,プリンスノット,5,478.0,2.0,1.0,鮫島克駿,1,4,47.6,0
2025030109010108,トウカイポワール,4,454.0,0.0,0.0,幸英明　,1,3,3.8,0
2025030109010109,ジーティーアダマン,3,492.0,10.0,-1.0,松山弘平,1,1,4.5,1
2025030109010110,グランアルティスタ,4,526.0,2.0,1.0,武豊　　,1,8,6.7,0
2025030109010111,ジューンアヲニヨシ,5,488.0,6.0,-1.0,鮫島克駿,1,5,4.0,0
2025030109010112,ヤブサメ,4,482.0,6.0,1.0,坂井瑠星,1,2,6.5,0
2025030110011101,メイショウピリカ,3,476.0,4.0,1.0,古川吉洋,1,1,246.2,1
2025030110011102,ビービーエフォート,3,418.0,0.0,0.0,丹内祐次,1,5,26.9,0
2025030110011103,イナフセド,5,474.0,0.0,0.0,柴田裕一,2,5,6.5,0
2025030110011104,テイエムマジック,7,510.0,2.0,1.0,難波剛健,1,2,10.9,0
2025030110011105,ワールドスケール,8,492.0,6.0,-1.0,黒岩悠　,1,1,56.4,1
2025030110011106,サミダレナイツ,3,474.0,8.0,-1.0,柴田裕一,1,7,12.2,0
2025030110011107,グレイスフルマーチ,3,458.0,4.0,-1.0,丹内祐次,1,1,4.6,1
2025030110011108,クイーンズワーフ,4,452.0,2.0,-1.0,菊沢一樹,2,11,8.8,0
2025030110011109,ヴァイザーバルコ,5,462.0,8.0,-1.0,古川吉洋,1,2,6.3,0
2025030110011110,ディアドコス,5,500.0,8.0,-1.0,丸山元気,1,14,7.4,0
2025030110011111,ダノンスウィッチ,4,482.0,2.0,1.0,丹内祐次,1,14,5.4,0
2025030110011112,ムチャスグラシアス,4,424.0,8.0,-1.0,丹内祐次,1,13,5.3,0
2025030206020201,サブアトミック,3,462.0,0.0,0.0,キング　,1,1,3.2,1
2025030206020202,オンクラウドナイン,3,514.0,0.0,0.0,藤岡佑介,2,2,64.5,0
2025030206020203,ポッドベル,3,472.0,10.0,1.0,横山武史,1,2,8.9,0
2025030206020204,シャンハイナイト,3,460.0,4.0,-1.0,江田照男,1,1,6.8,1
2025030206020205,ウィッシュツリー,3,444.0,6.0,1.0,津村明秀,1,1,3.2,1
2025030206020206,メリークリスマス,3,472.0,0.0,0.0,長浜鴻緒,1,3,40.5,0
2025030206020207,ストレイトトーカー,3,478.0,0.0,0.0,大野拓弥,1,1,3.2,1
2025030206020208,アースイオス,4,530.0,2.0,-1.0,小林凌大,1,1,5.2,1
2025030206020209,ルカランフィースト,4,478.0,2.0,1.0,キング　,1,9,5.6,0
2025030206020210,ソノママソノママ,5,442.0,0.0,0.0,ルメール,1,12,17.2,0
2025030206020211,ボッケリーニ,9,466.0,8.0,-1.0,浜中俊　,1,13,29.6,0
2025030206020212,ノーブルゲイル,4,482.0,0.0,0.0,長浜鴻緒,1,1,13.3,1
2025030209010201,ディープサミット,3,498.0,4.0,-1.0,岩田康誠,1,1,3.3,1
2025030209010202,リメンバーヒム,3,454.0,6.0,1.0,高杉吏麒,1,5,13.3,0
2025030209010203,サトノセーブル,3,494.0,6.0,-1.0,松山弘平,2,2,4.9,0
2025030209010204,コーラルクラウン,3,480.0,6.0,-1.0,吉村誠之,1,4,21.4,0
2025030209010205,サリーチェ,3,474.0,0.0,0.0,北村友一,1,8,6.5,0
2025030209010206,アオイタケル,3,486.0,0.0,0.0,岩田望来,1,2,6.2,0
2025030209010207,チェイスザウェイ,5,472.0,4.0,-1.0,坂井瑠星,1,16,12.7,0
2025030209010208,ブリックワーク,4,436.0,6.0,-1.0,岩田望来,1,1,5.2,1
2025030209010209,コンフェルマ,4,510.0,18.0,1.0,松山弘平,1,9,4.4,0
2025030209010210,ミッキークレスト,4,518.0,0.0,0.0,坂井瑠星,1,1,3.5,1
2025030209010211,マイエレメント,3,484.0,4.0,1.0,坂井瑠星,1,11,4.6,0
2025030209010212,キタノズエッジ,4,534.0,0.0,0.0,古川吉洋,1,1,3.8,1
2025030210011201,カミノレアル,3,512.0,2.0,1.0,佐々木大,1,2,8.5,0
2025030210011202,デボラ,3,456.0,4.0,-1.0,佐々木大,1,2,3.1,0
2025030210011203,コッコラーレ,3,482.0,2.0,-1.0,佐々木大,2,8,5.6,0
2025030210011204,メイショウカズサ,8,490.0,2.0,-1.0,森一馬　,1,3,29.6,0
2025030210011205,サッカレッロ,3,432.0,8.0,-1.0,斎藤新　,1,8,24.6,0
2025030210011206,レイピカケ,4,454.0,2.0,-1.0,川端海翼,1,12,8.2,0
2025030210011207,エクセルゴールド,4,486.0,0.0,0.0,丹内祐次,1,2,7.6,0
2025030210011208,ミレニアムヒロイン,4,434.0,2.0,1.0,佐々木大,1,1,3.5,1
2025030210011209,ゼンダンタカ,3,428.0,2.0,-1.0,川須栄彦,1,7,183.5,0
2025030210011210,テーオーダグラス,4,484.0,2.0,1.0,佐々木大,2,3,8.1,0
2025030210011211,アスクドゥポルテ,5,476.0,0.0,0.0,西塚洸二,1,1,12.4,1
2025030210011212,アレナパラシオ,4,476.0,8.0,1.0,川端海翼,1,1,3.5,1
2025030806020301,サードウインド,3,448.0,10.0,-1.0,横山武史,1,1,4.2,1
2025030806020302,ロングウェイホーム,3,528.0,2.0,1.0,戸崎圭太,1,3,3.2,0
2025030806020303,タルトポワール,3,432.0,8.0,-1.0,丹内祐次,2,3,185.2,0
2025030806020304,アルデドゥオーモ,4,492.0,10.0,1.0,五十嵐雄,1,3,15.0,0
2025030806020305,ボウウィンドウ,3,472.0,0.0,0.0,藤岡佑介,1,5,11.8,0
2025030806020306,ロードスカイブルー,3,470.0,2.0,1.0,横山和生,1,5,8.7,0
2025030806020307,シュードタキライト,3,498.0,22.0,1.0,佐々木大,2,5,15.9,0
2025030806020308,キャストロペペ,4,472.0,2.0,1.0,遠藤汰月,2,2,6.1,0
2025030806020309,カフェグランデ,4,466.0,2.0,-1.0,横山和生,1,2,3.4,0
2025030806020310,シェットランド,5,562.0,10.0,1.0,荻野極　,1,16,59.9,0
2025030806020311,コンクシェル,5,476.0,4.0,-1.0,横山武史,1,13,25.1,0
2025030806020312,ハニーコム,4,440.0,10.0,1.0,丹内祐次,1,6,13.7,0
2025030809010301,スノーサイレンス,3,450.0,0.0,0.0,松山弘平,1,6,8.3,0
2025030809010302,ロードヴォイジャー,3,510.0,8.0,1.0,西村淳也,1,1,3.4,1
2025030809010303,メイショウサトノヒ,3,512.0,8.0,1.0,田口貫太,2,3,12.3,0
2025030809010304,アローオブライト,3,484.0,24.0,1.0,西村淳也,1,5,4.5,0
2025030809010305,グレートシール,3,502.0,4.0,-1.0,川田将雅,1,1,3.1,1
2025030809010306,スリーラーケン,3,494.0,2.0,-1.0,藤懸貴志,1,5,5.1,0
2025030809010307,ロードオールライト,4,528.0,12.0,1.0,西村淳也,1,6,7.4,0
2025030809010308,ノビル,4,438.0,10.0,-1.0,和田陽希,1,10,21.8,0
2025030809010309,イングランドアイズ,5,460.0,2.0,1.0,岩田康誠,1,1,6.9,1
2025030809010310,ルクスメテオール,5,490.0,0.0,0.0,浜中俊　,1,1,6.1,1
2025030809010311,スライビングロード,3,454.0,0.0,0.0,小沢大仁,1,14,32.9,0
2025030809010312,イツモニコニコ,4,492.0,8.0,1.0,田中健　,1,4,13.8,0
2025030906020401,コンティオ,3,456.0,0.0,0.0,横山和生,1,3,3.4,0
2025030906020402,エイシンカルナボン,3,470.0,0.0,0.0,津村明秀,3,3,8.9,0
2025030906020403,ロードフロリゼル,3,464.0,2.0,1.0,丹内祐次,1,5,20.9,0
2025030906020404,テンメジャーガール,6,502.0,4.0,-1.0,小野寺祐,2,1,8.5,1
2025030906020405,ホシニネガイヲ,3,438.0,0.0,0.0,三浦皇成,1,2,11.2,0
2025030906020406,タッカージーティー,3,478.0,8.0,-1.0,横山武史,1,3,12.2,0
2025030906020407,タイセイピューマ,4,486.0,2.0,-1.0,大野拓弥,1,3,5.3,0
2025030906020408,ブエナオンダ,4,456.0,2.0,1.0,川田将雅,1,3,4.0,0
2025030906020409,インザモーメント,4,484.0,6.0,-1.0,川田将雅,1,8,3.8,0
2025030906020410,ピュアキアン,4,512.0,4.0,1.0,吉田豊　,1,11,22.8,0
2025030906020411,ファウストラーゼン,3,456.0,2.0,1.0,杉原誠人,1,1,16.9,1
2025030906020412,クーアフュルスト,4,466.0,12.0,-1.0,石橋脩　,1,9,6.0,0
2025030909010401,ガールズデイアウト,3,474.0,4.0,-1.0,岩田望来,1,2,5.0,0
2025030909010402,ストラテージュ,3,482.0,4.0,-1.0,古川奈穂,1,12,117.3,0
2025030909010403,スズノソレイユ,3,482.0,0.0,0.0,富田暁　,1,3,28.3,0
2025030909010404,ベルギューン,3,464.0,6.0,-1.0,高杉吏麒,1,1,4.3,1
2025030909010405,ホーリーノット,3,428.0,0.0,0.0,西村淳也,1,1,5.0,1
2025030909010406,フローラルセント,4,468.0,10.0,1.0,西村淳也,1,3,5.6,0
2025030909010407,エコテーラー,4,510.0,4.0,1.0,武豊　　,2,7,5.9,0
2025030909010408,ティンティンデオ,4,490.0,8.0,-1.0,松若風馬,1,8,11.6,0
2025030909010409,イガッチ,3,472.0,4.0,-1.0,浜中俊　,1,3,11.9,0
2025030909010410,ヤマニンアンフィル,6,486.0,2.0,-1.0,団野大成,1,2,13.3,0
2025030909010411,デビットバローズ,6,506.0,6.0,-1.0,岩田望来,1,1,4.3,1
2025030909010412,セミマル,5,530.0,2.0,-1.0,西村淳也,1,3,3.4,0
2025031506020501,クインズシフォン,3,448.0,4.0,-1.0,石神深道,1,2,52.6,0
2025031506020502,ナムラジミー,3,484.0,8.0,-1.0,丸田恭介,1,1,11.8,1
2025031506020503,ロッカバイベイビー,3,440.0,6.0,-1.0,佐藤翔馬,1,8,36.5,0
2025031506020504,ミラクルダンサー,3,512.0,12.0,1.0,横山武史,1,1,4.0,1
2025031506020505,マカナ,3,450.0,2.0,-1.0,田辺裕信,1,4,8.1,0
2025031506020506,サトノシャルレーヌ,3,446.0,10.0,-1.0,三浦皇成,1,2,22.0,0
2025031506020507,ニューファウンド,3,512.0,0.0,0.0,石川裕紀,1,4,28.6,0
2025031506020508,ヴェルトラウム,4,452.0,10.0,-1.0,武藤雅　,1,1,6.5,1
2025031506020509,ワンパット,4,482.0,4.0,-1.0,菅原明良,1,1,10.7,1
2025031506020510,アルセナール,4,460.0,4.0,-1.0,ルメール,1,3,4.5,0
2025031506020511,ピコローズ,3,436.0,0.0,0.0,田辺裕信,1,5,4.4,0
2025031506020512,ピコアーガイル,4,492.0,10.0,-1.0,北村宏司,2,3,10.4,0
2025031507020101,ヴォルクメア,3,490.0,0.0,0.0,田山旺佑,1,4,6.8,0
2025031507020102,サウンドモリアーナ,3,438.0,0.0,0.0,富田暁　,1,1,3.5,1
2025031507020103,ウインシャーガス,3,472.0,2.0,-1.0,松若風馬,2,3,11.7,0
2025031507020104,メイショウソウセキ,3,492.0,6.0,1.0,角田大和,1,4,7.7,0
2025031507020105,ウインポセイドン,3,476.0,4.0,1.0,国分恭介,1,8,34.9,0
2025031507020106,ドゥラリス,3,502.0,0.0,0.0,鮫島克駿,1,6,5.0,0
2025031507020107,シュヴァルツリーベ,5,444.0,6.0,-1.0,伊藤工真,1,1,5.2,1
2025031507020108,クリフハンガー,4,438.0,12.0,-1.0,佐々木大,1,12,26.1,0
2025031507020109,ゼンノツキヨミ,4,450.0,18.0,1.0,吉田隼人,1,12,44.5,0
2025031507020110,モズマーヴェリック,4,478.0,2.0,-1.0,国分恭介,1,5,10.1,0
2025031507020111,ナイトアクアリウム,5,496.0,2.0,1.0,長岡禎仁,1,3,6.3,0
2025031507020112,ソルトクィーン,4,446.0,12.0,1.0,富田暁　,1,1,5.3,1
2025031509010501,ライラックデューン,3,458.0,0.0,0.0,永島まな,1,4,48.9,0
2025031509010502,ペプチドクレマチス,3,446.0,4.0,-1.0,松山弘平,1,7,15.0,0
2025031509010503,チャチャピンク,3,458.0,2.0,-1.0,幸英明　,1,3,5.6,0
2025031509010504,デアリングエア,3,448.0,4.0,-1.0,松山弘平,1,1,7.8,1
2025031509010505,メイショウビストロ,3,440.0,4.0,-1.0,菱田裕二,1,16,9.0,0
2025031509010506,ドンパッショーネ,3,522.0,0.0,0.0,団野大成,1,1,4.0,1
2025031509010507,クアトロジャック,4,496.0,2.0,1.0,坂井瑠星,1,11,3.8,0
2025031509010508,ヴェイルネビュラ,7,498.0,2.0,1.0,五十嵐雄,1,1,13.9,1
2025031509010509,キングメーカー,3,492.0,2.0,-1.0,武豊　　,1,10,5.3,0
2025031509010510,サブマリーナ,4,466.0,4.0,-1.0,武豊　　,1,1,3.8,1
2025031509010511,アドバンスファラオ,5,502.0,6.0,-1.0,吉村誠之,1,1,29.8,1
2025031509010512,ルナビス,5,486.0,6.0,1.0,松山弘平,2,4,4.7,0
2025031606020601,ネクストダンサー,3,472.0,6.0,-1.0,横山武史,1,7,3.4,0
2025031606020602,ヒタムキ,3,434.0,8.0,-1.0,横山和生,3,8,122.4,0
2025031606020603,ティアップドライブ,3,502.0,10.0,-1.0,丸田恭介,1,4,14.8,0
2025031606020604,オンザスクエア,3,464.0,0.0,0.0,横山和生,1,1,3.5,1
2025031606020605,ハーフェン,3,404.0,6.0,1.0,大野拓弥,1,9,26.2,0
2025031606020606,カンシン,3,468.0,4.0,1.0,三浦皇成,1,2,3.7,0
2025031606020607,バロン,4,478.0,8.0,-1.0,横山武史,1,1,11.1,1
2025031606020608,エアロソニック,4,546.0,8.0,1.0,長浜鴻緒,1,1,26.1,1
2025031606020609,リラボニート,4,460.0,4.0,1.0,ルメール,1,3,4.7,0
2025031606020610,キープカルム,4,494.0,6.0,1.0,三浦皇成,1,9,3.1,0
2025031606020611,ジェットマグナム,3,484.0,4.0,-1.0,津村明秀,1,8,12.1,0
2025031606020612,ショウナンアビアス,5,508.0,6.0,-1.0,戸崎圭太,1,1,3.6,1
2025031607020201,エイプリルインパリ,3,466.0,2.0,1.0,小崎綾也,1,1,5.7,1
2025031607020202,エマージェンス,3,506.0,12.0,-1.0,岩田康誠,2,2,4.7,0
2025031607020203,ジェミート,3,486.0,6.0,-1.0,岩田康誠,1,4,10.6,0
2025031607020204,サクラファレル,3,502.0,0.0,0.0,岩田望来,1,2,5.3,0
2025031607020205,ショーモッシュ,3,506.0,0.0,0.0,小林美駒,1,6,23.6,0
2025031607020206,タマモナポリ,4,464.0,6.0,1.0,岩田康誠,1,3,3.9,0
2025031607020207,マテンロウブラボー,4,506.0,14.0,-1.0,岩田望来,1,1,8.6,1
2025031607020208,オーシンハーフ,4,454.0,2.0,-1.0,池添謙一,1,2,7.7,0
2025031607020209,ヤマニンアストロン,4,496.0,6.0,1.0,武豊　　,1,1,5.0,1
2025031607020210,アレスグート,3,454.0,4.0,-1.0,川須栄彦,1,11,176.6,0
2025031607020211,ディープモンスター,7,464.0,2.0,-1.0,松山弘平,1,5,36.3,0
2025031607020212,トルーマンテソーロ,6,528.0,2.0,-1.0,丹内祐次,1,2,4.3,0
2025031609010601,レディエンス,3,448.0,2.0,1.0,松若風馬,1,12,37.2,0
2025031609010602,グレイルクエスト,3,482.0,2.0,-1.0,鮫島克駿,1,2,5.6,0
2025031609010603,サンマルノヴェル,3,490.0,2.0,1.0,田口貫太,1,1,11.4,1
2025031609010604,トラファルガー,5,502.0,14.0,-1.0,石神深一,1,1,3.2,1
2025031609010605,レーヌマロン,3,438.0,2.0,1.0,長岡禎仁,1,3,21.7,0
2025031609010606,ネーヴェフレスカ,3,434.0,0.0,0.0,和田竜二,1,1,7.0,1
2025031609010607,サク,6,454.0,2.0,1.0,幸英明　,1,4,13.1,0
2025031609010608,スマートリアファル,4,492.0,6.0,-1.0,富田暁　,1,1,3.3,1
2025031609010609,プロトポロス,5,490.0,0.0,0.0,坂井瑠星,1,7,5.3,0
2025031609010610,タイトニット,5,568.0,0.0,0.0,坂井瑠星,1,1,3.4,1
2025031609010611,フィオライア,4,474.0,0.0,0.0,坂井瑠星,1,13,3.8,0
2025031609010612,ランスオブサターン,5,446.0,4.0,1.0,松本大輝,1,1,6.8,1
2025032206020701,タブロー,3,458.0,2.0,1.0,内田博幸,2,3,51.8,0
2025032206020702,ニシノブレイゼスト,3,494.0,2.0,-1.0,池添謙一,1,1,9.5,1
2025032206020703,キープサインオン,3,476.0,4.0,1.0,鮫島克駿,1,1,9.1,1
2025032206020704,ミエノフェアリー,3,418.0,0.0,0.0,北村宏司,2,8,24.9,0
2025032206020705,アタラシイカドデニ,3,508.0,0.0,0.0,内田博幸,1,1,13.9,1
2025032206020706,マーゴットレーヴ,5,472.0,6.0,1.0,川田将雅,1,5,3.1,0
2025032206020707,フリッパー,5,504.0,2.0,1.0,三浦皇成,2,8,17.5,0
2025032206020708,インディゴブラック,6,516.0,8.0,-1.0,小坂忠士,1,12,5.5,0
2025032206020709,ブラックヴァール,5,466.0,10.0,1.0,横山和生,2,2,27.0,0
2025032206020710,ユキマル,5,496.0,0.0,0.0,鮫島克駿,1,14,26.0,0
2025032206020711,インヴォーグ,3,476.0,4.0,-1.0,田辺裕信,1,13,24.0,0
2025032206020712,ルーラルハピネス,5,470.0,14.0,-1.0,北村宏司,2,3,4.4,0
2025032207020301,ロミヒ,3,488.0,2.0,-1.0,岩田望来,2,2,4.1,0
2025032207020302,ミトノキャット,3,432.0,10.0,-1.0,西村淳也,2,3,13.5,0
2025032207020303,クレスコドルフィン,3,528.0,0.0,0.0,角田大和,1,2,7.2,0
2025032207020304,パヴィーア,3,464.0,2.0,1.0,北村友一,1,1,21.8,1
2025032207020305,ツーエムクロノス,3,504.0,0.0,0.0,丸山元気,1,1,16.0,1
2025032207020306,コスモシェルベット,3,432.0,4.0,1.0,丹内祐次,2,7,17.5,0
2025032207020307,アドマイヤアストラ,4,444.0,0.0,0.0,岩田望来,1,1,3.1,1
2025032207020308,ホウオウベルクソン,4,538.0,10.0,1.0,シュタル,1,1,6.5,1
2025032207020309,タッチアンドムーブ,4,444.0,6.0,-1.0,菅原明良,1,4,30.5,0
2025032207020310,メイショウピース,5,474.0,0.0,0.0,菅原明良,1,2,8.6,0
2025032207020311,パンジャタワー,3,484.0,2.0,-1.0,藤岡佑介,1,4,4.5,0
2025032207020312,ヨシノヤッタルデー,4,458.0,6.0,1.0,角田大和,1,1,5.4,1
2025032209010701,ビーアイフォルテ,3,436.0,12.0,-1.0,吉村誠之,1,9,14.6,0
2025032209010702,ギュルヴィ,3,508.0,0.0,0.0,武豊　　,1,1,7.3,1
2025032209010703,ニューオーリンズ,3,532.0,0.0,0.0,高倉稜　,1,10,16.8,0
2025032209010704,ペプチドモガミ,3,458.0,0.0,0.0,富田暁　,3,6,7.4,0
2025032209010705,ジョイボーイ,3,474.0,0.0,0.0,岩田康誠,1,3,9.1,0
2025032209010706,ブラックドレス,4,436.0,2.0,-1.0,幸英明　,2,9,3.1,0
2025032209010707,シリウス,4,472.0,4.0,1.0,松山弘平,1,2,6.2,0
2025032209010708,ダノンターキッシュ,7,454.0,4.0,1.0,武豊　　,2,9,11.1,0
2025032209010709,ヤマニンアンフィル,6,486.0,0.0,0.0,古川吉洋,1,10,8.1,0
2025032209010710,マーブルロック,5,520.0,6.0,1.0,武豊　　,1,1,7.2,1
2025032209010711,ローランドバローズ,3,484.0,2.0,-1.0,岩田康誠,1,2,9.7,0
2025032209010712,トウカイポワール,4,456.0,2.0,1.0,幸英明　,1,1,3.8,1
2025032306020801,カフェノーチェ,3,516.0,14.0,-1.0,北村宏司,1,2,3.9,0
2025032306020802,サマースイートピー,3,476.0,6.0,-1.0,内田博幸,1,1,5.4,1
2025032306020803,ゲンパチルーナ,3,428.0,4.0,-1.0,横山琉人,1,2,15.7,0
2025032306020804,ガンダルフ,7,488.0,2.0,-1.0,伴啓太　,2,1,12.6,1
2025032306020805,ホシニネガイヲ,3,426.0,12.0,-1.0,三浦皇成,1,6,10.4,0
2025032306020806,ヤコブセン,3,510.0,0.0,0.0,田辺裕信,1,3,22.3,0
2025032306020807,ヴァイザーバルコ,5,468.0,6.0,1.0,松岡正海,1,3,8.2,0
2025032306020808,ハクサンアイリス,3,486.0,2.0,1.0,津村明秀,1,2,6.7,0
2025032306020809,メタルスピード,5,512.0,10.0,-1.0,横山武史,1,2,8.3,0
2025032306020810,アンリーロード,5,476.0,4.0,1.0,大野拓弥,1,8,17.7,0
2025032306020811,グッジョブ,5,450.0,8.0,1.0,Ｍ．デム,2,4,6.9,0
2025032306020812,グレノークス,5,492.0,0.0,0.0,横山武史,1,1,4.7,1
2025032307020401,ザカート,3,448.0,8.0,-1.0,戸崎圭太,1,7,13.3,0
2025032307020402,キャストロププ,3,498.0,2.0,-1.0,丹内祐次,4,1,7.5,1
2025032307020403,ブリックンクリック,3,454.0,16.0,-1.0,西塚洸二,1,9,3.5,0
2025032307020404,ユーティジャーニー,3,414.0,4.0,-1.0,丸山元気,2,2,4.9,0
2025032307020405,サミダレナイツ,3,474.0,0.0,0.0,幸英明　,1,5,8.3,0
2025032307020406,ベルダイナフェロー,4,474.0,2.0,1.0,丹内祐次,1,1,11.3,1
2025032307020407,レイワサンサン,4,502.0,10.0,1.0,亀田温心,1,4,7.2,0
2025032307020408,フィリップ,4,496.0,4.0,1.0,丹内祐次,2,1,3.9,1
2025032307020409,ウィルサヴァイブ,3,430.0,4.0,-1.0,団野大成,2,1,6.8,1
2025032307020410,カズタンジャー,4,504.0,4.0,1.0,和田竜二,1,3,5.3,0
2025032307020411,カピリナ,4,470.0,8.0,-1.0,戸崎圭太,1,3,4.5,0
2025032307020412,ガットネロ,5,482.0,2.0,-1.0,和田竜二,2,8,4.7,0
2025032309010801,アンジュアルディ,3,476.0,12.0,1.0,横山典弘,1,3,8.9,0
2025032309010802,ミキノバカラ,3,474.0,2.0,-1.0,田口貫太,1,6,21.9,0
2025032309010803,メイケイロゼッタ,3,454.0,2.0,-1.0,酒井学　,1,1,6.6,1
2025032309010804,ミトノオルフェ,3,494.0,8.0,-1.0,菅原明良,1,1,6.1,1
2025032309010805,セルヴァンス,3,432.0,0.0,0.0,長岡禎仁,1,13,61.5,0
2025032309010806,メリークリスマス,3,474.0,2.0,1.0,藤岡佑介,1,5,15.1,0
2025032309010807,アクアヴァーナル,4,462.0,4.0,1.0,藤岡佑介,1,2,4.3,0
2025032309010808,リトルハピ,4,468.0,8.0,1.0,坂井瑠星,1,1,5.2,1
2025032309010809,ヤブサメ,4,484.0,2.0,1.0,坂井瑠星,1,1,4.0,1
2025032309010810,ヒルノドゴール,4,516.0,2.0,-1.0,岩田康誠,1,4,5.8,0
2025032309010811,ヴェローチェエラ,4,500.0,4.0,1.0,川田将雅,1,5,4.8,0
2025032309010812,ジャスパーバローズ,5,512.0,0.0,0.0,浜中俊　,1,5,27.5,0
2025032906030101,ヒルビリーエレジー,3,446.0,6.0,1.0,吉田豊　,1,11,81.5,0
2025032906030102,アッサジャン,3,450.0,8.0,-1.0,三浦皇成,2,12,17.5,0
2025032906030103,ガンハンマー,3,430.0,4.0,-1.0,ルメール,1,3,4.0,0
2025032906030104,マイネルトラオム,3,474.0,18.0,1.0,丹内祐次,2,5,57.0,0
2025032906030105,ヴェナートル,3,484.0,2.0,-1.0,武藤雅　,1,5,175.1,0
2025032906030106,センツブラッド,3,454.0,4.0,-1.0,横山武史,2,1,3.5,1
2025032906030107,セージグリーン,4,474.0,4.0,-1.0,丹内祐次,2,6,5.3,0
2025032906030108,テリオスサラ,4,472.0,2.0,-1.0,横山武史,1,6,4.7,0
2025032906030109,ノーブルゲイル,4,486.0,4.0,1.0,長浜鴻緒,1,13,40.8,0
2025032906030110,イサナ,3,516.0,10.0,1.0,松山弘平,1,7,21.3,0
2025032906030111,マイネルエンペラー,5,488.0,2.0,1.0,丹内祐次,1,1,7.4,1
2025032906030112,イデアイゴッソウ,4,464.0,2.0,-1.0,横山典弘,1,1,7.3,1
2025032907020501,ルクスデイジー,3,458.0,4.0,1.0,鮫島克駿,1,2,8.9,0
2025032907020502,ミラクルブルー,3,478.0,0.0,0.0,鮫島克駿,1,4,4.7,0
2025032907020503,ジェミート,3,486.0,0.0,0.0,富田暁　,1,1,4.0,1
2025032907020504,ブレイジングスター,3,486.0,4.0,-1.0,永島まな,2,4,5.1,0
2025032907020505,リーティアコナル,3,484.0,2.0,1.0,小崎綾也,1,3,6.3,0
2025032907020506,ハニーコム,4,430.0,10.0,-1.0,シュタル,1,1,8.1,1
2025032907020507,カビーリア,5,492.0,6.0,-1.0,角田大和,3,2,26.1,0
2025032907020508,レッドレナート,4,492.0,4.0,-1.0,永島まな,2,5,5.1,0
2025032907020509,ログラール,4,482.0,2.0,1.0,小沢大仁,1,13,7.8,0
2025032907020510,ヴィンセドリス,5,480.0,18.0,-1.0,シュタル,2,8,4.0,0
2025032907020511,バウンシーステップ,4,470.0,4.0,1.0,鮫島克駿,1,1,3.9,1
2025032907020512,ダズリングダンス,5,486.0,6.0,-1.0,川須栄彦,1,1,3.3,1
2025032909020101,オリバナム,3,474.0,0.0,0.0,森田誠也,1,10,24.1,0
2025032909020102,ブラックタロー,3,488.0,0.0,0.0,幸英明　,1,1,4.0,1
2025032909020103,メイショウホダワラ,3,472.0,4.0,-1.0,団野大成,1,5,5.0,0
2025032909020104,ココデイック,3,490.0,2.0,-1.0,高杉吏麒,1,4,5.4,0
2025032909020105,ディスパラール,3,432.0,4.0,1.0,団野大成,1,1,17.8,1
2025032909020106,ムイ,3,460.0,8.0,-1.0,今村聖奈,1,1,16.3,1
2025032909020107,ジェニファー,4,462.0,14.0,1.0,吉村誠之,2,9,132.2,0
2025032909020108,レッドバロッサ,6,516.0,0.0,0.0,小牧加矢,1,1,5.3,1
2025032909020109,マトラコーニッシュ,3,424.0,0.0,0.0,岩田望来,1,5,4.0,0
2025032909020110,ブルーミンデザイン,4,498.0,2.0,1.0,浜中俊　,1,1,4.0,1
2025032909020111,アスクシュタイン,3,498.0,0.0,0.0,川田将雅,1,4,7.9,0
2025032909020112,アーマルコライト,4,532.0,10.0,1.0,西塚洸二,2,2,21.7,0
2025033006030201,ハニードレス,3,436.0,0.0,0.0,木幡巧也,1,6,3.0,0
2025033006030202,タルトポワール,3,438.0,6.0,1.0,丹内祐次,2,2,29.0,0
2025033006030203,ロードスカイブルー,3,470.0,0.0,0.0,横山和生,1,3,7.7,0
2025033006030204,トキノカンピオーネ,3,496.0,4.0,1.0,原優介　,2,2,5.9,0
2025033006030205,プルミエソルティ,3,474.0,2.0,1.0,津村明秀,1,3,9.3,0
2025033006030206,ヤマメキング,3,496.0,0.0,0.0,岩田望来,1,1,10.8,1
2025033006030207,オウケンシルヴァー,4,498.0,2.0,1.0,木幡育也,2,2,3.1,0
2025033006030208,タイセイピューマ,4,482.0,4.0,-1.0,大野拓弥,1,2,7.6,0
2025033006030209,オデット,3,442.0,4.0,-1.0,岩田望来,1,3,51.4,0
2025033006030210,ジョーメッドヴィン,4,510.0,8.0,-1.0,横山和生,1,1,5.7,1
2025033006030211,ペイシャエス,6,500.0,3.0,-1.0,横山和生,1,9,5.8,0
2025033006030212,パクスロマーナ,5,428.0,12.0,-1.0,杉原誠人,1,1,16.0,1
2025033007020601,マリーヌ,3,462.0,0.0,0.0,幸英明　,1,1,4.2,1
2025033007020602,ヒットザグラウンド,3,430.0,10.0,-1.0,角田大和,1,10,26.6,0
2025033007020603,タイセイカイザー,3,502.0,0.0,0.0,モレイラ,1,1,7.9,1
2025033007020604,ルージュスティーズ,3,480.0,2.0,1.0,坂井瑠星,1,6,13.7,0
2025033007020605,デボラ,3,462.0,6.0,1.0,ルメール,1,3,3.6,0
2025033007020606,インビジブルセルフ,4,528.0,12.0,1.0,モレイラ,1,1,4.0,1
2025033007020607,フローラルセント,4,470.0,2.0,1.0,西村淳也,1,1,3.2,1
2025033007020608,ロットブラータ,3,522.0,4.0,-1.0,和田竜二,3,3,3.3,0
2025033007020609,トルーマンテソーロ,6,528.0,0.0,0.0,佐々木大,1,3,4.2,0
2025033007020610,ホークフィールド,4,484.0,8.0,-1.0,ルメール,1,13,5.0,0
2025033007020611,サトノレーヴ,6,530.0,7.0,-1.0,モレイラ,1,1,3.8,1
2025033007020612,セミマル,5,526.0,4.0,-1.0,モレイラ,1,1,3.0,1
2025033009020201,アレーティア,3,492.0,0.0,0.0,浜中俊　,2,2,22.5,0
2025033009020202,メイショウゴールド,3,440.0,2.0,1.0,団野大成,1,1,3.2,1
2025033009020203,アスクコモンタレヴ,3,454.0,3.0,-1.0,古川奈穂,3,5,24.5,0
2025033009020204,ザスリーサーティ,10,484.0,4.0,-1.0,坂口智康,1,1,19.3,1
2025033009020205,シンヒダカゴールド,3,470.0,0.0,0.0,古川吉洋,1,2,28.7,0
2025033009020206,クーデール,3,438.0,4.0,-1.0,吉村誠之,1,6,54.6,0
2025033009020207,サク,6,454.0,0.0,0.0,松山弘平,1,7,3.2,0
2025033009020208,タケノシンセイ,4,472.0,10.0,1.0,鷲頭虎太,2,3,4.5,0
2025033009020209,フレミングフープ,4,482.0,6.0,-1.0,Ｍ．デム,1,7,6.0,0
2025033009020210,ミステリーウェイ,7,504.0,0.0,0.0,団野大成,1,1,17.2,1
2025033009020211,レディントン,4,492.0,6.0,1.0,松山弘平,2,8,5.3,0
2025033009020212,ノボリショウリュウ,4,464.0,4.0,1.0,浜中俊　,1,1,4.1,1
2025040506030301,ネクストダンサー,3,472.0,0.0,0.0,松山弘平,1,1,5.6,1
2025040506030302,シルバードン,3,478.0,0.0,0.0,木幡巧也,1,8,72.5,0
2025040506030303,ロードフロリゼル,3,462.0,2.0,-1.0,丹内祐次,1,1,8.4,1
2025040506030304,ウイングランブルー,5,468.0,4.0,-1.0,大江原圭,1,1,11.7,1
2025040506030305,ジェイエルマスター,3,470.0,2.0,-1.0,横山和生,1,2,7.2,0
2025040506030306,アンダーザライト,3,520.0,4.0,-1.0,丸山元気,2,5,7.1,0
2025040506030307,エースアビリティ,4,496.0,2.0,1.0,松岡正海,3,8,25.1,0
2025040506030308,メタルスピード,5,514.0,2.0,1.0,横山武史,1,2,5.0,0
2025040506030309,ヤコブセン,3,506.0,4.0,-1.0,斎藤新　,1,6,30.3,0
2025040506030310,ルージュアベリア,4,486.0,2.0,1.0,モレイラ,1,1,3.9,1
2025040506030311,アサカラキング,5,532.0,6.0,1.0,斎藤新　,1,11,12.7,0
2025040506030312,ポークテソーロ,4,486.0,22.0,-1.0,横山武史,1,5,3.5,0
2025040509020301,エターナルプロミス,3,466.0,8.0,1.0,吉村誠之,1,1,9.9,1
2025040509020302,ニネンエフグミ,3,480.0,16.0,1.0,長岡禎仁,2,8,7.3,0
2025040509020303,スマートクラビ,3,492.0,6.0,1.0,団野大成,1,1,5.4,1
2025040509020304,アジュマン,3,476.0,2.0,-1.0,佐々木大,2,1,8.2,1
2025040509020305,ダノンジャガー,3,516.0,0.0,0.0,佐々木大,1,5,6.4,0
2025040509020306,アラナコア,4,490.0,0.0,0.0,吉田隼人,2,3,4.9,0
2025040509020307,サンダーバース,4,484.0,8.0,1.0,鷲頭虎太,1,1,20.2,1
2025040509020308,テーオーダグラス,4,488.0,0.0,0.0,Ｍ．デム,1,5,6.5,0
2025040509020309,リアンベーレ,3,494.0,8.0,-1.0,浜中俊　,1,6,11.4,0
2025040509020310,アルファマム,6,466.0,0.0,0.0,幸英明　,1,3,6.7,0
2025040509020311,フォルテム,3,468.0,6.0,-1.0,池添謙一,1,11,63.7,0
2025040509020312,ジャスパーバローズ,5,512.0,0.0,0.0,浜中俊　,1,8,10.1,0
2025040606030401,キタノラブミー,3,500.0,2.0,1.0,小林脩斗,1,1,85.2,1
2025040606030402,ワタシマツワ,3,404.0,2.0,-1.0,松岡正海,2,14,36.0,0
2025040606030403,ティアップドライブ,3,498.0,4.0,-1.0,丸田恭介,1,3,5.0,0
2025040606030404,メイショウカズサ,8,486.0,4.0,-1.0,森一馬　,1,1,7.7,1
2025040606030405,ガーネットウインク,3,492.0,0.0,0.0,石田拓郎,1,1,10.5,1
2025040606030406,ミライヘノカギ,3,520.0,12.0,-1.0,佐々木大,1,6,5.0,0
2025040606030407,クレオズニードル,3,454.0,8.0,-1.0,田辺裕信,1,8,10.1,0
2025040606030408,ビジューブリランテ,7,498.0,2.0,1.0,荻野極　,1,1,22.0,1
2025040606030409,サトノトルネード,5,528.0,2.0,1.0,田辺裕信,3,6,6.6,0
2025040606030410,マンマリアーレ,5,478.0,2.0,1.0,荻野極　,1,1,5.3,1
2025040606030411,レガーロデルシエロ,4,528.0,14.0,1.0,荻野極　,1,1,3.4,1
2025040606030412,キボウノホシ,6,488.0,6.0,-1.0,荻野極　,1,7,15.5,0
2025040609020401,ヤマニンレセディ,3,456.0,6.0,-1.0,団野大成,1,4,27.3,0
2025040609020402,ブラックアダマス,3,516.0,4.0,1.0,松山弘平,1,1,4.0,1
2025040609020403,ザックザク,3,516.0,2.0,1.0,西村淳也,1,1,3.0,1
2025040609020404,セイキュート,3,464.0,0.0,0.0,横山和生,1,1,5.1,1
2025040609020405,テスティモーネ,3,512.0,2.0,1.0,幸英明　,1,1,8.4,1
2025040609020406,クリノアドバンス,4,448.0,4.0,-1.0,田口貫太,1,1,6.0,1
2025040609020407,ヴォルスター,4,442.0,4.0,1.0,吉村誠之,2,6,5.6,0
2025040609020408,イツモニコニコ,4,496.0,4.0,1.0,田中健　,1,2,5.8,0
2025040609020409,ベルギューン,3,464.0,0.0,0.0,高杉吏麒,1,9,4.1,0
2025040609020410,ナムラエイハブ,4,514.0,6.0,-1.0,松山弘平,1,3,3.3,0
2025040609020411,デシエルト,6,540.0,4.0,1.0,池添謙一,1,14,12.2,0
2025040609020412,ユキマル,5,490.0,6.0,-1.0,中井裕二,1,8,7.0,0
2025041203010101,スズノソレイユ,3,486.0,2.0,1.0,藤懸貴志,1,1,6.9,1
2025041203010102,ダディーズグーグー,3,484.0,6.0,-1.0,川又賢治,2,4,28.0,0
2025041203010103,サトノシャルレーヌ,3,442.0,4.0,-1.0,丸山元気,1,3,3.3,0
2025041203010104,ライヴドライバー,3,508.0,0.0,0.0,丹内祐次,1,1,3.5,1
2025041203010105,ヘヴンウィンド,3,470.0,8.0,-1.0,佐々木大,1,11,3.0,0
2025041203010106,ルシェロアズーリ,3,426.0,16.0,-1.0,小林美駒,1,9,18.5,0
2025041203010107,ファイントパーズ,4,474.0,8.0,-1.0,小林美駒,1,1,52.8,1
2025041203010108,カエルム,4,478.0,2.0,-1.0,斎藤新　,1,1,3.9,1
2025041203010109,ソルトブリーズ,4,446.0,10.0,-1.0,横山琉人,1,4,3.9,0
2025041203010110,アマルナ,5,466.0,2.0,1.0,松若風馬,1,15,19.0,0
2025041203010111,ダンテバローズ,5,520.0,10.0,-1.0,丹内祐次,1,1,6.3,1
2025041203010112,アイノセンシ,5,510.0,6.0,1.0,佐々木大,1,1,3.0,1
2025041206030501,レディーフランシス,3,440.0,0.0,0.0,大野拓弥,1,1,3.0,1
2025041206030502,ビーアイフォルテ,3,432.0,4.0,-1.0,岩田康誠,1,1,6.3,1
2025041206030503,ヴィーデ,3,474.0,6.0,-1.0,三浦皇成,1,1,3.1,1
2025041206030504,フォージドブリック,4,548.0,4.0,1.0,大江原圭,1,4,6.4,0
2025041206030505,マイネルアウルム,3,440.0,2.0,-1.0,横山武史,2,4,4.2,0
2025041206030506,ピコシー,3,462.0,8.0,-1.0,岩田康誠,1,1,3.0,1
2025041206030507,ハクサンイーグル,4,480.0,0.0,0.0,杉原誠人,1,5,22.3,0
2025041206030508,ラファールドール,4,496.0,8.0,-1.0,木幡巧也,1,1,6.2,1
2025041206030509,ジェットブレード,3,494.0,2.0,-1.0,原優介　,2,5,35.7,0
2025041206030510,ダイシンヤマト,5,508.0,0.0,0.0,岩田康誠,1,1,4.4,1
2025041206030511,ストレイトトーカー,3,472.0,6.0,-1.0,大野拓弥,1,6,28.3,0
2025041206030512,フレイミングパイ,4,444.0,2.0,1.0,北村宏司,2,2,15.6,0
2025041209020501,メイショウウメゴチ,3,418.0,6.0,-1.0,鮫島克駿,1,1,4.6,1
2025041209020502,ミライエイゴウ,3,452.0,0.0,0.0,岩田望来,1,9,6.0,0
2025041209020503,テーオーシュタイン,3,468.0,0.0,0.0,シュタル,1,3,7.2,0
2025041209020504,ウインレオネッサ,3,416.0,0.0,0.0,坂井瑠星,1,17,13.3,0
2025041209020505,マキシマムビスタ,3,486.0,2.0,1.0,団野大成,1,6,41.6,0
2025041209020506,カンシン,3,466.0,2.0,-1.0,坂井瑠星,1,1,4.1,1
2025041209020507,アリストクラシア,4,458.0,4.0,-1.0,浜中俊　,2,7,4.3,0
2025041209020508,シリウス,4,472.0,0.0,0.0,松山弘平,1,1,3.2,1
2025041209020509,サトノスカイターフ,7,508.0,6.0,-1.0,岩田望来,3,5,3.1,0
2025041209020510,ランスオブクイーン,4,440.0,0.0,0.0,松山弘平,1,8,4.3,0
2025041209020511,アルジーヌ,5,464.0,12.0,1.0,幸英明　,1,2,6.2,0
2025041209020512,イミュータブル,5,478.0,0.0,0.0,松山弘平,1,3,29.3,0
2025041303010201,エルバステラ,3,488.0,2.0,1.0,三浦皇成,1,1,4.6,1
2025041303010202,パリコレジェンヌ,3,454.0,4.0,-1.0,田口貫太,1,6,5.8,0
2025041303010203,オロスコピオ,3,422.0,8.0,-1.0,小沢大仁,1,1,4.9,1
2025041303010204,ココデイック,3,488.0,2.0,-1.0,高杉吏麒,1,8,6.7,0
2025041303010205,コンドゥイア,3,462.0,10.0,-1.0,鷲頭虎太,1,4,8.9,0
2025041303010206,エルフレスアリー,5,436.0,2.0,1.0,杉原誠人,3,3,3.9,0
2025041303010207,バードウォッチャー,4,484.0,2.0,1.0,小沢大仁,1,1,6.0,1
2025041303010208,ニシノクラウン,4,468.0,12.0,-1.0,横山琉人,1,1,54.1,1
2025041303010209,エイムインライフ,5,480.0,10.0,1.0,高杉吏麒,1,1,4.1,1
2025041303010210,グランフォーブル,5,482.0,8.0,1.0,丸山元気,1,15,19.6,0
2025041303010211,シリウスコルト,4,494.0,2.0,1.0,古川吉洋,1,1,6.7,1
2025041303010212,ワンダーカモン,4,472.0,0.0,0.0,川又賢治,1,4,3.8,0
2025041306030601,ヒルビリーエレジー,3,444.0,2.0,-1.0,吉田豊　,1,7,23.4,0
2025041306030602,ヒサエノオモカゲ,3,482.0,2.0,-1.0,長浜鴻緒,1,5,4.3,0
2025041306030603,サンライズジュピタ,3,494.0,2.0,-1.0,小林脩斗,1,1,8.7,1
2025041306030604,シホノスペランツァ,6,478.0,6.0,-1.0,高田潤　,1,1,3.4,1
2025041306030605,エムティキング,3,432.0,2.0,1.0,石橋脩　,2,13,23.5,0
2025041306030606,テルケンユミクイン,3,510.0,16.0,-1.0,吉田豊　,1,4,9.3,0
2025041306030607,ニューファウンド,3,510.0,2.0,-1.0,石川裕紀,1,1,5.6,1
2025041306030608,カウスリップ,3,524.0,14.0,-1.0,横山和生,1,4,4.8,0
2025041306030609,コスモジンバック,4,496.0,2.0,1.0,石橋脩　,1,1,3.4,1
2025041306030610,トーアライデン,5,500.0,4.0,-1.0,横山和生,1,2,5.6,0
2025041306030611,ヨシノイースター,7,486.0,6.0,1.0,内田博幸,2,1,6.5,1
2025041306030612,グラスブランシュ,4,464.0,6.0,-1.0,大野拓弥,1,2,10.0,0
2025041309020601,アイブリンク,3,462.0,6.0,-1.0,松若風馬,1,4,17.9,0
2025041309020602,ダンツアトム,3,510.0,0.0,0.0,団野大成,1,12,189.0,0
2025041309020603,スレッドザニードル,3,482.0,2.0,1.0,団野大成,1,1,8.1,1
2025041309020604,ダノンジョーカー,3,484.0,0.0,0.0,川田将雅,1,3,3.1,0
2025041309020605,ダノンフィーゴ,3,466.0,4.0,-1.0,岩田望来,1,12,4.3,0
2025041309020606,バトンインディ,4,458.0,6.0,1.0,幸英明　,1,1,13.3,1
2025041309020607,マテンロウブラボー,4,504.0,2.0,-1.0,岩田望来,1,4,3.0,0
2025041309020608,リジン,6,486.0,0.0,0.0,武豊　　,1,8,7.5,0
2025041309020609,マジカルフェアリー,3,442.0,0.0,0.0,和田竜二,1,7,74.5,0
2025041309020610,フライライクバード,8,456.0,2.0,-1.0,坂井瑠星,2,10,18.3,0
2025041309020611,クリノメイ,3,440.0,6.0,-1.0,酒井学　,1,15,27.3,0
2025041309020612,グーデンドラーク,6,528.0,2.0,1.0,幸英明　,1,3,6.0,0
2025041903010301,メイショウホダワラ,3,472.0,0.0,0.0,藤懸貴志,1,2,6.4,0
2025041903010302,バシレイア,3,460.0,0.0,0.0,武藤雅　,1,7,21.4,0
2025041903010303,ブリヤディアマンテ,3,474.0,0.0,0.0,横山琉人,1,1,8.4,1
2025041903010304,スマートブル,3,476.0,6.0,-1.0,鷲頭虎太,1,6,45.8,0
2025041903010305,サミダレナイツ,3,476.0,2.0,1.0,丸山元気,1,7,17.7,0
2025041903010306,ダニエルバローズ,3,528.0,4.0,1.0,泉谷楓真,1,1,7.3,1
2025041903010307,トゥピ,5,480.0,6.0,1.0,丹内祐次,1,1,70.5,1
2025041903010308,サンダーアリュール,4,454.0,4.0,-1.0,佐々木大,1,2,26.5,0
2025041903010309,プレミアシップ,3,494.0,4.0,-1.0,佐々木大,2,7,5.6,0
2025041903010310,スズカミエール,4,468.0,2.0,-1.0,斎藤新　,1,4,4.9,0
2025041903010311,プレイサーゴールド,5,494.0,12.0,-1.0,小沢大仁,1,5,6.0,0
2025041903010312,エクセルゴールド,4,478.0,8.0,-1.0,菊沢一樹,1,1,3.4,1
2025041906030701,ドナカルナバル,3,476.0,4.0,1.0,菅原明良,1,1,3.8,1
2025041906030702,リザードアイランド,3,482.0,4.0,-1.0,横山和生,1,1,3.8,1
2025041906030703,エスシーレベッカ,3,446.0,12.0,-1.0,田辺裕信,1,3,32.9,0
2025041906030704,アスクコモンタレヴ,3,450.0,4.0,-1.0,北村宏司,2,10,15.7,0
2025041906030705,トレヴィ,3,440.0,4.0,-1.0,津村明秀,2,2,3.2,0
2025041906030706,ノビリシマビジョン,3,484.0,0.0,0.0,横山武史,1,1,3.4,1
2025041906030707,ファイナルヒート,5,510.0,10.0,1.0,北村宏司,1,4,6.9,0
2025041906030708,マリンバンカー,4,498.0,6.0,-1.0,岩部純二,2,2,6.1,0
2025041906030709,フーコサンライズ,4,518.0,18.0,1.0,杉原誠人,3,3,48.1,0
2025041906030710,ジョージテソーロ,4,476.0,8.0,-1.0,菅原明良,1,1,10.5,1
2025041906030711,ジューンベロシティ,7,470.0,2.0,1.0,森一馬　,1,4,3.8,0
2025041906030712,グレタ,6,482.0,2.0,1.0,杉原誠人,1,1,36.0,1
2025041909020701,メイショウハマギク,3,494.0,4.0,-1.0,高杉吏麒,1,7,64.7,0
2025041909020702,メイショウサトノヒ,3,512.0,0.0,0.0,田口貫太,1,7,3.3,0
2025041909020703,ミラクルブルー,3,482.0,4.0,1.0,鮫島克駿,1,1,24.0,1
2025041909020704,サンライズシュガー,3,502.0,8.0,-1.0,松山弘平,1,5,8.5,0
2025041909020705,ジューンエオス,3,474.0,8.0,-1.0,松山弘平,1,4,17.1,0
2025041909020706,クインズショコラ,3,478.0,10.0,-1.0,田山旺佑,1,4,11.3,0
2025041909020707,ベトルス,4,506.0,14.0,-1.0,岩田望来,1,2,4.3,0
2025041909020708,ダノンクロム,5,536.0,4.0,-1.0,坂井瑠星,1,1,10.8,1
2025041909020709,バックトゥザライト,5,524.0,6.0,1.0,岩田望来,3,7,11.5,0
2025041909020710,クイックバイオ,4,490.0,2.0,-1.0,川田将雅,1,5,6.8,0
2025041909020711,マーブルロック,5,520.0,0.0,0.0,松山弘平,1,10,18.2,0
2025041909020712,フォティック,5,484.0,6.0,-1.0,酒井学　,2,8,38.7,0
2025042003010401,ファムエレガンテ,3,460.0,8.0,-1.0,永島まな,1,1,3.2,1
2025042003010402,タマモジャスミン,3,494.0,0.0,0.0,小沢大仁,1,1,4.3,1
2025042003010403,エスペシャリー,3,436.0,2.0,-1.0,角田大和,1,11,4.0,0
2025042003010404,ヨヒーン,3,458.0,6.0,-1.0,小沢大仁,1,12,9.4,0
2025042003010405,ピジョンポイント,3,492.0,4.0,1.0,角田大和,1,1,11.7,1
2025042003010406,チュラビックタイム,3,486.0,10.0,1.0,斎藤新　,1,2,14.0,0
2025042003010407,アラタマフェーヴル,4,478.0,6.0,-1.0,三浦皇成,1,1,10.1,1
2025042003010408,パープルナイト,5,500.0,10.0,1.0,遠藤汰月,1,1,12.5,1
2025042003010409,ロードマイライフ,4,504.0,2.0,-1.0,小沢大仁,1,1,3.7,1
2025042003010410,エコロレイズ,4,504.0,2.0,1.0,菊沢一樹,1,3,4.7,0
2025042003010411,アドマイヤマツリ,4,452.0,2.0,1.0,田辺裕信,1,1,3.8,1
2025042003010412,トーレ,4,482.0,8.0,-1.0,斎藤新　,1,1,8.4,1
2025042006030801,シェーネアウゲン,3,488.0,0.0,0.0,横山武史,3,3,5.0,0
2025042006030802,ウルスクローム,3,476.0,2.0,-1.0,松山弘平,1,3,6.8,0
2025042006030803,スマートカイロス,3,526.0,0.0,0.0,北村友一,1,1,22.7,1
2025042006030804,ポタリング,3,438.0,0.0,0.0,江田照男,1,11,25.6,0
2025042006030805,カウンターセブン,3,490.0,2.0,1.0,松山弘平,1,2,19.6,0
2025042006030806,オリーブグリーン,3,526.0,2.0,-1.0,坂井瑠星,1,13,14.3,0
2025042006030807,スプランドゥール,4,468.0,2.0,1.0,柴田大知,1,4,21.2,0
2025042006030808,オソルノ,5,494.0,6.0,-1.0,菅原明良,2,12,34.4,0
2025042006030809,テリオスサラ,4,474.0,2.0,1.0,横山武史,1,5,6.2,0
2025042006030810,エティエンヌ,6,514.0,8.0,-1.0,津村明秀,1,8,17.5,0
2025042006030811,ジーティーアダマン,3,496.0,4.0,1.0,岩田望来,1,14,41.3,0
2025042006030812,コスモフリーゲン,5,502.0,2.0,-1.0,柴田大知,1,1,3.0,1
2025042009020801,ワンウェイトゥヘル,3,456.0,2.0,-1.0,長岡禎仁,1,6,9.0,0
2025042009020802,エレガンシア,3,442.0,0.0,0.0,鮫島克駿,1,1,20.2,1
2025042009020803,メイショウタイピン,3,490.0,2.0,1.0,池添謙一,1,4,5.8,0
2025042009020804,テイエムマジック,7,516.0,2.0,1.0,難波剛健,1,1,3.8,1
2025042009020805,アスクヴォルテージ,3,504.0,4.0,-1.0,西塚洸二,1,1,8.8,1
2025042009020806,ラストシャリナ,3,478.0,8.0,-1.0,酒井学　,1,14,11.6,0
2025042009020807,ベイリークロア,3,486.0,4.0,1.0,Ｍ．デム,2,2,3.0,0
2025042009020808,モズバンディット,5,458.0,4.0,-1.0,菱田裕二,1,5,13.9,0
2025042009020809,ヴェルテンベルク,5,486.0,6.0,1.0,池添謙一,1,1,4.9,1
2025042009020810,ローズスター,5,464.0,2.0,1.0,団野大成,1,1,6.1,1
2025042009020811,ナムラアトム,4,490.0,6.0,-1.0,菱田裕二,1,1,3.8,1
2025042009020812,スマートケープ,5,498.0,0.0,0.0,鮫島克駿,1,5,54.3,0
2025042603010501,キミオモウハナ,3,482.0,2.0,-1.0,斎藤新　,1,1,21.0,1
2025042603010502,スノーサイレンス,3,454.0,4.0,1.0,小林美駒,1,1,3.0,1
2025042603010503,ノーランサンライズ,3,484.0,2.0,1.0,今村聖奈,1,2,98.2,0
2025042603010504,ポッドロルフ,3,458.0,10.0,-1.0,上里直汰,1,7,55.8,0
2025042603010505,サクラアドリア,3,470.0,8.0,-1.0,亀田温心,1,4,4.1,0
2025042603010506,マテンロウカナロア,3,478.0,6.0,-1.0,小沢大仁,1,1,6.2,1
2025042603010507,ピースフルナイト,5,402.0,0.0,0.0,斎藤新　,1,4,5.0,0
2025042603010508,ベニシア,4,436.0,4.0,1.0,菊沢一樹,1,4,33.8,0
2025042603010509,フウセツ,3,478.0,14.0,-1.0,丸山元気,1,3,6.0,0
2025042603010510,コスモアバンサ,5,488.0,0.0,0.0,斎藤新　,1,6,15.7,0
2025042603010511,ワンダーキサラ,6,464.0,0.0,0.0,斎藤新　,1,14,4.5,0
2025042603010512,オーケーバーディー,4,444.0,0.0,0.0,横山琉人,1,4,7.8,0
2025042605020101,ライズトゥザトップ,3,486.0,2.0,1.0,木幡巧也,1,1,8.7,1
2025042605020102,アイアムイチバン,3,502.0,8.0,-1.0,松岡正海,1,1,32.0,1
2025042605020103,タケルサバイバル,3,502.0,2.0,-1.0,シュタル,3,3,74.9,0
2025042605020104,アルディスティーノ,3,476.0,6.0,-1.0,松山弘平,1,7,36.5,0
2025042605020105,ダノンエンブレム,3,440.0,2.0,1.0,北村宏司,1,7,34.2,0
2025042605020106,プルシャプラ,3,506.0,8.0,-1.0,北村宏司,1,10,204.4,0
2025042605020107,チェイスザウェイ,5,470.0,2.0,-1.0,長浜鴻緒,1,1,21.6,1
2025042605020108,シャンパンマーク,4,492.0,4.0,-1.0,戸崎圭太,1,1,10.5,1
2025042605020109,パンジャ,4,488.0,0.0,0.0,菅原明良,1,3,7.3,0
2025042605020110,ムーヴ,6,480.0,8.0,1.0,三浦皇成,1,4,21.2,0
2025042605020111,アマキヒ,3,480.0,6.0,-1.0,横山武史,1,5,23.7,0
2025042605020112,モックモック,5,498.0,10.0,1.0,松山弘平,1,7,11.6,0
2025042608020101,カルドウェル,3,478.0,4.0,-1.0,武豊　　,1,9,27.1,0
2025042608020102,パーフェクト,3,484.0,0.0,0.0,吉村誠之,1,1,12.2,1
2025042608020103,レディエンス,3,436.0,12.0,-1.0,Ｍ．デム,1,1,19.3,1
2025042608020104,ナリノモンターニュ,8,520.0,4.0,-1.0,五十嵐雄,2,1,6.1,1
2025042608020105,エイカイカッシーナ,3,432.0,4.0,1.0,西塚洸二,1,1,11.6,1
2025042608020106,サイモンベローチェ,3,516.0,2.0,-1.0,柴田裕一,1,1,20.9,1
2025042608020107,ロードラビリンス,3,488.0,2.0,-1.0,川田将雅,1,1,3.0,1
2025042608020108,キングメーカー,3,488.0,4.0,-1.0,武豊　　,1,1,3.1,1
2025042608020109,メイショウサチダケ,4,492.0,4.0,-1.0,武豊　　,2,2,5.4,0
2025042608020110,ギャンブルルーム,4,504.0,4.0,1.0,北村友一,1,11,9.4,0
2025042608020111,ボナンザ,5,506.0,6.0,1.0,川田将雅,2,4,5.0,0
2025042608020112,レッドベルアーム,6,526.0,4.0,-1.0,幸英明　,3,4,4.7,0
2025042703010601,フェデルミエール,3,486.0,0.0,0.0,斎藤新　,1,1,4.2,1
2025042703010602,ブライティアブーケ,3,420.0,8.0,-1.0,荻野琢真,1,4,6.7,0
2025042703010603,ヒサエノオモカゲ,3,480.0,2.0,-1.0,内田博幸,1,2,6.4,0
2025042703010604,ラッキーカムカム,3,460.0,6.0,-1.0,永島まな,2,5,7.6,0
2025042703010605,サンカシグレ,3,452.0,4.0,1.0,柴田大知,1,2,4.7,0
2025042703010606,ナチュラルリバー,5,474.0,2.0,-1.0,荻野極　,1,1,8.3,1
2025042703010607,セイウンデセオ,4,492.0,4.0,1.0,今村聖奈,1,3,9.1,0
2025042703010608,グランカンタンテ,4,416.0,4.0,-1.0,小沢大仁,1,1,8.5,1
2025042703010609,ヴァイザーバルコ,5,470.0,8.0,1.0,丸田恭介,1,1,6.0,1
2025042703010610,アセレラシオン,4,532.0,6.0,-1.0,小沢大仁,1,7,3.5,0
2025042703010611,ジャスティンスカイ,6,538.0,2.0,1.0,荻野極　,1,1,11.0,1
2025042703010612,グランファラオ,5,516.0,4.0,1.0,秋山稔樹,1,1,9.3,1
2025042705020201,ミッシオーネ,3,408.0,8.0,1.0,津村明秀,1,1,16.4,1
2025042705020202,ファンタイムギフト,3,496.0,6.0,-1.0,田辺裕信,1,1,7.1,1
2025042705020203,エムティエスターテ,3,468.0,2.0,-1.0,シュタル,2,2,4.3,0
2025042705020204,ワーキングデライト,3,444.0,2.0,1.0,武藤雅　,1,4,9.1,0
2025042705020205,コスモグラニット,3,482.0,6.0,-1.0,横山武史,1,3,7.1,0
2025042705020206,ガーネットウインク,3,486.0,6.0,-1.0,長浜鴻緒,1,7,10.2,0
2025042705020207,ネオシルバー,4,502.0,2.0,1.0,田辺裕信,2,2,4.2,0
2025042705020208,メイショウピース,5,474.0,0.0,0.0,菅原明良,1,13,4.1,0
2025042705020209,イサチルシーサイド,4,476.0,4.0,-1.0,木幡初也,2,4,8.5,0
2025042705020210,バトルクライ,6,504.0,0.0,0.0,戸崎圭太,1,1,6.8,1
2025042705020211,エストゥペンダ,3,442.0,0.0,0.0,三浦皇成,1,4,7.8,0
2025042705020212,アンジュフィールド,5,454.0,4.0,-1.0,松山弘平,1,10,4.0,0
2025042708020201,シェリルファミーユ,3,442.0,0.0,0.0,坂井瑠星,1,6,24.0,0
2025042708020202,ヴァリオーサ,3,472.0,2.0,-1.0,森田誠也,2,2,68.6,0
2025042708020203,シャインベック,3,448.0,6.0,-1.0,岩田康誠,1,1,5.6,1
2025042708020204,アルマーザアミール,4,486.0,0.0,0.0,小牧加矢,1,1,15.5,1
2025042708020205,テレプシコーラ,3,410.0,4.0,1.0,吉村誠之,1,2,11.8,0
2025042708020206,レイナデアルシーラ,3,500.0,2.0,-1.0,田口貫太,1,2,9.8,0
2025042708020207,ジーティームソウ,4,488.0,2.0,-1.0,坂井瑠星,1,1,3.4,1
2025042708020208,タイセイマンボ,5,550.0,8.0,1.0,吉村誠之,1,11,5.9,0
2025042708020209,バガン,7,482.0,4.0,1.0,田口貫太,3,3,15.9,0
2025042708020210,ガイアメンテ,4,500.0,2.0,-1.0,団野大成,1,3,8.2,0
2025042708020211,レイベリング,5,484.0,12.0,-1.0,和田竜二,1,8,26.5,0
2025042708020212,スマートリアファル,4,492.0,0.0,0.0,武豊　　,1,1,12.8,1
2025050304010101,ウィズユアドリーム,5,504.0,0.0,0.0,高田潤　,1,7,7.0,0
2025050304010102,クリップクロップ,3,460.0,6.0,1.0,小崎綾也,3,3,9.8,0
2025050304010103,テイエムパイロット,3,498.0,2.0,1.0,柴田裕一,1,1,43.0,1
2025050304010104,ヴァトレニ,7,444.0,14.0,-1.0,森一馬　,1,8,3.4,0
2025050304010105,マーゴットカーラ,3,428.0,8.0,1.0,斎藤新　,1,1,22.9,1
2025050304010106,サンダーフレア,3,456.0,6.0,-1.0,吉田隼人,1,8,24.1,0
2025050304010107,ベルイストワール,4,542.0,8.0,1.0,杉原誠人,1,3,5.3,0
2025050304010108,ビーグラッド,4,440.0,0.0,0.0,吉田隼人,2,4,7.0,0
2025050304010109,メリークリスマス,3,474.0,0.0,0.0,菊沢一樹,1,4,7.2,0
2025050304010110,サダムオプシス,4,470.0,4.0,1.0,藤懸貴志,1,2,4.4,0
2025050304010111,レシプロシティ,5,462.0,2.0,1.0,丹内祐次,1,4,9.0,0
2025050304010112,ニシノトキメキ,5,488.0,4.0,1.0,今村聖奈,1,1,5.4,1
2025050305020301,ナムラペルル,3,460.0,4.0,1.0,戸崎圭太,1,3,4.7,0
2025050305020302,ジェイエルマスター,3,468.0,2.0,-1.0,横山和生,1,1,3.2,1
2025050305020303,プロフェータ,3,468.0,6.0,1.0,戸崎圭太,1,1,3.8,1
2025050305020304,ミエノフェアリー,3,406.0,12.0,-1.0,菅原明良,2,2,56.4,0
2025050305020305,ウイントワイライト,3,450.0,6.0,1.0,戸崎圭太,1,1,4.7,1
2025050305020306,シルヴァーデューク,5,460.0,4.0,-1.0,横山典弘,2,5,40.7,0
2025050305020307,サトノアルペジオ,5,476.0,2.0,-1.0,ディー　,1,3,3.4,0
2025050305020308,スピードリッチ,4,474.0,2.0,-1.0,戸崎圭太,2,4,4.0,0
2025050305020309,ポッドロゴ,4,474.0,8.0,-1.0,松山弘平,1,2,11.7,0
2025050305020310,エンジェルマーク,3,450.0,2.0,-1.0,津村明秀,1,8,64.6,0
2025050305020311,トウシンマカオ,6,486.0,6.0,1.0,横山武史,1,1,4.1,1
2025050305020312,レッドダンルース,5,474.0,2.0,1.0,川田将雅,2,2,7.1,0
2025050308020301,ルージュミステリオ,3,424.0,4.0,-1.0,菱田裕二,1,1,12.2,1
2025050308020302,タイセイアビリティ,3,480.0,4.0,-1.0,岩田望来,1,6,25.0,0
2025050308020303,ラブリーリディア,3,434.0,0.0,0.0,和田竜二,1,10,20.5,0
2025050308020304,タガノアニマシオン,3,474.0,6.0,-1.0,渡辺竜也,1,3,32.3,0
2025050308020305,ヤエギリ,3,468.0,4.0,1.0,藤岡佑介,1,1,10.1,1
2025050308020306,ルチアーナ,3,430.0,18.0,-1.0,高杉吏麒,2,7,27.8,0
2025050308020307,ファームツエンティ,5,450.0,14.0,-1.0,高倉稜　,3,3,3.2,0
2025050308020308,サドル,6,500.0,12.0,1.0,高杉吏麒,1,6,40.6,0
2025050308020309,タガノアビー,3,496.0,0.0,0.0,藤岡佑介,1,1,3.0,1
2025050308020310,オバケノキンタ,5,472.0,4.0,-1.0,角田大和,4,3,36.1,0
2025050308020311,メイショウズイウン,3,498.0,14.0,1.0,武豊　　,1,3,5.7,0
2025050308020312,イミュータブル,5,478.0,0.0,0.0,坂井瑠星,1,4,6.5,0
2025050404010201,ミッドタウンナイト,3,478.0,2.0,1.0,秋山稔樹,1,1,5.3,1
2025050404010202,エスシーレベッカ,3,448.0,2.0,1.0,上里直汰,1,14,16.0,0
2025050404010203,ショウサンジョージ,3,488.0,2.0,1.0,松本大輝,1,1,8.9,1
2025050404010204,ロードプレイヤー,5,460.0,0.0,0.0,坂口智康,1,6,19.7,0
2025050404010205,キャピタルリッチ,3,458.0,6.0,-1.0,横山琉人,1,1,10.3,1
2025050404010206,ゴヴェルナーレリコ,4,440.0,2.0,-1.0,小林美駒,1,2,5.8,0
2025050404010207,スプランドゥール,4,462.0,6.0,-1.0,柴田大知,1,4,22.7,0
2025050404010208,クラウドセイル,5,480.0,4.0,-1.0,上里直汰,6,3,5.3,0
2025050404010209,ルフトクス,4,472.0,12.0,1.0,亀田温心,1,8,4.5,0
2025050404010210,ニシノコニャック,6,458.0,12.0,-1.0,菊沢一樹,7,1,23.9,1
2025050404010211,シアージスト,6,558.0,6.0,-1.0,小崎綾也,1,7,13.1,0
2025050404010212,ベストオブユー,4,438.0,0.0,0.0,永島まな,1,1,4.8,1
2025050405020401,パイシャオピン,3,460.0,6.0,-1.0,横山武史,1,1,12.6,1
2025050405020402,マックスキュー,3,482.0,14.0,1.0,戸崎圭太,2,3,9.2,0
2025050405020403,ノアヴィヴァーチェ,3,490.0,8.0,-1.0,菅原隆一,1,1,4.6,1
2025050405020404,ファリーザ,3,434.0,2.0,-1.0,横山武史,1,15,6.8,0
2025050405020405,テルケンユミクイン,3,506.0,4.0,-1.0,吉田豊　,1,1,13.6,1
2025050405020406,マーズオデッセイ,3,504.0,4.0,-1.0,横山典弘,1,2,30.3,0
2025050405020407,ゴールドモーション,4,472.0,21.0,-1.0,田辺裕信,2,8,22.1,0
2025050405020408,サトノヴィレ,5,502.0,2.0,-1.0,三浦皇成,1,4,10.7,0
2025050405020409,ウインオーディン,5,494.0,4.0,1.0,横山武史,2,7,6.0,0
2025050405020410,ダイシンピスケス,7,518.0,5.0,1.0,田辺裕信,2,9,193.4,0
2025050405020411,レディネス,3,490.0,12.0,-1.0,横山典弘,1,1,6.2,1
2025050405020412,キュムロンニンバス,7,512.0,4.0,-1.0,内田博幸,1,1,97.3,1
2025050408020401,ウルスクローム,3,476.0,0.0,0.0,松山弘平,1,6,3.5,0
2025050408020402,オーラエグザート,3,440.0,2.0,-1.0,高杉吏麒,3,9,17.7,0
2025050408020403,サンタンカ,3,518.0,4.0,1.0,岩田望来,1,1,15.8,1
2025050408020404,ポテチ,3,394.0,6.0,-1.0,和田竜二,2,2,43.0,0
2025050408020405,ダノンフィーゴ,3,466.0,0.0,0.0,レーン　,1,1,4.8,1
2025050408020406,スナークメモリー,5,434.0,2.0,1.0,和田竜二,3,3,23.0,0
2025050408020407,マーシーラン,4,464.0,2.0,-1.0,藤岡佑介,2,2,4.5,0
2025050408020408,タケトンボ,6,460.0,0.0,0.0,丹内祐次,2,3,9.9,0
2025050408020409,カネトシゴウト,4,464.0,4.0,-1.0,幸英明　,1,1,5.6,1
2025050408020410,エイムインライフ,5,488.0,8.0,1.0,松山弘平,1,7,37.8,0
2025050408020411,ヘデントール,4,478.0,4.0,-1.0,レーン　,1,1,3.1,1
2025050408020412,キタノズエッジ,4,534.0,0.0,0.0,古川吉洋,1,1,4.3,1
2025051004010301,コスモチプリア,5,456.0,6.0,1.0,伴啓太　,1,1,6.9,1
2025051004010302,チュラビックタイム,3,486.0,0.0,0.0,斎藤新　,1,1,10.3,1
2025051004010303,メイショウホダワラ,3,472.0,0.0,0.0,藤懸貴志,1,4,7.4,0
2025051004010304,ブリエヴェール,7,460.0,6.0,1.0,金子光希,1,1,12.0,1
2025051004010305,マニス,3,402.0,10.0,-1.0,石神深道,1,1,42.8,1
2025051004010306,メイショウヤシマ,3,462.0,8.0,-1.0,角田大和,1,7,3.0,0
2025051004010307,サンセットブライト,4,496.0,4.0,1.0,横山琉人,1,1,3.4,1
2025051004010308,イナフセド,5,476.0,0.0,0.0,佐々木大,1,1,3.3,1
2025051004010309,グレイトクラウン,4,448.0,0.0,0.0,佐藤翔馬,1,1,15.4,1
2025051004010310,キーチパルフェ,4,484.0,10.0,1.0,亀田温心,1,11,5.9,0
2025051004010311,レベレンシア,6,514.0,6.0,1.0,松本大輝,1,1,4.4,1
2025051004010312,モリノレッドスター,4,478.0,2.0,1.0,小林美駒,1,1,5.1,1
2025051005020501,ショウナンラリー,3,480.0,2.0,-1.0,吉田豊　,1,3,5.4,0
2025051005020502,ハナウマビーチ,3,514.0,0.0,0.0,岩田望来,1,4,3.5,0
2025051005020503,ジョードリウム,3,508.0,2.0,1.0,北村宏司,2,3,54.4,0
2025051005020504,ホウオウアーネスト,3,498.0,14.0,-1.0,横山和生,3,3,13.2,0
2025051005020505,ポッドロルフ,3,458.0,0.0,0.0,横山和生,1,6,112.9,0
2025051005020506,ノラリクラリ,3,436.0,0.0,0.0,藤岡佑介,2,4,42.4,0
2025051005020507,グラスブランシュ,4,466.0,2.0,1.0,大野拓弥,1,10,7.1,0
2025051005020508,ウインアイオライト,5,478.0,4.0,-1.0,ディー　,1,4,16.8,0
2025051005020509,ミラビリスマジック,4,452.0,4.0,-1.0,戸崎圭太,1,8,5.8,0
2025051005020510,ベルジュロネット,3,542.0,6.0,1.0,鮫島克駿,1,4,5.9,0
2025051005020511,デビットバローズ,6,504.0,2.0,-1.0,岩田望来,1,9,7.1,0
2025051005020512,スティールブルー,4,446.0,8.0,1.0,北村宏司,1,4,7.5,0
2025051008020501,クインズメレンゲ,3,454.0,4.0,-1.0,田口貫太,1,3,61.5,0
2025051008020502,メリトーリアス,3,526.0,2.0,1.0,松若風馬,1,1,17.8,1
2025051008020503,クイーンズデイ,3,450.0,2.0,1.0,池添謙一,1,1,41.2,1
2025051008020504,アンジュアルディ,3,462.0,6.0,-1.0,横山典弘,1,1,5.8,1
2025051008020505,コンドゥイア,3,468.0,6.0,1.0,坂井瑠星,1,3,3.1,0
2025051008020506,ワンダラー,3,522.0,6.0,-1.0,松山弘平,1,2,5.5,0
2025051008020507,レディーヴァリュー,4,464.0,22.0,1.0,武豊　　,1,1,3.5,1
2025051008020508,オーシンハーフ,4,448.0,6.0,1.0,池添謙一,1,1,5.3,1
2025051008020509,ケーブパール,4,436.0,14.0,1.0,武豊　　,1,7,3.1,0
2025051008020510,ダノンフロイデ,6,482.0,2.0,1.0,松山弘平,1,1,6.5,1
2025051008020511,ショウヘイ,3,456.0,2.0,-1.0,川田将雅,1,1,10.7,1
2025051008020512,ワイノナオミ,4,460.0,2.0,1.0,荻野極　,2,8,38.7,0
2025051104010401,フクキタテーラー,3,426.0,8.0,-1.0,舟山瑠泉,1,6,8.8,0
2025051104010402,ビーマックス,3,504.0,4.0,-1.0,中井裕二,1,1,9.3,1
2025051104010403,アリステア,3,490.0,6.0,-1.0,斎藤新　,1,5,5.8,0
2025051104010404,ヴィアルークス,7,506.0,8.0,-1.0,森一馬　,1,3,10.0,0
2025051104010405,ベストレーサー,3,462.0,16.0,-1.0,上里直汰,1,1,102.7,1
2025051104010406,ブラックケリー,3,440.0,6.0,1.0,和田陽希,1,11,10.7,0
2025051104010407,ワンダーカモン,4,478.0,6.0,1.0,川又賢治,1,1,5.6,1
2025051104010408,ファインライン,4,480.0,8.0,1.0,丸山元気,1,1,3.9,1
2025051104010409,クレオズニードル,3,440.0,14.0,-1.0,荻野極　,1,11,14.5,0
2025051104010410,テーオールビー,4,462.0,2.0,-1.0,丸田恭介,1,4,4.2,0
2025051104010411,ヤマニンサンパ,7,486.0,0.0,0.0,亀田温心,1,9,6.5,0
2025051104010412,ソングオブライフ,4,502.0,6.0,1.0,丸山元気,1,1,3.1,1
2025051105020601,ウィンターサン,3,444.0,6.0,-1.0,津村明秀,1,2,9.6,0
2025051105020602,キョウエイスレーヴ,3,444.0,0.0,0.0,原優介　,1,3,10.1,0
2025051105020603,ヘヴンウィンド,3,474.0,4.0,1.0,レーン　,1,1,3.3,1
2025051105020604,テンミラクルスター,3,444.0,0.0,0.0,津村明秀,1,1,50.2,1
2025051105020605,バッケンレコード,3,476.0,0.0,0.0,浜中俊　,1,11,23.0,0
2025051105020606,ハクサンイーグル,4,476.0,4.0,-1.0,菅原明良,1,1,11.1,1
2025051105020607,アヴニールドブリエ,5,506.0,4.0,-1.0,横山武史,3,4,3.4,0
2025051105020608,アージェント,4,550.0,14.0,1.0,戸崎圭太,1,1,7.4,1
2025051105020609,カズタンジャー,4,510.0,6.0,1.0,川田将雅,1,1,4.8,1
2025051105020610,ワイドエンペラー,7,504.0,12.0,1.0,ルメール,2,10,4.8,0
2025051105020611,パンジャタワー,3,480.0,4.0,-1.0,松山弘平,1,1,26.1,1
2025051105020612,ナイトアクアリウム,5,496.0,0.0,0.0,長岡禎仁,1,2,8.0,0
2025051108020601,チムニーパイプ,3,412.0,4.0,-1.0,シュタル,1,3,12.7,0
2025051108020602,ケンエージェント,3,458.0,2.0,1.0,高杉吏麒,3,2,5.6,0
2025051108020603,ノーランサンライズ,3,482.0,2.0,-1.0,今村聖奈,1,17,28.4,0
2025051108020604,プチプランス,3,482.0,6.0,-1.0,高杉吏麒,1,1,3.6,1
2025051108020605,サンライズバブル,3,510.0,0.0,0.0,田山旺佑,1,1,32.9,1
2025051108020606,ツキノアカリ,3,450.0,4.0,1.0,田山旺佑,1,1,6.0,1
2025051108020607,ミッキージュエリー,3,490.0,2.0,1.0,藤岡佑介,1,1,3.7,1
2025051108020608,エリカドリーム,5,500.0,2.0,1.0,藤岡佑介,1,6,5.4,0
2025051108020609,サンライズソレイユ,4,524.0,6.0,1.0,坂井瑠星,1,1,4.1,1
2025051108020610,サウスバンク,3,486.0,8.0,-1.0,西塚洸二,1,7,13.4,0
2025051108020611,サンライズアリオン,6,520.0,0.0,0.0,藤岡佑介,1,1,13.1,1
2025051108020612,プルートマスター,6,506.0,10.0,1.0,松若風馬,1,1,6.8,1
2025051704010501,ノンスタンダルド,3,496.0,4.0,-1.0,戸崎圭太,1,1,4.9,1
2025051704010502,シルバードン,3,480.0,2.0,1.0,石橋脩　,1,4,18.1,0
2025051704010503,フェイトライン,3,512.0,2.0,-1.0,団野大成,2,8,3.8,0
2025051704010504,サントモナルカ,3,456.0,2.0,-1.0,和田陽希,3,3,5.7,0
2025051704010505,スティーヴバローズ,3,488.0,6.0,1.0,佐々木大,2,2,8.0,0
2025051704010506,ハッピーダンシング,3,430.0,2.0,1.0,石神深道,1,1,8.5,1
2025051704010507,ステラスプレンダー,4,440.0,8.0,-1.0,佐々木大,1,2,5.5,0
2025051704010508,キタサンダムール,5,474.0,14.0,-1.0,岩田望来,1,1,7.5,1
2025051704010509,アンテロース,5,452.0,8.0,-1.0,吉田隼人,1,1,19.9,1
2025051704010510,ラオラシオン,4,484.0,12.0,-1.0,吉田隼人,1,2,15.3,0
2025051704010511,シリウスコルト,4,488.0,6.0,-1.0,古川吉洋,1,1,19.6,1
2025051704010512,ショウナンハクウン,5,506.0,0.0,0.0,佐々木大,1,11,4.5,0
2025051705020701,エイミームーン,3,462.0,4.0,-1.0,原優介　,1,1,4.4,1
2025051705020702,クリオシダード,3,500.0,0.0,0.0,三浦皇成,1,1,9.1,1
2025051705020703,ヒルビリーエレジー,3,436.0,8.0,-1.0,吉田豊　,1,3,50.7,0
2025051705020704,リポサンテ,3,434.0,2.0,1.0,横山和生,2,1,3.4,1
2025051705020705,ショウナンタハティ,3,506.0,6.0,1.0,横山武史,4,6,11.8,0
2025051705020706,ホウオウアートマン,3,462.0,10.0,-1.0,田辺裕信,1,1,5.3,1
2025051705020707,トリリオンボーイ,3,474.0,4.0,1.0,吉田豊　,1,3,8.5,0
2025051705020708,メイショウソムリエ,4,522.0,2.0,-1.0,吉田豊　,2,7,5.5,0
2025051705020709,ハニーコム,4,438.0,8.0,1.0,横山武史,1,2,12.4,0
2025051705020710,ダノンスウィッチ,4,492.0,10.0,1.0,津村明秀,1,9,9.5,0
2025051705020711,ミスタージーティー,4,470.0,2.0,-1.0,津村明秀,5,2,7.9,0
2025051705020712,バランスダンサー,4,480.0,4.0,1.0,横山和生,1,3,3.3,0
2025051708020701,ヒシカリナン,3,452.0,2.0,-1.0,坂井瑠星,3,2,12.4,0
2025051708020702,サルタール,3,518.0,2.0,-1.0,鮫島克駿,2,2,35.2,0
2025051708020703,パールペンダント,3,442.0,10.0,1.0,シュタル,2,2,7.9,0
2025051708020704,サンライズロジャー,3,524.0,6.0,-1.0,田口貫太,1,4,13.5,0
2025051708020705,ワイドクリーガー,3,464.0,2.0,1.0,松山弘平,1,7,8.7,0
2025051708020706,モズバンディット,5,448.0,10.0,-1.0,幸英明　,2,9,11.8,0
2025051708020707,ワンダーキサラ,6,468.0,4.0,1.0,太宰啓介,1,1,6.7,1
2025051708020708,レッドバロッサ,6,510.0,6.0,-1.0,小牧加矢,1,2,4.1,0
2025051708020709,エキサイトバイオ,3,478.0,4.0,1.0,松山弘平,1,2,9.1,0
2025051708020710,グーデンドラーク,6,528.0,0.0,0.0,池添謙一,1,1,16.7,1
2025051708020711,カリボール,9,500.0,2.0,1.0,シュタル,1,11,70.6,0
2025051708020712,ホルトバージ,4,470.0,8.0,-1.0,シュタル,1,2,6.0,0
2025051804010601,アンビシャスヨシノ,3,470.0,4.0,1.0,松本大輝,1,2,5.8,0
2025051804010602,メイショウドライブ,3,438.0,2.0,1.0,小沢大仁,1,3,4.9,0
2025051804010603,レヴァンテシチー,3,482.0,4.0,1.0,田山旺佑,1,1,3.0,1
2025051804010604,フレッチア,10,494.0,2.0,-1.0,草野太郎,2,1,3.2,1
2025051804010605,スコラーリ,6,484.0,6.0,1.0,伴啓太　,1,1,13.2,1
2025051804010606,キタノブレイク,3,470.0,8.0,1.0,丹内祐次,1,1,11.2,1
2025051804010607,クスクス,4,488.0,0.0,0.0,永島まな,1,3,4.1,0
2025051804010608,ディズレーリ,5,514.0,2.0,1.0,荻野極　,1,7,7.7,0
2025051804010609,ブルボンクイーン,4,476.0,4.0,-1.0,佐々木大,1,1,3.3,1
2025051804010610,ファミリータイム,4,484.0,10.0,1.0,丸山元気,1,6,4.0,0
2025051804010611,ナムラエイハブ,4,508.0,6.0,-1.0,吉田隼人,1,1,5.7,1
2025051804010612,サンダーアリュール,4,452.0,4.0,1.0,舟山瑠泉,1,5,17.6,0
2025051805020801,ブリックンクリック,3,460.0,6.0,1.0,戸崎圭太,1,1,4.7,1
2025051805020802,マキャベリー,3,472.0,0.0,0.0,菅原明良,3,8,3.4,0
2025051805020803,ユイノレクター,3,488.0,8.0,1.0,吉田豊　,1,1,10.8,1
2025051805020804,フェンスブレイカー,3,540.0,4.0,-1.0,戸崎圭太,1,1,11.4,1
2025051805020805,アルマデオロ,3,496.0,4.0,1.0,武豊　　,1,4,3.6,0
2025051805020806,アンズアメ,3,472.0,10.0,1.0,松山弘平,1,3,8.8,0
2025051805020807,マーズオデッセイ,3,500.0,4.0,-1.0,横山典弘,1,6,8.8,0
2025051805020808,エボルヴィング,4,454.0,12.0,1.0,川田将雅,2,3,5.6,0
2025051805020809,ケイデンシーマーク,5,452.0,6.0,1.0,川田将雅,2,4,7.5,0
2025051805020810,オウギノカナメ,5,488.0,10.0,1.0,北村友一,1,1,5.9,1
2025051805020811,アルジーヌ,5,458.0,6.0,-1.0,レーン　,1,4,9.1,0
2025051805020812,ライジン,5,478.0,14.0,-1.0,坂井瑠星,1,7,10.0,0
2025051808020801,リメンバーヒム,3,458.0,4.0,1.0,高杉吏麒,1,2,24.8,0
2025051808020802,ベルシエル,3,424.0,4.0,1.0,田口貫太,3,2,60.7,0
2025051808020803,ブライティアブーケ,3,434.0,14.0,1.0,荻野琢真,1,1,14.8,1
2025051808020804,ポテチ,3,392.0,2.0,-1.0,和田竜二,3,2,6.6,0
2025051808020805,タガノマカシヤ,3,500.0,8.0,1.0,岩田望来,1,1,3.9,1
2025051808020806,トウカイエルデ,4,452.0,10.0,-1.0,団野大成,1,1,12.1,1
2025051808020807,ブルーワール,4,510.0,4.0,1.0,松若風馬,1,2,6.5,0
2025051808020808,アレンテージョ,5,474.0,2.0,-1.0,団野大成,3,3,3.1,0
2025051808020809,サトノスカイターフ,7,510.0,2.0,1.0,団野大成,3,3,5.1,0
2025051808020810,ブリックワーク,4,436.0,0.0,0.0,吉村誠之,2,10,5.2,0
2025051808020811,サンライズフレイム,5,520.0,2.0,-1.0,藤岡佑介,1,5,3.9,0
2025051808020812,イミュータブル,5,474.0,4.0,-1.0,鮫島克駿,1,1,12.1,1
2025052404010701,パトリック,9,484.0,2.0,1.0,森一馬　,1,5,5.3,0
2025052404010702,トゥーザムーン,3,484.0,10.0,-1.0,横山琉人,1,1,6.0,1
2025052404010703,サツキレジーナ,3,420.0,6.0,1.0,今村聖奈,1,6,129.4,0
2025052404010704,セファーラジエル,7,534.0,6.0,1.0,中村将之,2,3,3.3,0
2025052404010705,ジョワイユノエル,3,464.0,8.0,1.0,丹内祐次,1,3,4.1,0
2025052404010706,アリステア,3,486.0,4.0,-1.0,斎藤新　,1,1,5.7,1
2025052404010707,アンダーザライト,3,524.0,2.0,-1.0,荻野極　,1,2,5.2,0
2025052404010708,カレンワッツアップ,4,476.0,4.0,-1.0,角田大和,1,2,4.1,0
2025052404010709,ヴェナートル,3,484.0,0.0,0.0,武藤雅　,1,1,12.2,1
2025052404010710,スズカミエール,4,468.0,0.0,0.0,斎藤新　,1,8,4.1,0
2025052404010711,クオレス,4,482.0,6.0,-1.0,武藤雅　,2,14,40.9,0
2025052404010712,プレアデスグループ,4,448.0,6.0,1.0,丹内祐次,1,3,26.0,0
2025052405020901,フォンデネージュ,3,516.0,4.0,1.0,ルメール,1,3,3.0,0
2025052405020902,ブルージュ,3,436.0,8.0,1.0,戸崎圭太,1,2,4.7,0
2025052405020903,ダブルメッセージ,3,484.0,2.0,1.0,石川裕紀,1,3,40.2,0
2025052405020904,エンゲルシュピール,3,456.0,6.0,1.0,横山和生,2,3,7.9,0
2025052405020905,ミエノフェアリー,3,396.0,10.0,-1.0,戸崎圭太,1,3,9.0,0
2025052405020906,モカラマーズ,3,470.0,6.0,-1.0,戸崎圭太,1,8,10.4,0
2025052405020907,アームテイル,5,466.0,6.0,1.0,大野拓弥,1,1,58.8,1
2025052405020908,アルニラム,4,472.0,4.0,1.0,内田博幸,2,2,10.8,0
2025052405020909,ジョスラン,3,464.0,10.0,-1.0,レーン　,1,1,5.6,1
2025052405020910,トラペジスト,4,538.0,4.0,1.0,戸崎圭太,1,2,3.5,0
2025052405020911,コンクイスタ,5,488.0,2.0,-1.0,北村宏司,1,3,6.3,0
2025052405020912,アルゴナヴィス,4,480.0,0.0,0.0,レーン　,1,1,4.0,1
2025052408020901,ストラテージュ,3,472.0,10.0,-1.0,田口貫太,1,8,99.9,0
2025052408020902,ハッピーダンチャン,3,466.0,2.0,-1.0,和田竜二,1,3,22.1,0
2025052408020903,オーケーダイナ,3,430.0,8.0,1.0,武豊　　,1,9,16.4,0
2025052408020904,ランフォースマイル,3,442.0,4.0,1.0,川田将雅,1,5,14.8,0
2025052408020905,サラダ,3,444.0,8.0,-1.0,武豊　　,1,1,6.3,1
2025052408020906,トゥロン,3,520.0,6.0,1.0,岩田望来,1,3,6.7,0
2025052408020907,テイクザクラウン,4,448.0,8.0,1.0,川田将雅,2,7,3.7,0
2025052408020908,モーメントキャッチ,5,526.0,8.0,-1.0,原田和真,2,2,10.5,0
2025052408020909,グラフィティアート,3,466.0,4.0,-1.0,浜中俊　,1,1,6.0,1
2025052408020910,イングランドアイズ,5,460.0,0.0,0.0,北村友一,1,5,26.3,0
2025052408020911,ライオットガール,5,482.0,9.0,1.0,吉村誠之,1,15,145.4,0
2025052408020912,プロミシングスター,4,460.0,6.0,1.0,団野大成,1,1,3.6,1
2025052504010801,アスコットアイ,3,434.0,4.0,-1.0,小林美駒,1,9,5.9,0
2025052504010802,ハニーローリエ,3,468.0,2.0,1.0,小林美駒,2,2,8.6,0
2025052504010803,ゴットランド,3,498.0,4.0,-1.0,横山琉人,1,1,5.2,1
2025052504010804,トゥラッタッタ,4,466.0,4.0,1.0,石神深一,1,1,4.9,1
2025052504010805,ストラニエーロ,3,452.0,8.0,1.0,荻野極　,1,1,43.8,1
2025052504010806,サミダレナイツ,3,482.0,0.0,0.0,舟山瑠泉,1,6,18.0,0
2025052504010807,ホワイトターフ,6,468.0,2.0,1.0,上里直汰,1,1,54.3,1
2025052504010808,モーデン,7,478.0,2.0,-1.0,佐々木大,1,6,9.1,0
2025052504010809,モアリジット,4,500.0,2.0,-1.0,菊沢一樹,1,12,10.4,0
2025052504010810,モンドプリューム,5,510.0,0.0,0.0,斎藤新　,1,2,4.4,0
2025052504010811,テイエムスパーダ,6,496.0,2.0,1.0,斎藤新　,1,1,4.7,1
2025052504010812,バルダンツァ,4,468.0,10.0,1.0,永島まな,1,1,5.4,1
2025052505021001,ホシニネガイヲ,3,432.0,6.0,1.0,三浦皇成,1,1,7.6,1
2025052505021002,デルマムーン,3,520.0,6.0,-1.0,シュタル,1,1,17.1,1
2025052505021003,ショウナンラリー,3,482.0,2.0,1.0,吉田豊　,1,4,4.3,0
2025052505021004,バンブルビー,3,464.0,0.0,0.0,田辺裕信,1,1,88.2,1
2025052505021005,コア,3,488.0,4.0,1.0,岩田望来,1,1,4.7,1
2025052505021006,シホノペルフェット,3,502.0,2.0,-1.0,ルメール,1,1,5.0,1
2025052505021007,モルトマエストーソ,4,538.0,10.0,-1.0,ディー　,1,1,5.3,1
2025052505021008,メジャーデビュー,4,444.0,2.0,1.0,石橋脩　,3,9,10.8,0
2025052505021009,オウケンボルト,6,454.0,0.0,0.0,シュタル,3,4,10.9,0
2025052505021010,コスモアディラート,7,516.0,8.0,1.0,石川裕紀,2,3,19.9,0
2025052505021011,エンブロイダリー,3,482.0,0.0,0.0,ルメール,1,9,3.3,0
2025052505021012,オペラプラージュ,4,506.0,2.0,-1.0,北村友一,1,16,17.0,0
2025052508021001,サッポロキタコ,3,478.0,2.0,1.0,浜中俊　,1,8,7.6,0
2025052508021002,フクキタテーラー,3,422.0,4.0,-1.0,菱田裕二,1,3,29.7,0
2025052508021003,ワールドキッス,3,444.0,4.0,1.0,浜中俊　,1,1,27.7,1
2025052508021004,ビップディラン,3,452.0,2.0,-1.0,鮫島克駿,2,2,3.9,0
2025052508021005,ノーランサンライズ,3,480.0,2.0,-1.0,松若風馬,1,9,55.2,0
2025052508021006,イリフィ,3,416.0,0.0,0.0,鮫島克駿,1,6,13.4,0
2025052508021007,カミノレアル,3,508.0,4.0,-1.0,田口貫太,1,3,27.8,0
2025052508021008,ドンアチェカ,5,492.0,10.0,1.0,松山弘平,4,5,10.7,0
2025052508021009,エールトゥヘヴン,6,462.0,8.0,-1.0,池添謙一,1,1,10.5,1
2025052508021010,キャプテンネキ,4,544.0,6.0,-1.0,松若風馬,1,1,3.2,1
2025052508021011,ケイアイセナ,6,484.0,4.0,1.0,秋山稔樹,1,6,12.8,0
2025052508021012,アーマルコライト,4,516.0,14.0,-1.0,吉村誠之,2,1,3.4,1
2025053105021101,シュガーハイ,3,510.0,4.0,1.0,小林美駒,1,1,8.1,1
2025053105021102,オビドス,3,480.0,8.0,1.0,吉田豊　,1,2,5.0,0
2025053105021103,ガジュノリホワイト,3,460.0,6.0,1.0,小林美駒,2,2,6.3,0
2025053105021104,スズカハービン,5,468.0,2.0,-1.0,難波剛健,1,1,4.7,1
2025053105021105,コスモアチーブ,3,470.0,2.0,-1.0,津村明秀,1,1,5.2,1
2025053105021106,ホウオウゴールド,3,460.0,2.0,-1.0,横山和生,1,9,37.5,0
2025053105021107,フォルテム,3,480.0,12.0,1.0,長浜鴻緒,1,6,12.1,0
2025053105021108,サンドオブエテル,4,486.0,14.0,-1.0,長浜鴻緒,1,1,61.4,1
2025053105021110,メタルスピード,5,512.0,2.0,-1.0,横山武史,1,5,5.5,0
2025053105021111,レディントン,4,484.0,8.0,-1.0,横山武史,2,2,16.0,0
2025053105021112,ユアフラッシュ,5,468.0,0.0,0.0,川端海翼,1,1,51.1,1
2025053108021101,アレーティア,3,504.0,2.0,1.0,浜中俊　,1,3,7.1,0
2025053108021102,クインズメレンゲ,3,452.0,2.0,-1.0,田口貫太,1,5,12.9,0
2025053108021103,ミッキーコンドル,3,444.0,0.0,0.0,池添謙一,1,2,22.1,0
2025053108021104,ダンツアトム,3,496.0,14.0,-1.0,和田陽希,1,1,137.6,1
2025053108021105,オリバナム,3,470.0,4.0,-1.0,団野大成,1,1,12.5,1
2025053108021106,モンシェリ,4,460.0,2.0,1.0,鮫島克駿,1,4,5.6,0
2025053108021107,タケトンボ,6,466.0,6.0,1.0,丹内祐次,2,2,4.6,0
2025053108021108,クスクス,4,486.0,2.0,-1.0,池添謙一,1,1,18.5,1
2025053108021109,シャルクハフト,3,492.0,0.0,0.0,坂井瑠星,1,2,7.6,0
2025053108021110,ソーニーイシュー,4,520.0,18.0,1.0,川田将雅,1,1,3.6,1
2025053108021111,サウスバンク,3,486.0,0.0,0.0,西塚洸二,1,4,15.0,0
2025053108021112,リチャードバローズ,4,508.0,4.0,-1.0,北村友一,2,5,3.8,0
2025060105021201,エウテルペ,3,460.0,4.0,1.0,ディー　,2,2,12.5,0
2025060105021202,カフェブーケット,3,484.0,2.0,-1.0,横山和生,1,2,3.7,0
2025060105021203,サトミノエンジェル,3,514.0,8.0,1.0,横山典弘,2,2,3.8,0
2025060105021204,ダノンエンブレム,3,440.0,0.0,0.0,ルメール,1,1,5.8,1
2025060105021205,マーズオデッセイ,3,506.0,6.0,1.0,横山典弘,1,7,6.0,0
2025060105021206,ニシノティアモ,4,440.0,12.0,1.0,津村明秀,1,1,3.7,1
2025060105021207,ヘレンキムゼー,6,504.0,6.0,-1.0,田辺裕信,3,2,5.3,0
2025060105021208,ジュンツバメガエシ,5,512.0,4.0,1.0,川田将雅,2,7,14.5,0
2025060105021209,ダノンザボルケーノ,4,476.0,2.0,1.0,横山典弘,1,1,4.2,1
2025060105021210,アンリーロード,5,482.0,4.0,1.0,北村友一,1,11,23.9,0
2025060105021211,ショウヘイ,3,460.0,4.0,1.0,ルメール,1,3,14.4,0
2025060105021212,シルブロン,7,496.0,6.0,1.0,レーン　,1,5,21.2,0
2025060108021201,チムニーパイプ,3,414.0,2.0,1.0,菱田裕二,1,7,6.5,0
2025060108021202,サルファー,3,546.0,6.0,1.0,国分恭介,2,2,3.7,0
2025060108021203,レインオンミー,3,484.0,2.0,-1.0,和田竜二,1,10,14.0,0
2025060108021204,ナリノモンターニュ,8,516.0,4.0,-1.0,五十嵐雄,2,2,3.5,0
2025060108021205,ヤマニンヒストリア,3,450.0,2.0,-1.0,吉村誠之,2,2,6.1,0
2025060108021206,ライツユーアップ,3,428.0,2.0,-1.0,角田大和,1,12,16.2,0
2025060108021207,シルバーカレッジ,4,516.0,22.0,1.0,鮫島克駿,2,3,7.0,0
2025060108021208,ワークソング,4,482.0,6.0,1.0,国分恭介,1,7,12.6,0
2025060108021209,コパノアントニオ,4,482.0,16.0,1.0,藤岡佑介,1,14,72.5,0
2025060108021210,タマモブラックタイ,5,518.0,6.0,-1.0,幸英明　,1,9,10.0,0
2025060108021211,ニュークレド,3,424.0,0.0,0.0,菱田裕二,1,4,12.3,0
2025060108021212,デイトナモード,5,534.0,14.0,-1.0,高杉吏麒,1,8,39.4,0
2025060705030101,プラチナトレジャー,7,490.0,0.0,0.0,伴啓太　,1,2,3.0,0
2025060705030102,アドリアフレイバー,3,478.0,6.0,-1.0,戸崎圭太,1,3,3.3,0
2025060705030103,ベネスピラ,3,454.0,4.0,1.0,荻野極　,2,3,6.4,0
2025060705030104,バッキンガムパレス,3,490.0,6.0,-1.0,大野拓弥,3,2,17.3,0
2025060705030105,ディバインウインド,2,472.0,0.0,0.0,レーン　,1,1,3.1,1
2025060705030106,シルバードン,3,478.0,2.0,-1.0,石橋脩　,1,4,98.8,0
2025060705030107,キューティリップ,3,454.0,2.0,-1.0,横山武史,1,1,3.7,1
2025060705030108,バランスダンサー,4,476.0,4.0,-1.0,田辺裕信,1,1,11.6,1
2025060705030109,サトノパトリオット,3,490.0,2.0,1.0,ルメール,1,2,5.7,0
2025060705030110,カラヴァジェスティ,3,466.0,6.0,1.0,戸崎圭太,1,8,3.9,0
2025060705030111,サフランヒーロー,4,452.0,0.0,0.0,黛弘人　,1,1,8.7,1
2025060705030112,ダノンストラーダ,4,510.0,2.0,1.0,菅原明良,2,13,11.0,0
2025060709030101,レストプレドゥモア,3,460.0,4.0,1.0,斎藤新　,1,6,31.4,0
2025060709030102,ココデイック,3,494.0,6.0,1.0,高杉吏麒,1,2,6.9,0
2025060709030103,メイショウセイロウ,3,420.0,2.0,1.0,団野大成,1,4,4.3,0
2025060709030104,ドラゴンテイラー,3,524.0,26.0,1.0,高杉吏麒,1,1,7.6,1
2025060709030105,アンドゥーリル,2,456.0,0.0,0.0,藤岡佑介,1,2,5.4,0
2025060709030106,サトノソティラス,3,496.0,0.0,0.0,吉村誠之,1,1,6.2,1
2025060709030107,モアリジット,4,494.0,6.0,-1.0,角田大和,1,8,117.0,0
2025060709030108,ハイウェイスター,4,492.0,14.0,1.0,川田将雅,2,4,3.3,0
2025060709030109,フォーキャンドルズ,3,496.0,4.0,-1.0,団野大成,1,4,12.8,0
2025060709030110,ロードラビリンス,3,488.0,0.0,0.0,川田将雅,1,1,3.8,1
2025060709030111,シェイクユアハート,5,454.0,4.0,-1.0,古川吉洋,1,1,5.3,1
2025060709030112,ラファル,3,508.0,4.0,-1.0,岩田望来,1,3,5.6,0
2025060805030201,ウィンターサン,3,446.0,2.0,1.0,津村明秀,1,1,6.1,1
2025060805030202,トライゴーニック,3,474.0,0.0,0.0,矢野貴之,1,1,4.5,1
2025060805030203,コスモグラニット,3,488.0,2.0,1.0,横山武史,1,1,3.4,1
2025060805030204,ガンバレベアー,3,478.0,0.0,0.0,佐々木大,2,3,17.0,0
2025060805030205,シーミハットク,2,480.0,0.0,0.0,坂井瑠星,1,7,16.8,0
2025060805030206,シーグルロス,2,456.0,0.0,0.0,丹内祐次,1,11,48.1,0
2025060805030207,アレスグート,3,456.0,2.0,1.0,木幡巧也,1,8,22.4,0
2025060805030208,ニシノクードクール,3,448.0,0.0,0.0,武藤雅　,1,10,65.1,0
2025060805030209,オウケンボルト,6,448.0,6.0,-1.0,横山和生,3,10,52.4,0
2025060805030210,ジャスパーバローズ,5,504.0,6.0,-1.0,浜中俊　,1,11,11.6,0
2025060805030211,ロングラン,7,476.0,2.0,-1.0,岩田康誠,1,13,87.6,0
2025060805030212,グラヴィス,4,490.0,0.0,0.0,坂井瑠星,1,5,30.3,0
2025060809030201,サンダーアラート,4,470.0,0.0,0.0,上野翔　,1,1,3.8,1
2025060809030202,モズカトレア,3,486.0,2.0,-1.0,岩田望来,1,1,3.9,1
2025060809030203,リメンバーヒム,3,450.0,8.0,-1.0,高杉吏麒,1,2,3.1,0
2025060809030204,ハッピーダンチャン,3,462.0,4.0,-1.0,和田竜二,1,4,8.3,0
2025060809030205,トモジャプレジール,2,420.0,0.0,0.0,国分優作,1,4,52.9,0
2025060809030206,シェーラ,3,420.0,0.0,0.0,田山旺佑,1,8,19.5,0
2025060809030207,ラトラース,3,470.0,4.0,-1.0,藤岡佑介,2,3,3.4,0
2025060809030208,チュウジョウ,3,506.0,0.0,0.0,幸英明　,1,1,3.5,1
2025060809030209,ディーガレジェンド,4,466.0,6.0,1.0,西塚洸二,2,3,4.1,0
2025060809030210,プロトポロス,5,488.0,2.0,-1.0,斎藤新　,1,1,12.6,1
2025060809030211,サンライズアムール,6,526.0,0.0,0.0,幸英明　,1,1,7.6,1
2025060809030212,ブルクトーア,3,488.0,6.0,-1.0,小沢大仁,1,3,15.4,0
2025061402010101,アンビシャスヨシノ,3,468.0,2.0,-1.0,松本大輝,1,4,8.3,0
2025061402010102,アレーティア,3,500.0,4.0,-1.0,浜中俊　,1,1,3.1,1
2025061402010103,ストラテージュ,3,466.0,6.0,-1.0,古川奈穂,1,4,6.7,0
2025061402010104,コンドゥイア,3,482.0,6.0,1.0,鷲頭虎太,1,2,8.6,0
2025061402010105,ムーンリットアイル,2,450.0,0.0,0.0,藤岡佑介,2,3,4.5,0
2025061402010106,コスモシェルベット,3,436.0,4.0,-1.0,横山武史,1,1,3.5,1
2025061402010107,ラセーヌシュメール,4,446.0,4.0,-1.0,佐々木大,1,8,31.8,0
2025061402010108,ビーマックス,3,500.0,4.0,-1.0,中井裕二,2,2,17.3,0
2025061402010109,ロードリベラシオン,3,496.0,4.0,-1.0,横山和生,1,1,16.0,1
2025061402010110,トーアライデン,5,506.0,6.0,1.0,岩田康誠,1,9,5.9,0
2025061402010111,レイベリング,5,490.0,4.0,1.0,吉田隼人,1,13,120.8,0
2025061402010112,ゴルデールスカー,5,470.0,0.0,0.0,岩田康誠,2,2,5.1,0
2025061405030301,ロフティストーリー,3,502.0,6.0,1.0,田辺裕信,1,1,4.9,1
2025061405030302,オビドス,3,478.0,2.0,-1.0,吉田豊　,1,1,4.7,1
2025061405030303,ジェイエルバース,3,498.0,4.0,-1.0,小林凌大,1,1,58.4,1
2025061405030304,ロスコフ,7,502.0,2.0,-1.0,草野太郎,2,4,6.3,0
2025061405030305,シックスリングス,2,442.0,0.0,0.0,荻野極　,2,2,11.2,0
2025061405030306,クリエープキー,2,434.0,0.0,0.0,木幡巧也,1,4,6.8,0
2025061405030307,デュピュイドローム,3,520.0,8.0,-1.0,内田博幸,2,10,3.9,0
2025061405030308,イブニングタイド,3,448.0,6.0,1.0,菅原明良,1,1,12.0,1
2025061405030309,ノットイナフ,4,474.0,2.0,-1.0,石橋脩　,1,1,15.5,1
2025061405030310,ナイトアクアリウム,5,496.0,0.0,0.0,長岡禎仁,1,12,3.4,0
2025061405030311,トゥデイイズザデイ,6,472.0,2.0,-1.0,石川裕紀,2,2,57.1,0
2025061405030312,サードウインド,3,444.0,4.0,-1.0,津村明秀,2,14,27.1,0
2025061409030301,フクキタテーラー,3,422.0,0.0,0.0,菱田裕二,1,1,15.0,1
2025061409030302,ケイアイブイスリー,3,444.0,0.0,0.0,和田竜二,1,1,23.9,1
2025061409030303,オリジナルファイン,3,498.0,4.0,-1.0,吉村誠之,3,7,8.3,0
2025061409030304,ジーティードレス,3,434.0,0.0,0.0,岩田望来,1,1,7.6,1
2025061409030305,サトノボヤージュ,2,462.0,0.0,0.0,坂井瑠星,1,2,3.5,0
2025061409030306,テーオーシュタイン,3,466.0,0.0,0.0,川田将雅,1,3,3.4,0
2025061409030307,プレアデスグループ,4,446.0,2.0,-1.0,高杉吏麒,1,1,16.7,1
2025061409030308,ファミリータイム,4,478.0,6.0,-1.0,松山弘平,1,2,10.8,0
2025061409030309,ノクナレア,3,446.0,4.0,1.0,松山弘平,1,2,3.3,0
2025061409030310,モンドプリューム,5,502.0,8.0,-1.0,坂井瑠星,1,4,4.5,0
2025061409030311,レアンダー,4,466.0,2.0,-1.0,永島まな,1,4,81.6,0
2025061409030312,ペプチドクレマチス,3,446.0,2.0,1.0,岩田望来,1,1,6.6,1
2025061502010201,エルサトアナ,3,422.0,6.0,-1.0,松本大輝,1,1,3.2,1
2025061502010202,アスクガンバーレ,3,442.0,2.0,-1.0,岩田康誠,3,3,5.7,0
2025061502010203,トーアジョウトウ,3,496.0,1.0,1.0,舟山瑠泉,1,1,4.6,1
2025061502010204,リギーロ,3,474.0,2.0,1.0,佐々木大,1,1,7.6,1
2025061502010205,マーゴットミスト,2,512.0,0.0,0.0,鷲頭虎太,2,4,15.5,0
2025061502010206,フィエールガール,3,454.0,0.0,0.0,斎藤新　,3,10,32.2,0
2025061502010207,サベージラヴ,4,466.0,22.0,1.0,佐々木大,1,5,8.7,0
2025061502010208,シアター,4,450.0,10.0,1.0,小林美駒,1,1,7.5,1
2025061502010209,マルカオペラ,4,480.0,0.0,0.0,小沢大仁,1,1,6.6,1
2025061502010210,クロドラバール,4,516.0,6.0,-1.0,浜中俊　,1,8,4.1,0
2025061502010211,アイノセンシ,5,512.0,4.0,1.0,佐々木大,1,12,13.7,0
2025061502010212,ドゥラリス,3,512.0,10.0,1.0,吉田隼人,1,2,5.1,0
2025061505030401,マオノクラッシュ,3,490.0,0.0,0.0,団野大成,1,7,3.0,0
2025061505030402,ブルージャイアント,3,546.0,2.0,1.0,原優介　,1,2,3.3,0
2025061505030403,アリアルブラック,3,500.0,8.0,1.0,田辺裕信,2,6,20.8,0
2025061505030404,ララバニュルス,3,524.0,0.0,0.0,菅原明良,1,4,3.9,0
2025061505030405,カムアップローゼス,2,456.0,0.0,0.0,三浦皇成,2,2,20.0,0
2025061505030406,トゥーザムーン,3,486.0,2.0,1.0,横山琉人,1,1,27.3,1
2025061505030407,ダンツファイター,3,554.0,6.0,-1.0,三浦皇成,1,1,18.4,1
2025061505030408,グレイスザクラウン,3,508.0,2.0,1.0,木幡巧也,1,1,3.6,1
2025061505030409,ストレイトトーカー,3,470.0,2.0,-1.0,大野拓弥,1,2,4.7,0
2025061505030410,ヴォランテ,5,466.0,0.0,0.0,菅原明良,1,2,9.4,0
2025061505030411,ベガリス,5,438.0,0.0,0.0,藤懸貴志,1,2,7.3,0
2025061505030412,スペイドアン,4,498.0,12.0,-1.0,田辺裕信,1,2,5.3,0
2025061509030401,メイショウドライブ,3,442.0,4.0,1.0,幸英明　,1,1,3.8,1
2025061509030402,メイショウヤシマ,3,464.0,2.0,1.0,松山弘平,1,1,6.4,1
2025061509030403,ワンコールアウェイ,3,450.0,4.0,-1.0,松山弘平,1,1,4.1,1
2025061509030404,サミダレナイツ,3,480.0,2.0,-1.0,戸崎圭太,1,6,14.1,0
2025061509030405,ユヴァスキュラ,2,446.0,0.0,0.0,高杉吏麒,1,4,124.8,0
2025061509030406,シャルクハフト,3,492.0,0.0,0.0,吉村誠之,1,1,4.5,1
2025061509030407,サラダ,3,448.0,4.0,1.0,武豊　　,2,3,4.5,0
2025061509030408,パルクリチュード,5,456.0,6.0,1.0,松山弘平,1,2,6.2,0
2025061509030409,コト,4,488.0,6.0,1.0,岩田望来,1,11,21.1,0
2025061509030410,ポルカリズム,5,490.0,4.0,1.0,武豊　　,1,12,42.7,0
2025061509030411,ロードデルレイ,5,492.0,6.0,1.0,川田将雅,1,8,6.2,0
2025061509030412,アガシ,4,488.0,2.0,1.0,田口貫太,1,8,19.8,0
2025062102010301,ワタシマツワ,3,408.0,4.0,1.0,小林美駒,1,4,44.2,0
2025062102010302,フォレストオール,3,440.0,8.0,-1.0,長浜鴻緒,3,2,5.6,0
2025062102010303,サンライズバレット,3,506.0,0.0,0.0,鮫島克駿,1,1,3.4,1
2025062102010304,ドルチェリターン,3,464.0,6.0,1.0,北村友一,2,12,12.3,0
2025062102010305,プレセピオ,2,460.0,0.0,0.0,岩田康誠,1,7,12.2,0
2025062102010306,スターオブロンドン,2,476.0,0.0,0.0,古川奈穂,1,1,4.4,1
2025062102010307,パーフェクトパール,3,476.0,0.0,0.0,佐々木大,1,2,8.1,0
2025062102010308,テイエムタリスマ,4,470.0,2.0,-1.0,小林美駒,1,1,4.4,1
2025062102010309,ミクストベリーズ,3,476.0,4.0,-1.0,横山武史,1,3,5.5,0
2025062102010310,イゾレエオリア,5,464.0,8.0,1.0,佐々木大,3,5,3.3,0
2025062102010311,ゴールドサーベル,4,472.0,2.0,-1.0,武豊　　,1,1,20.0,1
2025062102010312,ロングウェイホーム,3,524.0,0.0,0.0,武豊　　,1,4,5.1,0
2025062105030501,メリーサウンド,3,448.0,4.0,-1.0,小沢大仁,1,1,41.1,1
2025062105030502,サクラパステル,3,470.0,6.0,-1.0,丸山元気,1,1,8.0,1
2025062105030503,スターエンブレム,3,482.0,14.0,1.0,菅原明良,1,5,7.5,0
2025062105030504,ポタリング,3,430.0,0.0,0.0,江田照男,1,5,121.8,0
2025062105030505,グランセレスト,2,510.0,0.0,0.0,三浦皇成,1,5,17.8,0
2025062105030506,ペルセア,2,502.0,0.0,0.0,ルメール,1,1,5.2,1
2025062105030507,タブロー,3,458.0,4.0,-1.0,荻野極　,2,6,15.3,0
2025062105030508,ドリームクルーズ,4,488.0,4.0,-1.0,吉田豊　,1,6,62.2,0
2025062105030509,ヤマニンブークリエ,3,516.0,4.0,1.0,横山典弘,1,1,3.6,1
2025062105030510,トラペジスト,4,538.0,0.0,0.0,レーン　,1,1,3.7,1
2025062105030511,ピュアキアン,4,508.0,6.0,-1.0,吉田豊　,1,4,6.4,0
2025062105030512,ポッドベル,3,462.0,8.0,-1.0,小沢大仁,1,8,20.3,0
2025062109030501,マテンロウジョイ,5,476.0,8.0,1.0,西谷誠　,1,1,18.2,1
2025062109030502,ドマーネ,3,438.0,10.0,1.0,幸英明　,3,9,11.3,0
2025062109030503,ウルスクローム,3,476.0,0.0,0.0,幸英明　,1,1,5.3,1
2025062109030504,タールベルク,3,508.0,4.0,-1.0,吉村誠之,2,3,12.1,0
2025062109030505,ブライトフレア,2,440.0,0.0,0.0,西塚洸二,1,6,23.8,0
2025062109030506,フララナキラ,3,448.0,2.0,-1.0,坂井瑠星,1,1,3.5,1
2025062109030507,ミントマーク,5,476.0,6.0,1.0,幸英明　,1,1,31.0,1
2025062109030508,カペルブリュッケ,3,448.0,8.0,-1.0,高杉吏麒,1,5,54.3,0
2025062109030509,メタルスピード,5,512.0,0.0,0.0,岩田望来,1,8,6.2,0
2025062109030510,ヴェルテンベルク,5,478.0,6.0,-1.0,団野大成,1,1,17.9,1
2025062109030511,ライツフォル,5,494.0,2.0,-1.0,坂井瑠星,1,6,5.7,0
2025062109030512,バンディート,5,526.0,15.0,1.0,松若風馬,1,7,84.1,0
2025062202010401,ヒットザグラウンド,3,448.0,18.0,1.0,古川吉洋,1,2,12.1,0
2025062202010402,シェリルファミーユ,3,436.0,0.0,0.0,武豊　　,1,1,4.9,1
2025062202010403,エンジェルラダー,3,478.0,2.0,-1.0,佐々木大,1,2,7.8,0
2025062202010404,スペシャルバニー,3,402.0,6.0,1.0,横山和生,1,15,19.6,0
2025062202010405,クラディスティーナ,2,476.0,0.0,0.0,横山武史,1,1,4.0,1
2025062202010406,ロードスカイブルー,3,466.0,4.0,-1.0,横山和生,1,2,6.7,0
2025062202010407,ドゥカート,3,472.0,4.0,1.0,鮫島克駿,1,1,30.7,1
2025062202010408,シルバーダイヤ,5,466.0,0.0,0.0,横山和生,2,7,27.2,0
2025062202010409,ウインデイジー,4,456.0,0.0,0.0,丹内祐次,1,2,3.0,0
2025062202010410,タマモヴェナトル,5,450.0,4.0,-1.0,菊沢一樹,2,14,32.2,0
2025062202010411,オードゥメール,6,494.0,0.0,0.0,斎藤新　,1,1,59.6,1
2025062202010412,プレゼンティーア,4,488.0,18.0,1.0,藤岡佑介,1,6,7.5,0
2025062205030601,キャプテンローレル,6,474.0,4.0,-1.0,五十嵐雄,1,7,61.3,0
2025062205030602,ワスカル,3,506.0,10.0,-1.0,丸山元気,1,1,10.4,1
2025062205030603,ブルージャイアント,3,542.0,4.0,-1.0,原優介　,1,1,6.2,1
2025062205030604,マイネルアズーロ,3,460.0,0.0,0.0,津村明秀,2,2,24.4,0
2025062205030605,シャルトル,2,440.0,0.0,0.0,三浦皇成,1,5,5.5,0
2025062205030606,ランドスター,2,506.0,0.0,0.0,丸田恭介,1,1,23.8,1
2025062205030607,リュウノタブーク,4,440.0,17.0,-1.0,嶋田純次,1,1,34.0,1
2025062205030608,レイククレセント,4,416.0,0.0,0.0,レーン　,1,9,4.7,0
2025062205030609,クインズデネブ,4,430.0,12.0,1.0,団野大成,1,4,7.0,0
2025062205030610,アクートゥス,5,462.0,4.0,-1.0,内田博幸,1,5,122.6,0
2025062205030611,カナテープ,6,484.0,12.0,1.0,大野拓弥,2,2,6.6,0
2025062205030612,アルーリングタイム,4,526.0,8.0,1.0,戸崎圭太,1,13,6.5,0
2025062209030601,ヌーヴェルソール,3,430.0,12.0,1.0,田口貫太,3,8,203.1,0
2025062209030602,ルクスメンデス,3,478.0,10.0,1.0,国分優作,1,5,129.3,0
2025062209030603,コンタンゴ,3,436.0,2.0,-1.0,松山弘平,1,3,4.9,0
2025062209030604,ボンドロア,3,470.0,2.0,1.0,横山典弘,1,1,5.7,1
2025062209030605,クールデイトナ,2,452.0,0.0,0.0,幸英明　,1,4,37.9,0
2025062209030606,シュテフィ,2,448.0,0.0,0.0,松山弘平,1,1,10.9,1
2025062209030607,オデット,3,444.0,2.0,1.0,吉村誠之,1,1,5.9,1
2025062209030608,ジェミート,3,484.0,2.0,-1.0,岩田康誠,1,10,11.3,0
2025062209030609,イケイケドンドン,5,470.0,2.0,-1.0,小沢大仁,1,1,11.8,1
2025062209030610,ルシュヴァルドール,4,536.0,2.0,-1.0,松山弘平,1,1,4.3,1
2025062209030611,デビットバローズ,6,504.0,0.0,0.0,松山弘平,1,5,4.9,0
2025062209030612,アウトドライブ,4,560.0,2.0,-1.0,幸英明　,1,1,18.3,1
2025062802010501,オーケーダイナ,3,430.0,0.0,0.0,武豊　　,1,1,3.7,1
2025062802010502,ピストルスター,3,498.0,4.0,1.0,北村友一,1,1,4.0,1
2025062802010503,ヒサエノオモカゲ,3,474.0,4.0,-1.0,横山武史,1,6,4.6,0
2025062802010504,アスクデッドヒート,3,482.0,6.0,1.0,古川奈穂,2,8,4.9,0
2025062802010505,フィオラーノ,2,438.0,0.0,0.0,松本大輝,1,1,5.0,1
2025062802010506,アスクガンバーレ,3,442.0,0.0,0.0,岩田康誠,1,1,4.9,1
2025062802010507,マイスターヴェルク,3,502.0,6.0,-1.0,横山和生,1,1,5.0,1
2025062802010508,サベージラヴ,4,468.0,2.0,1.0,小林美駒,1,1,15.8,1
2025062802010509,ブルーアイドガール,4,456.0,12.0,1.0,吉田隼人,1,2,6.6,0
2025062802010510,トーアライデン,5,508.0,2.0,1.0,岩田康誠,1,16,18.5,0
2025062802010511,モリノドリーム,6,494.0,6.0,1.0,横山武史,1,5,5.4,0
2025062802010512,レッドライトニング,4,478.0,0.0,0.0,舟山瑠泉,1,2,7.8,0
2025062803020101,フォトンゲイザー,2,424.0,2.0,1.0,石橋脩　,1,6,6.5,0
2025062803020102,アドリアフレイバー,3,472.0,6.0,-1.0,田辺裕信,1,1,3.0,1
2025062803020103,ベルチュガダン,3,462.0,2.0,1.0,丸山元気,1,1,3.6,1
2025062803020104,サトノシャルレーヌ,3,448.0,6.0,1.0,荻野極　,1,1,3.0,1
2025062803020105,イイクニパッション,2,486.0,0.0,0.0,内田博幸,2,2,4.1,0
2025062803020106,セイカミナミホリエ,2,468.0,0.0,0.0,横山琉人,1,1,4.0,1
2025062803020107,ルークスヘリオス,6,488.0,2.0,-1.0,西塚洸二,3,2,35.2,0
2025062803020108,バシレイア,3,450.0,10.0,-1.0,武藤雅　,1,1,5.2,1
2025062803020109,レミージュ,5,438.0,2.0,-1.0,石橋脩　,1,1,12.3,1
2025062803020110,クラウンシエンタ,4,492.0,2.0,-1.0,三浦皇成,1,2,9.0,0
2025062803020111,ルカランフィースト,4,484.0,6.0,1.0,菅原明良,1,12,14.2,0
2025062803020112,オーケーバーディー,4,458.0,14.0,1.0,横山琉人,1,1,11.3,1
2025062810020101,フリーダムレイン,4,476.0,4.0,-1.0,五十嵐雄,2,1,4.5,1
2025062810020102,トモジャプレジール,2,418.0,2.0,-1.0,国分優作,1,5,6.9,0
2025062810020103,カルドウェル,3,466.0,12.0,-1.0,団野大成,1,1,22.1,1
2025062810020104,クラヴァンス,3,474.0,6.0,1.0,Ｍ．デム,1,6,13.9,0
2025062810020105,ウイントッペン,2,474.0,0.0,0.0,松山弘平,2,2,3.5,0
2025062810020106,ミキノバカラ,3,480.0,9.0,1.0,幸英明　,1,9,12.5,0
2025062810020107,ウインレオネッサ,3,426.0,10.0,1.0,田山旺佑,1,1,23.4,1
2025062810020108,ルージュミラージュ,3,456.0,12.0,1.0,今村聖奈,1,10,13.0,0
2025062810020109,バースライト,3,506.0,2.0,1.0,浜中俊　,1,4,4.6,0
2025062810020110,テレサ,3,432.0,4.0,1.0,松山弘平,1,1,3.0,1
2025062810020111,マッシャーブルム,4,522.0,6.0,1.0,高倉稜　,2,2,7.8,0
2025062810020112,ダニエルバローズ,3,530.0,2.0,1.0,泉谷楓真,1,9,6.1,0
2025062902010601,シーグルロス,2,446.0,10.0,-1.0,小林美駒,1,1,50.3,1
2025062902010602,ストラテージュ,3,460.0,6.0,-1.0,古川奈穂,1,1,11.6,1
2025062902010603,アンビシャスヨシノ,3,466.0,2.0,-1.0,松本大輝,1,5,5.9,0
2025062902010604,オオタチ,3,454.0,2.0,1.0,木幡巧也,2,3,6.9,0
2025062902010605,エスカレイト,2,436.0,0.0,0.0,小林美駒,1,1,4.5,1
2025062902010606,キントラダンサー,3,472.0,4.0,1.0,横山武史,2,11,8.0,0
2025062902010607,クリノハレルヤ,4,478.0,2.0,-1.0,森田誠也,1,1,25.4,1
2025062902010608,ドゥラリス,3,514.0,2.0,1.0,吉田隼人,1,11,3.2,0
2025062902010609,シュバルツマサムネ,3,472.0,16.0,1.0,北村友一,1,1,8.9,1
2025062902010610,ミレニアムヒロイン,4,438.0,2.0,1.0,木幡巧也,2,3,31.6,0
2025062902010611,トップナイフ,5,492.0,0.0,0.0,横山和生,1,10,7.9,0
2025062902010612,トウカイファクター,6,464.0,4.0,-1.0,木幡巧也,1,1,34.2,1
2025062903020201,エウテルペ,3,456.0,4.0,-1.0,戸崎圭太,1,1,3.1,1
2025062903020202,ラーシャローム,3,482.0,2.0,1.0,石川裕紀,1,1,76.2,1
2025062903020203,タキノボリ,3,460.0,6.0,1.0,戸崎圭太,1,3,5.7,0
2025062903020204,レイヤードレッド,3,470.0,6.0,-1.0,嶋田純次,1,1,4.3,1
2025062903020205,ニシノエースサマ,2,486.0,0.0,0.0,津村明秀,1,5,19.6,0
2025062903020206,ハッピーエンジェル,2,418.0,0.0,0.0,遠藤汰月,1,1,3.3,1
2025062903020207,ルージュアズライト,5,456.0,4.0,1.0,荻野極　,1,1,11.4,1
2025062903020208,シャイニースイフト,5,434.0,8.0,-1.0,舟山瑠泉,1,1,53.2,1
2025062903020209,ヴァンヴィーヴ,4,504.0,4.0,-1.0,戸崎圭太,2,2,5.3,0
2025062903020210,ブレスワード,4,510.0,2.0,1.0,ルメール,1,5,7.7,0
2025062903020211,トレサフィール,3,472.0,4.0,1.0,横山典弘,1,6,5.0,0
2025062903020212,イェルマーク,4,500.0,10.0,1.0,戸崎圭太,1,7,8.2,0
2025062910020201,ロードプレジール,7,504.0,0.0,0.0,小牧加矢,1,2,3.0,0
2025062910020202,スマートロベール,3,430.0,12.0,1.0,西塚洸二,3,4,15.6,0
2025062910020203,サンライズロジャー,3,516.0,8.0,-1.0,幸英明　,1,1,4.3,1
2025062910020204,チャチャピンク,3,472.0,10.0,1.0,幸英明　,1,1,8.2,1
2025062910020205,エイシンディアマン,2,456.0,0.0,0.0,高倉稜　,1,4,6.7,0
2025062910020206,タマモイカロス,2,536.0,0.0,0.0,高杉吏麒,1,2,7.6,0
2025062910020207,ランフォースマイル,3,448.0,6.0,1.0,川田将雅,1,1,5.1,1
2025062910020208,ディーエスショウマ,3,462.0,2.0,1.0,松山弘平,1,1,9.1,1
2025062910020209,フォーキャンドルズ,3,498.0,2.0,1.0,団野大成,1,6,7.4,0
2025062910020210,メイショウフウドウ,4,490.0,2.0,1.0,高杉吏麒,1,1,10.5,1
2025062910020211,ヤマニンアンフィル,6,490.0,4.0,1.0,団野大成,1,1,5.8,1
2025062910020212,オンザムーブ,3,506.0,0.0,0.0,坂井瑠星,1,1,6.5,1
2025070502010701,プレセピオ,2,464.0,4.0,1.0,浜中俊　,1,3,41.4,0
2025070502010702,バースフラワー,3,450.0,2.0,1.0,小林美駒,3,6,10.0,0
2025070502010703,モルビド,3,420.0,12.0,1.0,藤岡佑介,1,1,57.0,1
2025070502010704,スペシャルバニー,3,404.0,2.0,1.0,斎藤新　,5,1,32.0,1
2025070502010705,ドナソレイ,2,462.0,0.0,0.0,横山武史,2,2,3.7,0
2025070502010706,ザハント,3,484.0,6.0,-1.0,横山武史,2,2,4.5,0
2025070502010707,ヤコブセン,3,502.0,4.0,-1.0,鮫島克駿,1,4,6.6,0
2025070502010708,ルクスアドラー,4,464.0,2.0,-1.0,佐々木大,5,4,8.0,0
2025070502010709,ウォータークラーク,3,474.0,0.0,0.0,武豊　　,1,1,3.5,1
2025070502010710,パフ,4,480.0,0.0,0.0,鮫島克駿,1,7,7.8,0
2025070502010711,ナムラクララ,3,474.0,10.0,1.0,浜中俊　,1,1,3.5,1
2025070502010712,マジカルフェアリー,3,452.0,10.0,1.0,横山武史,1,9,6.2,0
2025070503020301,リレーションシップ,8,522.0,6.0,1.0,小牧加矢,1,5,6.0,0
2025070503020302,カイトヴィント,3,486.0,4.0,1.0,石神深道,1,1,21.2,1
2025070503020303,ルージュカルデア,2,454.0,6.0,-1.0,横山典弘,1,1,3.4,1
2025070503020304,ヤマメライズ,2,418.0,0.0,0.0,戸崎圭太,1,1,4.6,1
2025070503020305,ラングドシャ,2,438.0,0.0,0.0,石橋脩　,1,4,4.5,0
2025070503020306,ゲンパチルーナ,3,440.0,4.0,1.0,菊沢一樹,1,9,4.3,0
2025070503020307,ノーブルオリンポス,3,434.0,4.0,1.0,武藤雅　,1,1,10.3,1
2025070503020308,ペプロス,3,466.0,0.0,0.0,石橋脩　,1,1,10.3,1
2025070503020309,タッチアンドムーブ,4,452.0,4.0,1.0,菅原明良,1,1,8.9,1
2025070503020310,スマートケープ,5,502.0,4.0,1.0,吉田豊　,1,2,7.7,0
2025070503020311,クリダーム,5,502.0,0.0,0.0,荻野極　,1,8,46.3,0
2025070503020312,セイウンデセオ,4,490.0,0.0,0.0,今村聖奈,1,2,15.0,0
2025070510020301,リヒトミューレ,2,490.0,6.0,-1.0,幸英明　,2,2,12.1,0
2025070510020302,クラリティー,3,492.0,6.0,-1.0,角田大和,1,5,16.8,0
2025070510020303,ブラックケリー,3,434.0,6.0,-1.0,菱田裕二,1,1,21.2,1
2025070510020304,メイショウサトノヒ,3,502.0,4.0,-1.0,田口貫太,1,4,14.6,0
2025070510020305,カシノリアーナ,2,436.0,0.0,0.0,永島まな,1,6,71.6,0
2025070510020306,ルクスメンデス,3,468.0,10.0,-1.0,国分優作,1,1,94.9,1
2025070510020307,ジェルブロア,3,422.0,0.0,0.0,坂井瑠星,1,1,5.4,1
2025070510020308,フリッカージャブ,3,486.0,6.0,1.0,松山弘平,1,1,3.0,1
2025070510020309,キーパフォーマー,4,460.0,4.0,-1.0,団野大成,1,2,23.5,0
2025070510020310,アレナパラシオ,4,478.0,2.0,1.0,田口貫太,1,8,17.9,0
2025070510020311,グランアルティスタ,4,512.0,8.0,-1.0,小崎綾也,1,1,99.5,1
2025070510020312,ソングオブライフ,4,494.0,2.0,-1.0,幸英明　,1,8,3.4,0
2025070602010801,マーシャルアン,2,444.0,0.0,0.0,黛弘人　,1,7,156.3,0
2025070602010802,パールフロント,3,532.0,2.0,1.0,川又賢治,1,1,3.2,1
2025070602010803,ブレイクバウンズ,3,478.0,8.0,-1.0,伊藤工真,1,1,13.3,1
2025070602010804,ララバニュルス,3,526.0,2.0,1.0,藤岡佑介,1,1,5.0,1
2025070602010805,ヴンダーバール,2,470.0,0.0,0.0,斎藤新　,2,2,5.5,0
2025070602010806,ウインヘリオドール,3,502.0,2.0,1.0,横山和生,2,4,15.1,0
2025070602010807,モンシェリ,4,462.0,0.0,0.0,横山武史,1,1,5.1,1
2025070602010808,レッドライトニング,4,480.0,2.0,1.0,舟山瑠泉,1,1,4.7,1
2025070602010809,カウスリップ,3,530.0,2.0,1.0,横山和生,1,6,16.7,0
2025070602010810,キャリーハピネス,5,496.0,0.0,0.0,藤岡佑介,1,5,7.8,0
2025070602010811,ジャスパーゴールド,7,466.0,0.0,0.0,横山和生,1,7,37.4,0
2025070602010812,ラブディーヴァ,4,452.0,0.0,0.0,武豊　　,1,3,4.2,0
2025070603020401,ウィズユアドリーム,5,514.0,2.0,1.0,高田潤　,1,3,3.6,0
2025070603020402,コンパクトファイト,3,422.0,2.0,-1.0,石神深道,1,5,18.5,0
2025070603020403,ニシノヒミチュ,3,438.0,2.0,1.0,杉原誠人,1,1,16.6,1
2025070603020404,リネンタイリン,2,456.0,0.0,0.0,柴田大知,1,1,43.1,1
2025070603020405,ハデステソーロ,2,460.0,0.0,0.0,菅原明良,6,5,6.1,0
2025070603020406,エスシーレベッカ,3,454.0,6.0,1.0,田辺裕信,1,1,14.9,1
2025070603020407,ミッドセンチュリー,3,440.0,0.0,0.0,嶋田純次,1,3,12.4,0
2025070603020408,コスモアンソロジー,3,446.0,4.0,1.0,津村明秀,1,1,4.1,1
2025070603020409,ビバップ,4,488.0,0.0,0.0,石橋脩　,1,1,9.0,1
2025070603020410,フォルラニーニ,4,504.0,4.0,1.0,戸崎圭太,2,4,3.0,0
2025070603020411,コンバスチョン,6,492.0,4.0,-1.0,木幡巧也,1,13,53.1,0
2025070603020412,タイセイピューマ,4,474.0,8.0,-1.0,大野拓弥,1,4,9.0,0
2025070610020401,エイシンディアマン,2,446.0,10.0,-1.0,高倉稜　,1,1,12.2,1
2025070610020402,ココデイック,3,498.0,4.0,1.0,高杉吏麒,1,1,3.9,1
2025070610020403,ブライアーヒル,3,464.0,2.0,-1.0,国分優作,1,1,4.8,1
2025070610020404,ダノンジャガー,3,512.0,0.0,0.0,高杉吏麒,1,1,6.6,1
2025070610020405,ロードラヴォール,2,502.0,0.0,0.0,川田将雅,1,1,3.8,1
2025070610020406,ロードヴィゴラス,2,430.0,0.0,0.0,高杉吏麒,1,1,5.0,1
2025070610020407,サラダ,3,442.0,6.0,-1.0,松山弘平,2,3,9.3,0
2025070610020408,ペイシャヴァルツー,3,442.0,2.0,-1.0,団野大成,1,8,6.1,0
2025070610020409,ベルビースタローン,3,502.0,4.0,1.0,川田将雅,1,2,3.8,0
2025070610020410,サラトガチップス,4,448.0,12.0,1.0,坂井瑠星,2,2,4.7,0
2025070610020411,ロードフォアエース,4,552.0,8.0,1.0,川田将雅,1,9,5.8,0
2025070610020412,ジューンエオス,3,486.0,16.0,1.0,高倉稜　,1,1,10.0,1
2025071202010901,ワタシマツワ,3,422.0,14.0,1.0,小林美駒,1,3,12.2,0
2025071202010902,レイアポポ,3,468.0,4.0,1.0,丹内祐次,1,6,4.8,0
2025071202010903,コンドゥイア,3,488.0,6.0,1.0,鷲頭虎太,1,1,3.1,1
2025071202010904,ヒサエノオモカゲ,3,480.0,6.0,1.0,横山武史,1,6,4.4,0
2025071202010905,サントルドパリ,2,498.0,0.0,0.0,鮫島克駿,1,2,10.0,0
2025071202010906,レッドヴァリアート,3,452.0,2.0,-1.0,横山武史,1,1,12.9,1
2025071202010907,シンボリノエル,4,502.0,0.0,0.0,横山和生,1,4,18.7,0
2025071202010908,ファイアトリック,3,446.0,4.0,1.0,佐々木大,1,1,3.0,1
2025071202010909,ウインデイジー,4,458.0,2.0,1.0,横山和生,1,7,9.0,0
2025071202010910,エヴァンスウィート,4,456.0,4.0,-1.0,鮫島克駿,1,2,8.6,0
2025071202010911,エラトー,4,498.0,12.0,1.0,横山和生,1,2,5.3,0
2025071202010912,タミゼ,4,486.0,4.0,-1.0,和田陽希,2,2,159.3,0
2025071203020501,ブラックハヤテ,2,436.0,4.0,-1.0,石神深道,1,1,3.7,1
2025071203020502,ミュークチェルシー,3,462.0,0.0,0.0,吉田豊　,1,1,4.8,1
2025071203020503,ジュリスタ,3,462.0,4.0,1.0,吉田豊　,3,3,3.0,0
2025071203020504,キョウエイグッド,3,442.0,10.0,-1.0,内田博幸,1,4,24.9,0
2025071203020505,ヨドノティアラ,2,426.0,0.0,0.0,津村明秀,2,4,19.7,0
2025071203020506,ショーリバース,2,490.0,0.0,0.0,津村明秀,1,1,12.1,1
2025071203020507,リアンベーレ,3,500.0,2.0,1.0,津村明秀,1,1,4.6,1
2025071203020508,アラレタバシル,4,454.0,4.0,-1.0,丸山元気,1,3,4.9,0
2025071203020509,ロードオールライト,4,532.0,8.0,1.0,内田博幸,1,1,12.0,1
2025071203020510,トーセンエスクード,5,450.0,8.0,-1.0,三浦皇成,2,2,3.7,0
2025071203020511,カルロヴェローチェ,5,504.0,4.0,-1.0,丸山元気,1,1,10.3,1
2025071203020512,プライベートアイズ,3,492.0,0.0,0.0,荻野極　,1,1,29.1,1
2025071210020501,スターアニス,2,474.0,12.0,-1.0,松山弘平,1,1,6.2,1
2025071210020502,ヴォワラクテ,3,442.0,8.0,1.0,吉村誠之,1,1,6.2,1
2025071210020503,チムニーパイプ,3,414.0,0.0,0.0,松山弘平,1,4,24.4,0
2025071210020504,アサクサゲンキ,10,474.0,0.0,0.0,西谷誠　,1,3,9.5,0
2025071210020505,ソルパッサーレ,2,450.0,0.0,0.0,小沢大仁,1,3,3.7,0
2025071210020506,ピアストイヤーズ,3,442.0,12.0,-1.0,小崎綾也,1,1,11.0,1
2025071210020507,フィオレストラーダ,3,456.0,0.0,0.0,団野大成,1,3,58.0,0
2025071210020508,バッケンレコード,3,478.0,2.0,1.0,太宰啓介,1,1,64.0,1
2025071210020509,ランツフート,3,454.0,8.0,-1.0,Ｍ．デム,1,7,13.6,0
2025071210020510,タマモナポリ,4,456.0,8.0,-1.0,岩田康誠,3,3,10.0,0
2025071210020511,スマートアイ,5,504.0,12.0,-1.0,幸英明　,1,1,12.1,1
2025071210020512,スノーサイレンス,3,460.0,2.0,-1.0,川田将雅,1,3,3.0,0
2025071302011001,アパタイトテソーロ,2,408.0,10.0,1.0,吉田隼人,1,1,46.4,1
2025071302011002,ハッピーウィズユー,3,512.0,14.0,1.0,横山武史,1,1,4.1,1
2025071302011003,ルブリアン,3,488.0,0.0,0.0,鷲頭虎太,1,1,12.5,1
2025071302011004,ジョードリウム,3,516.0,12.0,1.0,横山武史,1,7,7.5,0
2025071302011005,ノアールビーナス,2,426.0,0.0,0.0,川又賢治,1,2,5.6,0
2025071302011006,デルマジュテーム,3,450.0,4.0,1.0,的場勇人,1,1,68.7,1
2025071302011007,パルティキュリエ,5,476.0,10.0,1.0,武豊　　,2,3,6.0,0
2025071302011008,アイウィル,4,520.0,4.0,1.0,浜中俊　,1,1,8.9,1
2025071302011009,タイキラフター,5,526.0,8.0,-1.0,佐々木大,2,7,7.0,0
2025071302011010,テイエムタリスマ,4,468.0,2.0,-1.0,小林美駒,1,1,15.7,1
2025071302011011,ケイアイセナ,6,482.0,2.0,-1.0,藤岡佑介,2,1,3.0,1
2025071302011012,ジャスパーディビネ,3,520.0,2.0,1.0,吉田隼人,1,5,3.5,0
2025071303020601,フォトンゲイザー,2,420.0,4.0,-1.0,木幡巧也,1,1,9.2,1
2025071303020602,ベネスピラ,3,450.0,0.0,0.0,三浦皇成,1,1,13.6,1
2025071303020603,ディアボリカドンナ,3,446.0,10.0,-1.0,今村聖奈,1,2,5.3,0
2025071303020604,アンダーザライト,3,526.0,4.0,-1.0,丸山元気,1,3,3.0,0
2025071303020605,ファイアマン,2,484.0,0.0,0.0,大野拓弥,3,3,8.6,0
2025071303020606,タキノボリ,3,458.0,2.0,-1.0,戸崎圭太,1,1,3.7,1
2025071303020607,キープサインオン,3,470.0,10.0,-1.0,横山典弘,1,1,5.3,1
2025071303020608,テイエムパイロット,3,516.0,18.0,1.0,津村明秀,1,11,18.0,0
2025071303020609,ミラーダカリエンテ,3,476.0,2.0,-1.0,石川裕紀,1,1,28.4,1
2025071303020610,ノーブルゲイル,4,482.0,4.0,-1.0,木幡巧也,1,1,70.7,1
2025071303020611,ドゥラドーレス,6,500.0,2.0,-1.0,戸崎圭太,1,2,3.0,0
2025071303020612,エコロマーズ,4,492.0,0.0,0.0,戸崎圭太,1,1,5.1,1
2025071310020601,ポリトナリティー,4,420.0,2.0,-1.0,難波剛健,1,1,17.0,1
2025071310020602,ノボリリア,3,446.0,2.0,-1.0,高杉吏麒,1,1,52.1,1
2025071310020603,ハッコウイチウ,3,490.0,4.0,-1.0,吉村誠之,1,1,7.0,1
2025071310020604,マテンロウギフト,3,460.0,8.0,1.0,松山弘平,1,1,3.0,1
2025071310020605,ウイナーズナイン,2,496.0,0.0,0.0,川田将雅,1,1,4.6,1
2025071310020606,ジュジュドール,2,444.0,0.0,0.0,松山弘平,1,1,3.4,1
2025071310020607,ステラスプレンダー,4,448.0,8.0,1.0,松山弘平,1,3,6.7,0
2025071310020608,フェイトライン,3,516.0,4.0,-1.0,吉村誠之,2,2,6.4,0
2025071310020609,アマルナ,5,460.0,6.0,-1.0,松山弘平,1,1,18.7,1
2025071310020610,アロマデローサ,5,460.0,2.0,1.0,亀田温心,2,1,12.3,1
2025071310020611,ローズスター,5,458.0,4.0,1.0,団野大成,1,1,9.1,1
2025071310020612,ピースフルナイト,5,408.0,0.0,0.0,岩田康誠,1,6,8.1,0
2025071902011101,ジャストビート,2,416.0,4.0,-1.0,丹内祐次,1,5,11.8,0
2025071902011102,レストプレドゥモア,3,460.0,0.0,0.0,斎藤新　,1,1,6.7,1
2025071902011103,アルデツヨシ,3,468.0,0.0,0.0,丹内祐次,1,1,22.0,1
2025071902011104,アンビシャスヨシノ,3,468.0,2.0,1.0,松本大輝,1,4,5.1,0
2025071902011105,ラブリーリディア,3,444.0,4.0,1.0,横山武史,1,1,3.0,1
2025071902011106,モリノアミーゴ,3,464.0,2.0,-1.0,小林美駒,1,1,19.5,1
2025071902011107,クインズスピカ,4,478.0,6.0,1.0,舟山瑠泉,1,5,5.4,0
2025071902011108,カペルブリュッケ,3,448.0,0.0,0.0,鮫島克駿,1,2,5.1,0
2025071902011109,シンゼンカガ,3,446.0,2.0,-1.0,武豊　　,1,3,19.1,0
2025071902011110,リラボニート,4,466.0,6.0,1.0,藤岡佑介,1,2,7.3,0
2025071902011111,テーオードレフォン,6,500.0,4.0,-1.0,丸山元気,1,2,6.6,0
2025071902011112,ラセーヌシュメール,4,456.0,6.0,1.0,佐々木大,1,2,10.9,0
2025071903020701,フリーダムレイン,4,478.0,2.0,1.0,中村将之,2,2,6.2,0
2025071903020702,マインドミー,3,450.0,2.0,-1.0,柴田大知,1,5,167.9,0
2025071903020703,アメテュストス,2,440.0,6.0,-1.0,大野拓弥,1,1,4.0,1
2025071903020704,コックオーヴァン,2,452.0,0.0,0.0,津村明秀,1,1,5.8,1
2025071903020705,ユメシルベ,2,414.0,0.0,0.0,柴田大知,1,5,38.8,0
2025071903020706,オーケーマヒナ,3,466.0,6.0,-1.0,石川裕紀,1,1,14.1,1
2025071903020707,リーサイェイ,3,450.0,2.0,-1.0,石橋脩　,2,8,32.4,0
2025071903020708,オプレントジュエル,3,514.0,2.0,-1.0,戸崎圭太,2,3,3.2,0
2025071903020709,プルミエソルティ,3,476.0,4.0,-1.0,三浦皇成,1,2,3.4,0
2025071903020710,ルージュアズライト,5,448.0,8.0,-1.0,荻野極　,1,5,3.8,0
2025071903020711,ユキノロイヤル,4,460.0,4.0,1.0,石橋脩　,2,3,5.5,0
2025071903020712,グラスブランシュ,4,454.0,12.0,-1.0,大野拓弥,1,1,10.3,1
2025071910020701,ディーリライズ,2,460.0,0.0,0.0,高杉吏麒,1,1,3.4,1
2025071910020702,アスコットアイ,3,436.0,2.0,1.0,高杉吏麒,1,1,3.5,1
2025071910020703,シェーラ,3,418.0,2.0,-1.0,田口貫太,1,10,38.6,0
2025071910020704,メイショウアイル,3,480.0,2.0,1.0,秋山稔樹,1,3,7.9,0
2025071910020705,ナムラドロン,2,472.0,0.0,0.0,松山弘平,1,1,3.1,1
2025071910020706,マナエトレ,3,470.0,4.0,-1.0,吉村誠之,1,6,8.7,0
2025071910020707,ジェニファー,4,458.0,0.0,0.0,田山旺佑,2,2,6.4,0
2025071910020708,オリバナム,3,482.0,12.0,1.0,団野大成,1,7,4.3,0
2025071910020709,アンヘリータス,2,418.0,4.0,1.0,川田将雅,1,1,5.5,1
2025071910020710,イサナ,3,516.0,8.0,1.0,松山弘平,1,4,6.4,0
2025071910020711,エイムインライフ,5,482.0,6.0,-1.0,高杉吏麒,1,1,20.2,1
2025071910020712,スリーキングス,3,492.0,14.0,-1.0,岩田康誠,1,4,13.5,0
2025072002011201,ストームサンダー,2,456.0,4.0,1.0,小林美駒,1,4,6.1,0
2025072002011202,ナリタヒカリ,3,430.0,2.0,1.0,武豊　　,1,1,3.0,1
2025072002011203,ハニードレス,3,440.0,0.0,0.0,佐々木大,1,1,5.5,1
2025072002011204,スマートブル,3,472.0,6.0,-1.0,鷲頭虎太,1,1,16.4,1
2025072002011205,ノチェセラーダ,2,464.0,0.0,0.0,藤岡佑介,1,3,12.4,0
2025072002011206,ヒットザグラウンド,3,448.0,2.0,-1.0,落合玄太,1,1,6.6,1
2025072002011207,ビーマックス,3,502.0,0.0,0.0,小林美駒,1,2,4.0,0
2025072002011208,ヤコブセン,3,502.0,0.0,0.0,鮫島克駿,1,4,12.7,0
2025072002011209,アニトラ,5,464.0,8.0,1.0,小林美駒,1,8,9.8,0
2025072002011210,グレイテストソング,3,436.0,0.0,0.0,佐々木大,1,1,3.0,1
2025072002011211,ノアールビーナス,2,430.0,4.0,1.0,川又賢治,1,8,65.5,0
2025072002011212,オカメノコイ,3,466.0,4.0,1.0,鷲頭虎太,1,1,6.0,1
2025072003020801,マイネルメサイア,6,492.0,2.0,1.0,上野翔　,1,1,6.7,1
2025072003020802,カーフキック,3,450.0,4.0,1.0,武藤雅　,1,2,8.9,0
2025072003020803,トラスコンガーデン,2,438.0,0.0,0.0,吉田豊　,1,5,28.1,0
2025072003020804,ライフオブラクーン,2,442.0,2.0,-1.0,遠藤汰月,1,1,4.9,1
2025072003020805,オブラプリーマ,2,406.0,0.0,0.0,石橋脩　,1,1,18.2,1
2025072003020806,ウインベアトリス,3,450.0,2.0,1.0,石神深道,1,1,6.2,1
2025072003020807,アミラジオネ,3,466.0,2.0,1.0,水沼元輝,4,3,11.2,0
2025072003020808,ポタリング,3,426.0,4.0,-1.0,江田照男,1,1,10.5,1
2025072003020809,セイウンデセオ,4,488.0,2.0,-1.0,今村聖奈,1,2,3.6,0
2025072003020810,マイネルトルファン,6,516.0,0.0,0.0,柴田大知,1,5,5.9,0
2025072003020811,イスラアネーロ,6,452.0,0.0,0.0,田辺裕信,1,5,9.1,0
2025072003020812,メリークリスマス,3,486.0,12.0,1.0,菊沢一樹,1,4,4.2,0
2025072010020801,ローズカリス,2,434.0,0.0,0.0,田口貫太,1,1,7.0,1
2025072010020802,パリコレジェンヌ,3,452.0,6.0,-1.0,田口貫太,1,5,37.9,0
2025072010020803,ライラックデューン,3,466.0,8.0,1.0,鮫島良太,1,3,41.6,0
2025072010020804,サミダレナイツ,3,482.0,2.0,1.0,岩田康誠,1,1,6.6,1
2025072010020805,リアライズブラーヴ,2,452.0,0.0,0.0,川田将雅,1,4,7.6,0
2025072010020806,ライツユーアップ,3,442.0,14.0,1.0,永島まな,1,4,4.4,0
2025072010020807,デルシエロ,4,414.0,2.0,-1.0,吉村誠之,3,3,7.3,0
2025072010020808,エクストラバック,4,492.0,2.0,-1.0,北村友一,1,3,4.4,0
2025072010020809,ホルトバージ,4,466.0,8.0,-1.0,川田将雅,1,1,5.7,1
2025072010020810,レアンダー,4,462.0,4.0,-1.0,幸英明　,1,1,4.8,1
2025072010020811,イングランドアイズ,5,450.0,2.0,1.0,松若風馬,1,1,16.3,1
2025072010020812,ロードマイライフ,4,496.0,8.0,-1.0,松若風馬,1,3,29.0,0
2025072601010101,ストームサンダー,2,454.0,2.0,-1.0,丹内祐次,2,6,10.0,0
2025072601010102,レイアポポ,3,462.0,6.0,-1.0,丹内祐次,1,5,13.2,0
2025072601010103,ジョードリウム,3,506.0,10.0,-1.0,丹内祐次,1,2,10.4,0
2025072601010104,ワタシマツワ,3,422.0,0.0,0.0,小林美駒,1,2,10.2,0
2025072601010105,テイエムキハク,2,466.0,0.0,0.0,丹内祐次,1,1,23.7,1
2025072601010106,デルマケセラセラ,3,426.0,6.0,-1.0,横山典弘,1,1,6.0,1
2025072601010107,ハイファイスピード,3,452.0,16.0,-1.0,横山武史,2,2,3.4,0
2025072601010108,ショウナンサムデイ,3,436.0,12.0,1.0,池添謙一,1,1,5.9,1
2025072601010109,ショウナンヤッホー,3,484.0,2.0,1.0,池添謙一,1,1,3.3,1
2025072601010110,バレンタインガール,4,476.0,4.0,-1.0,佐々木大,1,6,3.9,0
2025072601010111,ナムラローズマリー,4,474.0,4.0,-1.0,武豊　　,1,7,4.2,0
2025072601010112,アイウィル,4,512.0,8.0,-1.0,佐々木大,1,6,10.7,0
2025072604020101,ベアゴーフォー,2,456.0,10.0,-1.0,大野拓弥,3,3,20.8,0
2025072604020102,ヒルデグリム,2,450.0,0.0,0.0,石神深道,1,1,69.5,1
2025072604020103,エコロアルバ,2,464.0,0.0,0.0,キング　,1,1,3.2,1
2025072604020104,ホウオウヌーヴォー,3,458.0,14.0,-1.0,戸崎圭太,4,5,6.7,0
2025072604020105,ミエノフェアリー,3,400.0,4.0,1.0,戸崎圭太,1,2,6.0,0
2025072604020106,クラウンシエンタ,4,494.0,2.0,1.0,三浦皇成,1,1,3.1,1
2025072604020107,ペリファーニア,5,508.0,0.0,0.0,ルメール,2,2,3.2,0
2025072604020108,ハッピーデービー,4,456.0,0.0,0.0,横山琉人,1,1,9.9,1
2025072604020109,ヒルビリーエレジー,3,440.0,2.0,1.0,吉田豊　,1,1,35.8,1
2025072604020110,ドナレア,4,442.0,6.0,1.0,荻野極　,1,1,39.1,1
2025072604020111,ドリームクルーズ,4,486.0,2.0,-1.0,吉田豊　,1,1,12.4,1
2025072604020112,ポッドロルフ,3,456.0,2.0,-1.0,荻野極　,1,1,41.9,1
2025072607030101,ヘヴンリーハンド,4,516.0,4.0,1.0,石神深一,1,4,5.0,0
2025072607030102,サッカレッロ,3,446.0,14.0,1.0,バデル　,1,1,26.3,1
2025072607030103,フォーゲル,2,520.0,8.0,-1.0,団野大成,1,4,7.6,0
2025072607030104,レディーゴール,2,444.0,0.0,0.0,吉村誠之,1,5,13.1,0
2025072607030105,ワンウェイトゥヘル,3,458.0,2.0,1.0,松山弘平,1,3,6.2,0
2025072607030106,トルーマンテソーロ,6,534.0,4.0,1.0,吉村誠之,1,13,8.9,0
2025072607030107,グランヴィノス,5,520.0,6.0,-1.0,坂井瑠星,1,1,6.2,1
2025072607030108,ハギノコラソン,3,464.0,2.0,1.0,坂井瑠星,2,2,5.7,0
2025072607030109,クラウンセト,6,452.0,18.0,-1.0,草野太郎,1,2,18.7,0
2025072607030110,カレンワッツアップ,4,470.0,6.0,-1.0,角田大和,1,4,4.4,0
2025072607030111,オーバースタンド,3,434.0,4.0,-1.0,松若風馬,1,1,6.1,1
2025072607030112,ノクナレア,3,434.0,12.0,-1.0,松山弘平,1,3,6.5,0
2025072701010201,ユージュアーナ,3,450.0,6.0,-1.0,斎藤新　,1,2,8.6,0
2025072701010202,ハーフェン,3,400.0,4.0,-1.0,丹内祐次,1,3,3.4,0
2025072701010203,オンクラウドナイン,3,510.0,2.0,1.0,藤岡佑介,2,3,3.7,0
2025072701010204,ディアイライザ,3,420.0,4.0,-1.0,佐々木大,3,7,24.9,0
2025072701010205,マイネルシンベリン,2,454.0,0.0,0.0,丹内祐次,2,2,4.0,0
2025072701010206,ストラテージュ,3,458.0,2.0,-1.0,古川奈穂,1,1,6.4,1
2025072701010207,コンティオ,3,460.0,0.0,0.0,横山武史,1,13,4.2,0
2025072701010208,ネーブルオレンジ,3,476.0,6.0,1.0,小林美駒,2,3,8.4,0
2025072701010209,メリディアンスター,3,486.0,2.0,1.0,鮫島克駿,1,4,3.1,0
2025072701010210,ラタフォレスト,4,512.0,2.0,1.0,鮫島克駿,1,1,3.3,1
2025072701010211,ミステリーウェイ,7,502.0,2.0,-1.0,池添謙一,1,4,6.2,0
2025072701010212,ビーナスローズ,6,446.0,0.0,0.0,斎藤新　,2,2,3.8,0
2025072704020201,ジュリ,2,416.0,6.0,1.0,石田拓郎,3,2,107.1,0
2025072704020202,ジーネキング,2,476.0,2.0,-1.0,戸崎圭太,2,2,4.4,0
2025072704020203,ディールメーカー,2,486.0,0.0,0.0,横山琉人,1,2,33.3,0
2025072704020204,ディースプレマシー,3,450.0,10.0,1.0,木幡巧也,1,1,6.6,1
2025072704020205,ロッカバイベイビー,3,444.0,8.0,1.0,佐藤翔馬,1,5,14.9,0
2025072704020206,テラメリタ,4,480.0,2.0,-1.0,戸崎圭太,1,2,13.3,0
2025072704020207,フォーチュンタイム,4,502.0,10.0,-1.0,三浦皇成,1,9,6.5,0
2025072704020208,ダズリングダンス,5,490.0,2.0,1.0,川須栄彦,2,2,10.9,0
2025072704020209,ミラクルキャッツ,5,464.0,10.0,1.0,キング　,1,3,15.5,0
2025072704020210,キョウエイグッド,3,440.0,2.0,-1.0,丸田恭介,1,10,30.1,0
2025072704020211,イスラコラソン,3,446.0,0.0,0.0,今村聖奈,1,1,30.6,1
2025072704020212,ガーネットウインク,3,480.0,6.0,1.0,石田拓郎,1,1,6.9,1
2025072707030201,ディープレイヤー,6,486.0,2.0,-1.0,五十嵐雄,1,2,4.0,0
2025072707030202,メイショウカスガイ,3,508.0,4.0,1.0,角田大和,1,6,12.4,0
2025072707030203,ロードメルヴェイユ,2,454.0,0.0,0.0,吉村誠之,1,4,31.7,0
2025072707030204,メイショウサトノヒ,3,506.0,4.0,1.0,田口貫太,1,1,8.6,1
2025072707030205,メイショウセイロウ,3,414.0,6.0,-1.0,団野大成,1,1,4.0,1
2025072707030206,アレナリア,6,440.0,8.0,1.0,松若風馬,1,6,20.5,0
2025072707030207,アルファマム,6,462.0,4.0,-1.0,団野大成,1,8,21.1,0
2025072707030208,フルレゾン,4,452.0,8.0,1.0,亀田温心,3,2,7.4,0
2025072707030209,アンドリーナ,3,460.0,6.0,1.0,坂井瑠星,1,2,3.8,0
2025072707030210,モカラマーズ,3,466.0,4.0,-1.0,松山弘平,1,11,8.2,0
2025072707030211,アスクコモンタレヴ,3,458.0,4.0,1.0,岩田康誠,2,3,25.2,0
2025072707030212,ピースフルナイト,5,410.0,2.0,1.0,バデル　,1,1,6.9,1
2025080201010301,ジャストビート,2,418.0,2.0,1.0,丹内祐次,1,1,5.7,1
2025080201010302,マカニ,3,464.0,4.0,1.0,小林美駒,1,1,7.8,1
2025080201010303,トリプレーテ,3,484.0,2.0,1.0,森田誠也,3,2,5.0,0
2025080201010304,グランセゾン,3,458.0,2.0,1.0,佐々木大,1,5,16.7,0
2025080201010305,ポペット,2,416.0,0.0,0.0,橋木太希,1,1,26.3,1
2025080201010306,ミルフルール,4,482.0,12.0,1.0,斎藤新　,2,3,7.0,0
2025080201010307,シンゼンカガ,3,442.0,4.0,-1.0,武豊　　,1,2,8.0,0
2025080201010308,ハイケンス,4,464.0,6.0,-1.0,佐々木大,2,6,50.1,0
2025080201010309,クインズスピカ,4,470.0,8.0,-1.0,舟山瑠泉,1,3,4.9,0
2025080201010310,ピンクジン,5,438.0,0.0,0.0,黛弘人　,1,4,22.7,0
2025080201010311,エープラス,7,492.0,8.0,-1.0,横山武史,1,1,41.6,1
2025080201010312,スマートケープ,5,512.0,10.0,1.0,菱田裕二,1,1,5.6,1
2025080204020301,ヴラディア,6,480.0,12.0,-1.0,上野翔　,1,3,10.5,0
2025080204020302,レッドシュトラール,3,484.0,4.0,1.0,丸山元気,1,1,6.0,1
2025080204020303,プリティーミズホ,2,458.0,6.0,-1.0,三浦皇成,1,1,11.5,1
2025080204020304,アートバーゼル,2,458.0,0.0,0.0,戸崎圭太,1,1,4.6,1
2025080204020305,マオノクラッシュ,3,490.0,0.0,0.0,原優介　,1,3,6.2,0
2025080204020306,ダノンセンチュリー,3,464.0,4.0,1.0,戸崎圭太,1,2,4.3,0
2025080204020307,タクシンイメル,4,486.0,2.0,1.0,高倉稜　,1,1,19.1,1
2025080204020308,ピクシレーション,5,486.0,2.0,1.0,菊沢一樹,1,1,4.0,1
2025080204020309,サルサロッサ,6,462.0,4.0,1.0,伴啓太　,3,8,3.1,0
2025080204020310,カゼノタカトシ,3,480.0,10.0,1.0,戸崎圭太,1,2,6.6,0
2025080204020311,アンダーザライト,3,532.0,6.0,1.0,丸山元気,1,1,8.3,1
2025080204020312,サラスヴァティー,3,490.0,28.0,1.0,戸崎圭太,1,2,5.3,0
2025080207030301,ゴールドヴィーナス,2,462.0,8.0,-1.0,川田将雅,1,2,6.4,0
2025080207030302,エンヴェロップ,2,452.0,0.0,0.0,吉村誠之,1,4,5.2,0
2025080207030303,オーケーエンジェル,3,440.0,0.0,0.0,高杉吏麒,1,1,18.4,1
2025080207030304,アロンディ,3,452.0,2.0,-1.0,バデル　,1,1,3.0,1
2025080207030305,モズケイスター,3,458.0,10.0,-1.0,高杉吏麒,1,1,3.6,1
2025080207030306,ヴォルスター,4,438.0,0.0,0.0,吉村誠之,2,7,9.0,0
2025080207030307,アクートゥス,5,460.0,2.0,-1.0,高杉吏麒,1,1,5.8,1
2025080207030308,フレイミングパイ,4,450.0,2.0,-1.0,幸英明　,2,7,26.2,0
2025080207030309,シャンパンポップ,4,556.0,10.0,1.0,団野大成,1,2,3.4,0
2025080207030310,カルパ,4,446.0,6.0,1.0,川田将雅,2,1,4.2,1
2025080207030311,キーパフォーマー,4,460.0,0.0,0.0,田山旺佑,1,3,8.4,0
2025080207030312,パリコレジェンヌ,3,456.0,4.0,1.0,田口貫太,1,1,18.2,1
2025080301010401,シュピラー,2,464.0,2.0,-1.0,菱田裕二,1,2,21.7,0
2025080301010402,レディゴディヴァ,3,424.0,0.0,0.0,鮫島克駿,1,1,7.1,1
2025080301010403,ヒルノレーダン,3,424.0,18.0,1.0,古川吉洋,1,2,14.6,0
2025080301010404,ザハント,3,488.0,2.0,-1.0,横山武史,1,1,3.0,1
2025080301010405,クレパスキュラー,2,470.0,0.0,0.0,キング　,1,1,4.0,1
2025080301010406,ウインイザナミ,3,498.0,2.0,-1.0,丹内祐次,1,1,3.5,1
2025080301010407,カペルブリュッケ,3,454.0,6.0,1.0,鮫島克駿,1,1,4.6,1
2025080301010408,ハーエクセレンシー,5,442.0,2.0,1.0,藤岡佑介,2,8,13.4,0
2025080301010409,メイショウキルギス,4,492.0,0.0,0.0,和田陽希,1,1,15.1,1
2025080301010410,エヴァンスウィート,4,448.0,8.0,-1.0,鮫島克駿,1,1,3.9,1
2025080301010411,フェアエールング,5,462.0,8.0,1.0,丹内祐次,1,3,7.5,0
2025080301010412,ラーシャローム,3,474.0,8.0,-1.0,石川裕紀,1,6,27.5,0
2025080304020401,ルドヴィクス,7,516.0,2.0,1.0,上野翔　,1,1,6.3,1
2025080304020402,チャチャコマニ,2,500.0,0.0,0.0,戸崎圭太,1,1,5.2,1
2025080304020403,ダイシンヨーク,2,482.0,4.0,1.0,高杉吏麒,4,4,20.8,0
2025080304020404,バドリナート,2,494.0,0.0,0.0,丸山元気,1,2,5.5,0
2025080304020405,ウインレアリゼ,3,464.0,8.0,-1.0,石神深道,1,1,5.2,1
2025080304020406,フナデ,4,458.0,12.0,1.0,津村明秀,2,2,4.9,0
2025080304020407,テイエムスパーダ,6,502.0,6.0,1.0,斎藤新　,1,2,3.7,0
2025080304020408,ルトンワージ,3,460.0,8.0,1.0,戸崎圭太,2,11,4.3,0
2025080304020409,ライヴスプーン,3,410.0,2.0,1.0,遠藤汰月,1,2,9.9,0
2025080304020410,ハヌル,4,472.0,0.0,0.0,嶋田純次,3,3,21.7,0
2025080304020411,マカナ,3,460.0,6.0,-1.0,菅原明良,1,1,4.1,1
2025080304020412,マルモリディライト,5,484.0,4.0,1.0,柴田大知,4,2,25.9,0
2025080307030401,メイショウナルカミ,2,488.0,0.0,0.0,幸英明　,2,2,3.2,0
2025080307030402,マヴィ,2,464.0,0.0,0.0,バデル　,1,1,7.7,1
2025080307030403,ラエトゥス,2,460.0,0.0,0.0,松山弘平,1,1,6.9,1
2025080307030404,メイショウアイル,3,476.0,4.0,-1.0,秋山稔樹,1,5,9.6,0
2025080307030405,ビップディラン,3,456.0,4.0,1.0,坂井瑠星,3,1,3.5,1
2025080307030406,アッチャゴーラ,5,518.0,10.0,1.0,小崎綾也,3,1,11.8,1
2025080307030407,マリオロード,6,494.0,6.0,1.0,バデル　,1,1,28.8,1
2025080307030408,チェルノボーグ,6,478.0,2.0,1.0,バデル　,2,3,3.6,0
2025080307030409,テレプシコーラ,3,406.0,2.0,-1.0,吉村誠之,1,7,8.8,0
2025080307030410,ビーアイフォルテ,3,446.0,14.0,1.0,小崎綾也,1,11,84.9,0
2025080307030411,オメガナビゲーター,4,484.0,16.0,-1.0,岩田康誠,1,3,3.5,0
2025080307030412,バンディート,5,516.0,10.0,-1.0,松若風馬,1,4,9.2,0
2025080901010501,ブライトフレア,2,440.0,0.0,0.0,浜中俊　,1,1,11.1,1
2025080901010502,キタノホウセキ,3,464.0,4.0,-1.0,川又賢治,3,3,6.0,0
2025080901010503,ブラックティンカー,3,446.0,4.0,-1.0,吉田隼人,1,6,30.5,0
2025080901010504,ミライエイゴウ,3,458.0,6.0,1.0,横山和生,1,9,5.5,0
2025080901010505,グレーヌドジョワ,2,458.0,0.0,0.0,松山弘平,1,3,4.8,0
2025080901010506,エオアリイ,3,460.0,12.0,-1.0,舟山瑠泉,1,2,30.3,0
2025080901010507,ボディブロー,4,536.0,6.0,1.0,松山弘平,1,2,4.9,0
2025080901010508,ルージュミラージュ,3,452.0,4.0,1.0,森田誠也,1,6,3.3,0
2025080901010509,サトノラクローヌ,4,486.0,6.0,1.0,キング　,2,4,5.4,0
2025080901010510,エラン,4,474.0,6.0,1.0,武豊　　,1,6,7.3,0
2025080901010511,ウィリアムバローズ,7,492.0,6.0,-1.0,横山武史,1,4,14.6,0
2025080901010512,エフォートレス,4,486.0,2.0,-1.0,藤岡佑介,1,2,3.3,0
2025080904020501,チュラヴェール,2,448.0,4.0,1.0,大野拓弥,3,3,10.5,0
2025080904020502,ファイアマン,2,478.0,6.0,-1.0,大野拓弥,1,5,11.5,0
2025080904020503,ベルフラム,2,412.0,0.0,0.0,田口貫太,1,1,19.8,1
2025080904020504,ブレゲアン,3,458.0,4.0,-1.0,江田照男,1,3,147.0,0
2025080904020505,サンダーアリュール,4,458.0,6.0,1.0,今村聖奈,1,1,8.1,1
2025080904020506,エバーハピネス,5,478.0,4.0,-1.0,木幡巧也,3,1,14.2,1
2025080904020507,ウンブライル,5,480.0,2.0,-1.0,戸崎圭太,1,1,3.4,1
2025080904020508,ハッピーエンジェル,2,424.0,6.0,1.0,三浦皇成,1,1,5.1,1
2025080904020509,ラーナローザ,3,502.0,2.0,1.0,荻野極　,1,3,21.0,0
2025080904020510,ゼンノツキヨミ,4,446.0,0.0,0.0,藤懸貴志,1,8,58.3,0
2025080904020511,フラッシュポイント,3,504.0,8.0,1.0,戸崎圭太,1,1,7.3,1
2025080904020512,ライネリーベ,3,410.0,2.0,-1.0,杉原誠人,1,2,3.5,0
2025080907030501,メイショウカズサ,8,480.0,8.0,-1.0,森一馬　,1,7,20.4,0
2025080907030502,ハッピーダンチャン,3,468.0,0.0,0.0,西塚洸二,1,2,12.9,0
2025080907030503,ダブルチャレンジ,2,426.0,4.0,-1.0,長岡禎仁,1,5,48.8,0
2025080907030504,アスミル,2,476.0,0.0,0.0,太宰啓介,1,6,112.0,0
2025080907030505,チムニーパイプ,3,414.0,0.0,0.0,田山旺佑,1,3,15.8,0
2025080907030506,コト,4,476.0,12.0,-1.0,小沢大仁,1,7,29.7,0
2025080907030507,ポッドロゴ,4,472.0,2.0,-1.0,長岡禎仁,1,1,4.2,1
2025080907030508,エコテーラー,4,500.0,8.0,-1.0,太宰啓介,1,2,7.7,0
2025080907030509,ステラスプレンダー,4,442.0,6.0,-1.0,吉村誠之,1,6,4.1,0
2025080907030510,メイショウハチロー,3,498.0,8.0,1.0,吉村誠之,1,1,4.9,1
2025080907030511,ロンティケチャップ,3,502.0,4.0,-1.0,松若風馬,1,1,9.1,1
2025080907030512,アイサンサン,3,450.0,2.0,1.0,田山旺佑,1,1,5.5,1
2025081001010601,ニャンタロウ,2,468.0,2.0,1.0,舟山瑠泉,1,5,4.3,0
2025081001010602,タイセイアビリティ,3,476.0,4.0,1.0,鮫島克駿,1,2,3.1,0
2025081001010603,アルディスティーノ,3,474.0,0.0,0.0,横山和生,1,1,5.2,1
2025081001010604,ジョードリウム,3,502.0,4.0,-1.0,丹内祐次,1,2,3.1,0
2025081001010605,ドルチェミスト,2,436.0,0.0,0.0,横山武史,1,1,11.5,1
2025081001010606,キングズトゥルー,3,448.0,2.0,-1.0,池添謙一,1,3,5.2,0
2025081001010607,キントラダンサー,3,462.0,6.0,-1.0,横山和生,1,1,3.8,1
2025081001010608,アーロンイメル,4,496.0,4.0,-1.0,丹内祐次,1,2,4.1,0
2025081001010609,アオイタケル,3,478.0,6.0,-1.0,横山和生,1,6,9.9,0
2025081001010610,アニトラ,5,458.0,6.0,-1.0,小林美駒,1,7,26.6,0
2025081001010611,クファシル,5,496.0,4.0,1.0,吉田隼人,1,4,21.4,0
2025081001010612,タイセイミッション,4,528.0,0.0,0.0,黛弘人　,1,2,12.4,0
2025081004020601,タイセイフレッサ,2,462.0,2.0,-1.0,斎藤新　,1,1,5.2,1
2025081004020602,ギャラボーグ,2,498.0,0.0,0.0,川田将雅,2,2,3.4,0
2025081004020603,レディサン,2,446.0,0.0,0.0,戸崎圭太,1,5,21.2,0
2025081004020604,マインドミー,3,452.0,2.0,1.0,柴田大知,1,1,10.1,1
2025081004020605,マイネルアズーロ,3,462.0,4.0,1.0,津村明秀,1,1,3.5,1
2025081004020606,オクタヴィアヌス,5,522.0,8.0,1.0,ルメール,1,1,3.0,1
2025081004020607,ロードラビリンス,3,484.0,4.0,-1.0,川田将雅,1,10,5.5,0
2025081004020608,イコサン,5,492.0,8.0,-1.0,津村明秀,1,5,18.8,0
2025081004020609,シルバードン,3,478.0,0.0,0.0,石橋脩　,1,1,4.8,1
2025081004020610,ブレトワルダ,3,504.0,0.0,0.0,津村明秀,1,1,6.8,1
2025081004020611,ディヴァインスター,3,480.0,6.0,-1.0,菅原明良,1,3,4.2,0
2025081004020612,クレオズニードル,3,460.0,2.0,1.0,大野拓弥,1,1,5.5,1
2025081007030601,ディープレイヤー,6,488.0,2.0,1.0,五十嵐雄,1,1,3.3,1
2025081007030602,ライラックデューン,3,464.0,2.0,-1.0,鮫島良太,1,8,20.1,0
2025081007030603,レディーゴール,2,444.0,0.0,0.0,バデル　,1,2,9.5,0
2025081007030604,カラペルソナ,2,448.0,0.0,0.0,団野大成,1,5,6.9,0
2025081007030605,クインズメレンゲ,3,452.0,0.0,0.0,田口貫太,1,1,4.8,1
2025081007030606,サンライズエース,6,522.0,4.0,1.0,横山典弘,2,2,14.8,0
2025081007030607,ジャスティンスカイ,6,540.0,2.0,1.0,荻野極　,1,8,16.2,0
2025081007030608,パカーラン,4,478.0,0.0,0.0,バデル　,1,5,5.7,0
2025081007030609,クラヴァンス,3,472.0,2.0,-1.0,北村友一,1,1,3.9,1
2025081007030610,モズバンディット,5,448.0,0.0,0.0,団野大成,1,6,28.0,0
2025081007030611,カウンティフェア,3,454.0,4.0,-1.0,永島まな,1,1,8.3,1
2025081007030612,サンタンカ,3,520.0,2.0,1.0,武豊　　,1,2,3.0,0
2025081601010701,エバーシャンティ,2,438.0,4.0,-1.0,横山武史,3,3,3.3,0
2025081601010702,カスバートテソーロ,3,442.0,4.0,-1.0,吉田隼人,1,2,4.5,0
2025081601010703,ディニトーソ,3,462.0,11.0,-1.0,舟山瑠泉,1,1,4.4,1
2025081601010704,ワタシマツワ,3,426.0,4.0,1.0,小林美駒,1,1,3.1,1
2025081601010705,ナオミライトニング,2,442.0,0.0,0.0,佐々木大,1,1,4.7,1
2025081601010706,ミスティマウンテン,3,444.0,2.0,1.0,横山武史,1,1,4.6,1
2025081601010707,ラーシャローム,3,478.0,4.0,1.0,岩田康誠,1,1,34.8,1
2025081601010708,レイワサンサン,4,502.0,6.0,1.0,鮫島克駿,1,8,6.8,0
2025081601010709,ミリオンクラウン,2,496.0,4.0,-1.0,横山武史,2,2,10.9,0
2025081601010710,エスペシャリー,3,448.0,2.0,-1.0,横山和生,1,1,5.2,1
2025081601010711,スマートケープ,5,518.0,6.0,1.0,横山武史,1,11,3.1,0
2025081601010712,ショウナンバルドル,3,496.0,2.0,-1.0,池添謙一,1,1,4.6,1
2025081604020701,ユメシルベ,2,412.0,2.0,-1.0,柴田大知,1,2,49.2,0
2025081604020702,ヴィジョンメーカー,3,516.0,0.0,0.0,内田博幸,1,1,3.0,1
2025081604020703,キタノマーシャル,3,508.0,8.0,1.0,津村明秀,1,1,4.3,1
2025081604020704,スターサンサルー,2,426.0,0.0,0.0,菅原明良,1,9,16.3,0
2025081604020705,エスシーレイジュ,2,448.0,0.0,0.0,大野拓弥,1,13,169.5,0
2025081604020706,フォーカルフラワー,5,446.0,12.0,-1.0,田辺裕信,2,3,15.8,0
2025081604020707,タガノミスト,4,488.0,8.0,1.0,丸山元気,1,1,5.1,1
2025081604020708,シャパリュ,4,522.0,18.0,1.0,菊沢一樹,1,6,13.6,0
2025081604020709,ヒートオンビート,8,476.0,0.0,0.0,石神深一,1,3,3.6,0
2025081604020710,メイショウニトベ,3,468.0,10.0,-1.0,江田照男,3,4,16.4,0
2025081604020711,イスラコラソン,3,444.0,2.0,-1.0,今村聖奈,1,1,8.4,1
2025081604020712,スイートオレンジ,3,458.0,2.0,-1.0,横山琉人,1,1,16.9,1
2025081607030701,テーオーグレーザー,2,488.0,2.0,1.0,高杉吏麒,1,1,3.4,1
2025081607030702,ナムラヒナギク,2,472.0,0.0,0.0,田口貫太,1,4,11.9,0
2025081607030703,テレプシコーラ,3,404.0,2.0,-1.0,団野大成,1,1,14.5,1
2025081607030704,ワイドクリーガー,3,464.0,2.0,-1.0,松山弘平,1,1,3.0,1
2025081607030705,ワンウェイトゥヘル,3,462.0,4.0,1.0,吉村誠之,1,1,11.6,1
2025081607030706,ジュンヴァンケット,4,462.0,6.0,1.0,坂井瑠星,1,2,5.0,0
2025081607030707,バールデュヴァン,5,510.0,4.0,1.0,バデル　,1,1,9.6,1
2025081607030708,レディーヴァリュー,4,464.0,0.0,0.0,団野大成,1,1,3.8,1
2025081607030709,ヤマニンシュラ,3,470.0,0.0,0.0,川田将雅,1,1,3.4,1
2025081607030710,ポイントネモ,3,490.0,0.0,0.0,菱田裕二,2,3,4.9,0
2025081607030711,マジックローズ,3,442.0,2.0,1.0,小沢大仁,1,14,17.3,0
2025081607030712,コリカンチャ,3,484.0,2.0,1.0,団野大成,1,1,3.8,1
2025081701010801,ウチュウノセカイ,2,492.0,0.0,0.0,丹内祐次,1,1,8.9,1
2025081701010802,オオタチ,3,456.0,6.0,1.0,佐々木大,1,1,3.6,1
2025081701010803,ヒルノレーダン,3,426.0,2.0,1.0,古川吉洋,1,1,5.1,1
2025081701010804,マナエトレ,3,472.0,2.0,1.0,丹内祐次,1,1,5.2,1
2025081701010805,ショウナンバーボン,2,444.0,0.0,0.0,池添謙一,3,3,5.8,0
2025081701010806,ミルフルール,4,488.0,6.0,1.0,斎藤新　,1,1,12.7,1
2025081701010807,ピコローズ,3,432.0,0.0,0.0,佐々木大,1,1,3.4,1
2025081701010808,サンダーロード,3,540.0,4.0,1.0,佐々木大,1,12,18.5,0
2025081701010809,クインズスピカ,4,470.0,0.0,0.0,横山典弘,1,5,8.0,0
2025081701010810,カウスリップ,3,544.0,14.0,1.0,横山和生,1,1,3.7,1
2025081701010811,シュトルーヴェ,6,478.0,4.0,-1.0,キング　,1,7,19.8,0
2025081701010812,ウインマクシマム,4,498.0,2.0,-1.0,松岡正海,1,6,3.1,0
2025081704020801,アルデドゥオーモ,4,492.0,0.0,0.0,伴啓太　,1,1,7.0,1
2025081704020802,アバレリュウ,3,490.0,0.0,0.0,野中悠太,1,1,3.2,1
2025081704020803,ニシノマーレ,2,404.0,4.0,-1.0,津村明秀,3,2,6.7,0
2025081704020804,スウィフトミモザ,2,440.0,0.0,0.0,津村明秀,1,1,8.0,1
2025081704020805,ガンバレベアー,3,480.0,2.0,1.0,三浦皇成,2,3,3.0,0
2025081704020806,メイショウカゼマチ,5,462.0,12.0,1.0,川須栄彦,1,11,29.5,0
2025081704020807,テイエムトッキュウ,7,496.0,8.0,-1.0,川須栄彦,1,11,6.7,0
2025081704020808,マイネルトルファン,6,512.0,4.0,-1.0,柴田大知,1,6,13.1,0
2025081704020809,フェスタリア,3,446.0,6.0,-1.0,原優介　,1,4,7.0,0
2025081704020810,ペロ,4,502.0,4.0,-1.0,菊沢一樹,2,6,51.5,0
2025081704020811,ダノンピクチャー,3,492.0,16.0,1.0,戸崎圭太,1,9,3.8,0
2025081704020812,テンペストヒロイン,3,466.0,6.0,-1.0,石川裕紀,3,15,49.5,0
2025081707030801,メイショウナルカミ,2,484.0,4.0,-1.0,川田将雅,1,2,5.3,0
2025081707030802,エブリデイ,2,498.0,0.0,0.0,高杉吏麒,1,3,20.2,0
2025081707030803,エスティヴァリス,2,478.0,0.0,0.0,横山武史,1,3,6.0,0
2025081707030804,アンビアンス,3,450.0,4.0,1.0,酒井学　,1,1,23.7,1
2025081707030805,アイブリンク,3,470.0,6.0,1.0,松若風馬,1,1,37.6,1
2025081707030806,ヴェロクオーレ,4,472.0,0.0,0.0,高杉吏麒,1,2,7.8,0
2025081707030807,マピュース,3,488.0,6.0,1.0,横山武史,1,1,8.7,1
2025081707030808,ジャスティンガルフ,4,502.0,4.0,-1.0,横山武史,1,4,10.3,0
2025081707030809,リードプリンシパル,3,474.0,10.0,1.0,菱田裕二,1,1,10.6,1
2025081707030810,セレジェイラ,3,472.0,2.0,-1.0,吉村誠之,1,4,6.5,0
2025081707030811,コスモグローリー,3,448.0,0.0,0.0,松山弘平,1,1,3.5,1
2025081707030812,ブルーサンセット,3,444.0,2.0,1.0,吉村誠之,1,1,6.8,1
2025082301020101,サザンテイオー,2,436.0,4.0,1.0,橋木太希,3,3,101.7,0
2025082301020102,サツキレジーナ,3,432.0,4.0,1.0,古川吉洋,1,3,9.9,0
2025082301020103,グランセゾン,3,454.0,4.0,-1.0,佐々木大,1,1,4.9,1
2025082301020104,ハイクオリティ,3,476.0,4.0,-1.0,ゴンサル,1,1,8.0,1
2025082301020105,ベラジオリン,2,416.0,0.0,0.0,バデル　,1,6,12.2,0
2025082301020106,トレミニョン,4,474.0,2.0,-1.0,横山和生,1,1,5.1,1
2025082301020107,デアリングエア,3,456.0,2.0,-1.0,武豊　　,2,4,9.1,0
2025082301020108,ビッグベルーガ,5,470.0,0.0,0.0,ウィリア,1,1,21.7,1
2025082301020109,ストームサンダー,2,454.0,2.0,-1.0,バデル　,1,1,6.6,1
2025082301020110,ハートホイップ,6,494.0,0.0,0.0,坂井瑠星,1,1,7.8,1
2025082301020111,スピードリッチ,4,480.0,0.0,0.0,ウィリア,2,2,3.7,0
2025082301020112,レイワサンサン,4,498.0,4.0,-1.0,バデル　,1,6,5.5,0
2025082304030101,ウールヴヘジン,2,420.0,6.0,-1.0,荻野極　,3,2,5.6,0
2025082304030102,ライヴスプーン,3,416.0,6.0,1.0,遠藤汰月,1,10,3.1,0
2025082304030103,ミッキーソルジャー,3,508.0,0.0,0.0,菊沢一樹,1,1,7.5,1
2025082304030104,テンドリームガール,3,412.0,2.0,-1.0,石橋脩　,3,3,16.7,0
2025082304030105,ローザレイア,2,406.0,0.0,0.0,三浦皇成,1,1,8.6,1
2025082304030106,ロッカバイベイビー,3,450.0,4.0,-1.0,佐藤翔馬,1,1,4.3,1
2025082304030107,エンペラーズソード,3,490.0,0.0,0.0,菅原明良,1,3,4.2,0
2025082304030108,カレンワッツアップ,4,476.0,6.0,1.0,菅原明良,1,3,3.8,0
2025082304030109,モンドプリューム,5,504.0,2.0,1.0,三浦皇成,1,3,9.6,0
2025082304030110,パルティクラール,5,534.0,2.0,-1.0,菊沢一樹,2,4,9.9,0
2025082304030111,ブレイクフォース,6,490.0,0.0,0.0,田辺裕信,1,6,4.8,0
2025082304030112,ギフテッド,3,454.0,4.0,1.0,今村聖奈,1,1,4.5,1
2025082307040101,ティートラップ,8,478.0,0.0,0.0,江田勇亮,1,6,87.0,0
2025082307040102,タガノアニマシオン,3,468.0,3.0,1.0,松山弘平,1,1,27.2,1
2025082307040103,メイショウハッケイ,2,458.0,4.0,-1.0,高杉吏麒,1,1,3.2,1
2025082307040104,ヤマニンレセディ,3,448.0,8.0,-1.0,松山弘平,1,1,5.6,1
2025082307040105,アルスマグナ,2,452.0,0.0,0.0,高杉吏麒,1,1,33.5,1
2025082307040106,ノースミソロジー,2,472.0,0.0,0.0,菱田裕二,1,3,4.0,0
2025082307040107,チムニーパイプ,3,416.0,2.0,1.0,田山旺佑,1,1,5.8,1
2025082307040108,エコテーラー,4,506.0,6.0,1.0,太宰啓介,1,4,4.4,0
2025082307040109,パフュームセント,4,446.0,14.0,1.0,池添謙一,1,1,4.9,1
2025082307040110,テラメリタ,4,478.0,2.0,-1.0,川田将雅,1,2,4.6,0
2025082307040111,ナイトアクアリウム,5,498.0,2.0,1.0,吉村誠之,1,5,8.3,0
2025082307040112,エリカヴェネチア,4,496.0,4.0,1.0,高杉吏麒,1,4,8.6,0
2025082401020201,グレーヌドジョワ,2,460.0,2.0,1.0,松山弘平,1,7,7.6,0
2025082401020202,スミッコディスコ,2,434.0,2.0,1.0,横山和生,1,5,3.5,0
2025082401020203,ビービーバザーク,3,492.0,2.0,1.0,武豊　　,2,2,4.3,0
2025082401020204,レイデラティエラ,3,464.0,4.0,1.0,坂井瑠星,1,1,16.4,1
2025082401020205,エーデルゼーレ,2,466.0,0.0,0.0,ティータ,1,4,9.4,0
2025082401020206,グリフォン,3,426.0,2.0,1.0,坂井瑠星,1,4,7.2,0
2025082401020207,イチトゼロノアイダ,3,500.0,10.0,1.0,舟山瑠泉,2,2,4.6,0
2025082401020208,レディゴディヴァ,3,428.0,4.0,1.0,バデル　,1,6,3.9,0
2025082401020209,コスモアバンサ,5,494.0,6.0,1.0,佐々木大,1,1,20.7,1
2025082401020210,エイブラムス,4,482.0,8.0,1.0,坂井瑠星,1,6,9.0,0
2025082401020211,フィオライア,4,466.0,0.0,0.0,坂井瑠星,1,10,28.5,0
2025082401020212,トーアライデン,5,508.0,0.0,0.0,ルメール,1,7,12.7,0
2025082404030201,ガリレア,2,440.0,6.0,1.0,杉原誠人,1,1,13.4,1
2025082404030202,メイショウコウベ,3,470.0,0.0,0.0,大野拓弥,1,1,4.3,1
2025082404030203,キョウエイグッド,3,438.0,2.0,-1.0,木幡巧也,1,2,14.0,0
2025082404030204,マオノクラッシュ,3,488.0,2.0,-1.0,原優介　,1,1,5.3,1
2025082404030205,コスモエルヴァル,2,480.0,0.0,0.0,原優介　,2,1,34.5,1
2025082404030206,ルージュダリア,2,440.0,0.0,0.0,荻野極　,1,1,5.7,1
2025082404030207,シュラフ,3,434.0,4.0,-1.0,川端海翼,1,4,4.6,0
2025082404030208,ミラクルキャッツ,5,470.0,6.0,1.0,岩田望来,1,5,4.5,0
2025082404030209,ウインアイオライト,5,474.0,2.0,-1.0,横山琉人,1,15,19.6,0
2025082404030210,デュガ,6,488.0,4.0,-1.0,江田照男,1,2,20.7,0
2025082404030211,サノノグレーター,2,464.0,2.0,-1.0,横山琉人,1,6,4.3,0
2025082404030212,リクエイ,3,410.0,6.0,-1.0,今村聖奈,1,1,6.6,1
2025082407040201,アメリカンピース,7,460.0,2.0,1.0,小坂忠士,2,1,5.3,1
2025082407040202,ドウジャスティ,3,488.0,0.0,0.0,角田大和,1,1,6.1,1
2025082407040203,クールデイトナ,2,458.0,6.0,1.0,吉村誠之,1,1,7.4,1
2025082407040204,イーブンベター,3,434.0,8.0,-1.0,国分恭介,1,1,147.8,1
2025082407040205,ソラーロ,2,452.0,0.0,0.0,亀田温心,1,1,8.9,1
2025082407040206,エイヘンハールト,3,470.0,2.0,-1.0,川田将雅,1,1,3.7,1
2025082407040207,タガノマルアフ,3,476.0,2.0,-1.0,角田大和,1,1,10.3,1
2025082407040208,シェーラ,3,416.0,2.0,-1.0,高杉吏麒,1,1,7.0,1
2025082407040209,ブルクトーア,3,492.0,4.0,1.0,小沢大仁,1,3,7.8,0
2025082407040210,チカミリオン,4,486.0,2.0,-1.0,角田大和,1,10,14.8,0
2025082407040211,ロードトレイル,4,476.0,12.0,-1.0,高杉吏麒,4,5,7.6,0
2025082407040212,ダイシンリンク,3,444.0,10.0,-1.0,中井裕二,1,1,7.9,1
2025083001020301,ラスティングスノー,2,464.0,8.0,1.0,横山和生,1,1,3.5,1
2025083001020302,シンデレラガール,2,432.0,4.0,-1.0,斎藤新　,3,5,15.5,0
2025083001020303,オロパタジン,3,466.0,4.0,-1.0,小林美駒,1,1,4.8,1
2025083001020304,エピファランド,3,486.0,12.0,-1.0,浜中俊　,2,3,5.4,0
2025083001020305,ケイアイアギト,2,516.0,0.0,0.0,斎藤新　,1,2,19.9,0
2025083001020306,ラファヴォリット,3,466.0,2.0,1.0,小林美駒,1,3,15.9,0
2025083001020307,ボディブロー,4,528.0,8.0,-1.0,武豊　　,1,4,6.3,0
2025083001020308,マーベリックシチー,4,468.0,0.0,0.0,吉田隼人,3,3,38.8,0
2025083001020309,ウチュウノセカイ,2,498.0,6.0,1.0,古川吉洋,1,7,6.2,0
2025083001020310,タイセイミッション,4,528.0,0.0,0.0,黛弘人　,1,3,6.2,0
2025083001020311,エラン,4,474.0,0.0,0.0,古川吉洋,1,3,22.3,0
2025083001020312,ムチャスグラシアス,4,450.0,0.0,0.0,佐々木大,1,1,18.0,1
2025083004030301,メイショウカズサ,8,476.0,4.0,-1.0,森一馬　,1,11,67.7,0
2025083004030302,ファイアマン,2,474.0,4.0,-1.0,大野拓弥,1,1,4.2,1
2025083004030303,グランセレスト,2,520.0,0.0,0.0,戸崎圭太,1,4,3.6,0
2025083004030304,ライヴスプーン,3,408.0,8.0,-1.0,小林凌大,1,1,16.1,1
2025083004030305,シャオママル,2,438.0,0.0,0.0,大野拓弥,1,9,42.6,0
2025083004030306,キョウエイグッド,3,434.0,4.0,-1.0,木幡巧也,1,1,7.6,1
2025083004030307,ライネリーベ,3,410.0,0.0,0.0,戸崎圭太,1,1,3.6,1
2025083004030308,ミダース,4,518.0,6.0,-1.0,ルメール,2,2,3.9,0
2025083004030309,ポッドロワール,3,494.0,2.0,-1.0,荻野極　,1,1,19.2,1
2025083004030310,ジーティームソウ,4,498.0,4.0,1.0,戸崎圭太,1,11,7.8,0
2025083004030311,サダムオプシス,4,476.0,2.0,-1.0,藤懸貴志,1,11,13.1,0
2025083004030312,ミスエル,4,478.0,2.0,-1.0,菊沢一樹,1,1,7.8,1
2025083007040301,エチゴドラゴン,2,470.0,4.0,1.0,松若風馬,1,2,7.0,0
2025083007040302,シャローファースト,2,518.0,8.0,-1.0,岩田康誠,1,7,65.2,0
2025083007040303,リーティアコナル,3,494.0,4.0,1.0,小崎綾也,1,1,13.4,1
2025083007040304,ハッピーダンチャン,3,464.0,4.0,-1.0,西塚洸二,1,1,13.0,1
2025083007040305,フルールジェンヌ,2,458.0,0.0,0.0,田口貫太,1,1,11.8,1
2025083007040306,タイセイフィオーレ,3,456.0,2.0,1.0,松山弘平,2,16,3.8,0
2025083007040307,マハナ,4,440.0,2.0,1.0,西塚洸二,1,2,7.1,0
2025083007040308,テンクウハット,5,476.0,2.0,-1.0,太宰啓介,2,4,31.5,0
2025083007040309,メイショウヤーキス,4,444.0,8.0,1.0,菱田裕二,1,1,16.5,1
2025083007040310,コト,4,474.0,2.0,-1.0,高杉吏麒,1,1,13.1,1
2025083007040311,サンデーファンデー,5,524.0,8.0,-1.0,角田大和,1,3,14.1,0
2025083007040312,エリカドリーム,5,506.0,6.0,1.0,富田暁　,1,1,22.3,1
2025083101020401,ウーマンズパワー,2,456.0,0.0,0.0,斎藤新　,1,6,15.5,0
2025083101020402,カスバートテソーロ,3,446.0,4.0,1.0,丹内祐次,1,3,3.6,0
2025083101020403,タイセイアビリティ,3,476.0,0.0,0.0,斎藤新　,1,1,5.7,1
2025083101020404,エオアリイ,3,464.0,4.0,1.0,舟山瑠泉,1,1,6.7,1
2025083101020405,エリプティクカーブ,2,468.0,0.0,0.0,横山武史,1,1,4.2,1
2025083101020406,タイキインドラ,3,506.0,4.0,1.0,丹内祐次,2,2,12.8,0
2025083101020407,モアリジット,4,500.0,8.0,1.0,森田誠也,4,6,53.0,0
2025083101020408,レーヴドレフォン,4,490.0,12.0,1.0,古川奈穂,1,7,13.0,0
2025083101020409,ウインデイジー,4,460.0,0.0,0.0,松岡正海,1,3,6.5,0
2025083101020410,ロードマイライフ,4,494.0,2.0,-1.0,横山和生,1,1,5.0,1
2025083101020411,フォルテム,3,484.0,2.0,1.0,武豊　　,1,4,4.4,0
2025083101020412,ミッションルース,4,454.0,12.0,-1.0,池添謙一,1,8,15.1,0
2025083104030401,イルディヴィーノ,5,480.0,2.0,1.0,坂口智康,1,3,59.5,0
2025083104030402,カフェノーチェ,3,524.0,8.0,1.0,菅原明良,1,1,4.6,1
2025083104030403,ホットゥトロット,2,444.0,2.0,-1.0,大野拓弥,1,1,4.2,1
2025083104030404,ピコラ,3,428.0,4.0,1.0,木幡巧也,3,3,6.3,0
2025083104030405,カモンメーン,2,480.0,0.0,0.0,坂井瑠星,2,4,5.8,0
2025083104030406,ラストスマイル,2,502.0,0.0,0.0,杉原誠人,1,12,17.2,0
2025083104030407,デルマエアロール,3,458.0,0.0,0.0,杉原誠人,1,1,8.1,1
2025083104030408,マカナ,3,464.0,4.0,1.0,菅原明良,1,1,6.8,1
2025083104030409,クリフハンガー,4,454.0,0.0,0.0,大野拓弥,1,4,182.2,0
2025083104030410,シュラザック,3,488.0,6.0,1.0,古川吉洋,1,1,5.9,1
2025083104030411,シランケド,5,514.0,6.0,1.0,坂井瑠星,1,1,3.4,1
2025083104030412,イコサン,5,494.0,2.0,1.0,津村明秀,1,1,3.9,1
2025083107040401,レディーゴール,2,450.0,6.0,1.0,松山弘平,1,1,3.0,1
2025083107040402,エアニゲラ,3,460.0,4.0,-1.0,小沢大仁,1,2,5.4,0
2025083107040403,メイショウアイル,3,472.0,4.0,-1.0,秋山稔樹,1,1,32.7,1
2025083107040404,フロンティエール,3,506.0,2.0,-1.0,北村友一,2,3,5.0,0
2025083107040405,サトノアイボリー,2,480.0,0.0,0.0,団野大成,1,1,4.2,1
2025083107040406,ナクソス,2,436.0,0.0,0.0,小沢大仁,1,12,23.4,0
2025083107040407,ショウサンジョージ,3,490.0,2.0,1.0,国分優作,1,3,14.3,0
2025083107040408,ツーネサーン,4,504.0,2.0,1.0,富田暁　,1,7,5.9,0
2025083107040409,ジュンツバメガエシ,5,518.0,2.0,-1.0,岩田望来,2,2,5.0,0
2025083107040410,アスクデビューモア,4,466.0,4.0,1.0,岩田康誠,1,5,10.5,0
2025083107040411,タマモイカロス,2,524.0,2.0,-1.0,田口貫太,1,4,12.6,0
2025083107040412,セールヴォラン,4,450.0,2.0,-1.0,松若風馬,1,3,3.2,0
2025090601020501,ジェネチェン,2,438.0,10.0,-1.0,菱田裕二,3,3,6.4,0
2025090601020502,ラスベガスサイン,2,400.0,6.0,1.0,小林美駒,1,1,3.7,1
2025090601020503,サツキレジーナ,3,436.0,4.0,1.0,古川吉洋,1,1,5.4,1
2025090601020504,ラファヴォリット,3,468.0,2.0,1.0,小林美駒,1,1,15.3,1
2025090601020505,サンダーヴィント,2,452.0,0.0,0.0,ルメール,1,7,3.8,0
2025090601020506,ライラックデューン,3,462.0,0.0,0.0,和田陽希,1,1,9.7,1
2025090601020507,エメラヴィ,3,460.0,26.0,1.0,横山武史,1,11,7.9,0
2025090601020508,レーヴドレフォン,4,486.0,4.0,-1.0,古川奈穂,1,2,8.3,0
2025090601020509,ウイントレメンデス,4,482.0,4.0,-1.0,横山和生,1,1,6.7,1
2025090601020510,サウンドモリアーナ,3,442.0,2.0,1.0,武豊　　,1,1,7.2,1
2025090601020511,ショウナンガルフ,2,472.0,2.0,-1.0,池添謙一,1,1,3.4,1
2025090601020512,メイショウツヨキ,3,486.0,36.0,1.0,横山和生,1,1,20.7,1
2025090606040101,ファベル,6,440.0,4.0,-1.0,小牧加矢,3,2,5.7,0
2025090606040102,トワニ,2,418.0,12.0,1.0,菅原明良,1,1,7.9,1
2025090606040103,ライトアファイア,2,468.0,2.0,1.0,菊沢一樹,3,3,4.3,0
2025090606040104,コンパクトファイト,3,422.0,2.0,1.0,石神深道,1,1,18.9,1
2025090606040105,エバーラスト,2,488.0,0.0,0.0,石神深道,1,4,21.2,0
2025090606040106,イヌボウノアサヒ,2,442.0,0.0,0.0,戸崎圭太,1,2,3.1,0
2025090606040107,ミッドセンチュリー,3,448.0,6.0,1.0,嶋田純次,1,1,7.5,1
2025090606040108,ロフティーイデアル,5,474.0,2.0,-1.0,戸崎圭太,2,1,3.1,1
2025090606040109,ジャスティンガルフ,4,498.0,4.0,-1.0,菅原明良,1,10,24.1,0
2025090606040110,パンジャ,4,484.0,4.0,-1.0,戸崎圭太,1,1,3.0,1
2025090606040111,ドロップオブライト,6,446.0,8.0,1.0,松若風馬,2,2,20.4,0
2025090606040112,ドナカルナバル,3,478.0,2.0,1.0,菅原明良,1,1,3.0,1
2025090609040101,エブリデイ,2,492.0,6.0,-1.0,高杉吏麒,1,1,7.4,1
2025090609040102,ゴールデンブラッド,2,468.0,2.0,-1.0,松山弘平,1,4,9.2,0
2025090609040103,モズプリヴェール,3,480.0,2.0,1.0,松山弘平,1,1,5.2,1
2025090609040104,パスコード,3,432.0,6.0,-1.0,亀田温心,1,1,11.5,1
2025090609040105,エシェックオロワ,2,484.0,0.0,0.0,岩田望来,1,6,11.0,0
2025090609040106,キープシャイニング,2,488.0,0.0,0.0,田口貫太,2,4,17.2,0
2025090609040107,リアルフォルゴーレ,3,478.0,0.0,0.0,田口貫太,3,5,12.1,0
2025090609040108,プロスペクト,4,512.0,0.0,0.0,松山弘平,2,6,8.9,0
2025090609040109,モックモック,5,498.0,2.0,1.0,岩田望来,1,2,9.0,0
2025090609040110,オーロラエックス,4,490.0,2.0,1.0,松山弘平,1,1,5.3,1
2025090609040111,ライツフォル,5,488.0,8.0,-1.0,坂井瑠星,1,2,8.0,0
2025090609040112,リメンバーヒム,3,452.0,2.0,-1.0,高杉吏麒,1,1,4.4,1
2025090701020601,ミアエッテ,2,466.0,0.0,0.0,柴田裕一,3,2,9.2,0
2025090701020602,コスモナエマ,2,486.0,8.0,1.0,丹内祐次,1,2,7.9,0
2025090701020603,カスバートテソーロ,3,442.0,4.0,-1.0,丹内祐次,1,1,3.4,1
2025090701020604,グリフォン,3,424.0,2.0,-1.0,斎藤新　,1,1,14.0,1
2025090701020605,ドゥラエテルノ,3,472.0,4.0,-1.0,浜中俊　,1,1,6.0,1
2025090701020606,サードウインド,3,446.0,2.0,1.0,丹内祐次,1,1,5.1,1
2025090701020607,トゥルブレンツ,5,442.0,4.0,-1.0,舟山瑠泉,1,1,12.7,1
2025090701020608,スネーフリンガ,3,452.0,4.0,-1.0,松本大輝,1,7,13.6,0
2025090701020609,チュウワクリスエス,3,496.0,2.0,-1.0,浜中俊　,1,2,4.1,0
2025090701020610,ショウナンバルドル,3,500.0,4.0,1.0,荻野琢真,1,9,6.3,0
2025090701020611,ミステリーウェイ,7,502.0,0.0,0.0,松本大輝,1,1,16.7,1
2025090701020612,ウインサマースノー,4,492.0,8.0,1.0,小林美駒,1,12,5.3,0
2025090706040201,ユイノコキュウ,4,476.0,2.0,-1.0,大江原圭,1,5,23.1,0
2025090706040202,タイキブライトン,3,458.0,0.0,0.0,原優介　,3,9,14.0,0
2025090706040203,コパノトーマス,2,464.0,4.0,-1.0,原優介　,1,2,4.7,0
2025090706040204,マイネルマスター,2,436.0,6.0,1.0,津村明秀,1,1,3.0,1
2025090706040205,ハーディジェナー,2,428.0,0.0,0.0,上里直汰,1,4,115.2,0
2025090706040206,ヴァレンティーニ,2,482.0,0.0,0.0,岩田康誠,1,1,7.5,1
2025090706040207,タッチダウン,3,440.0,2.0,-1.0,菅原明良,3,3,7.9,0
2025090706040208,ロンパイア,3,476.0,10.0,-1.0,戸崎圭太,1,1,8.2,1
2025090706040209,モンドプリューム,5,510.0,6.0,1.0,北村友一,1,1,4.6,1
2025090706040210,ルージュラナキラ,3,458.0,4.0,-1.0,鮫島克駿,1,1,5.0,1
2025090706040211,ケリフレッドアスク,3,456.0,4.0,1.0,西塚洸二,1,1,24.9,1
2025090706040212,レイユール,3,410.0,0.0,0.0,木幡巧也,1,9,4.6,0
2025090709040201,エコロレーヴ,2,496.0,4.0,1.0,団野大成,1,2,3.4,0
2025090709040202,オレンジフィールド,2,470.0,8.0,1.0,酒井学　,5,4,16.9,0
2025090709040203,ダノンプリマ,3,450.0,4.0,1.0,角田大和,1,1,4.9,1
2025090709040204,フィオレストラーダ,3,452.0,0.0,0.0,団野大成,1,1,8.3,1
2025090709040205,アスクチャンスマン,2,432.0,0.0,0.0,岩田望来,3,5,26.4,0
2025090709040206,ポートデラメール,3,446.0,28.0,1.0,団野大成,1,1,7.1,1
2025090709040207,モズカトレア,3,492.0,6.0,1.0,松若風馬,1,1,12.1,1
2025090709040208,レッドベルアーム,6,532.0,4.0,1.0,酒井学　,3,3,9.2,0
2025090709040209,ブラックケリー,3,436.0,2.0,1.0,吉村誠之,1,1,5.8,1
2025090709040210,ストレングス,4,472.0,4.0,-1.0,岩田望来,1,2,5.7,0
2025090709040211,テイエムスパーダ,6,498.0,4.0,-1.0,松若風馬,1,4,15.0,0
2025090709040212,ジャスパーバローズ,5,514.0,10.0,1.0,池添謙一,1,10,28.1,0
2025091306040301,デールエルバハリ,2,490.0,0.0,0.0,小林美駒,1,1,3.8,1
2025091306040302,シャオママル,2,434.0,4.0,-1.0,佐々木大,1,2,11.8,0
2025091306040303,シスター,3,484.0,4.0,1.0,菊沢一樹,2,7,10.9,0
2025091306040304,フォージドブリック,4,550.0,12.0,1.0,大江原圭,1,2,14.7,0
2025091306040305,ルージュブリッツ,2,434.0,0.0,0.0,横山和生,1,5,9.7,0
2025091306040306,テンカムテキ,2,496.0,0.0,0.0,丹内祐次,2,7,21.5,0
2025091306040307,ヨドノタイヨウ,3,498.0,0.0,0.0,小林凌大,3,3,17.0,0
2025091306040308,アシャカトベ,3,524.0,0.0,0.0,横山武史,1,1,3.2,1
2025091306040309,インジケーター,4,498.0,0.0,0.0,斎藤新　,1,6,76.2,0
2025091306040310,キープサインオン,3,468.0,2.0,-1.0,戸崎圭太,1,8,5.2,0
2025091306040311,ユキマル,5,498.0,10.0,1.0,丹内祐次,1,1,4.0,1
2025091306040312,ノーランサンライズ,3,486.0,2.0,-1.0,戸崎圭太,1,4,3.7,0
2025091309040301,ノースミソロジー,2,472.0,0.0,0.0,菱田裕二,1,1,4.3,1
2025091309040302,ラッキーバック,2,512.0,4.0,-1.0,モレイラ,1,2,3.9,0
2025091309040303,マクローリン,2,464.0,14.0,1.0,吉村誠之,3,4,96.7,0
2025091309040304,メイショウアボット,3,516.0,2.0,-1.0,浜中俊　,1,10,30.1,0
2025091309040305,シラヌイ,2,452.0,0.0,0.0,吉村誠之,1,1,4.8,1
2025091309040306,クリムゾンキャット,2,482.0,0.0,0.0,松山弘平,1,1,3.8,1
2025091309040307,ルクスフレンジー,3,484.0,2.0,-1.0,酒井学　,1,10,9.1,0
2025091309040308,サンセットビュー,4,456.0,2.0,-1.0,川田将雅,2,4,4.7,0
2025091309040309,サーナーティオン,4,494.0,8.0,1.0,高杉吏麒,1,4,7.3,0
2025091309040310,キングブルー,4,488.0,8.0,-1.0,藤岡佑介,1,4,10.2,0
2025091309040311,マイネルクリソーラ,6,470.0,2.0,1.0,ルメール,1,3,12.1,0
2025091309040312,キーチパルフェ,4,466.0,6.0,-1.0,鮫島克駿,1,1,7.0,1
2025091406040401,ゴーツウキリシマ,5,458.0,2.0,-1.0,黒岩悠　,2,3,44.6,0
2025091406040402,カシノリアーナ,2,444.0,8.0,1.0,石神深道,1,15,219.2,0
2025091406040403,クイーンレグナント,2,448.0,4.0,-1.0,荻野極　,1,1,4.4,1
2025091406040404,ワンダーディーン,2,450.0,0.0,0.0,石田拓郎,1,1,5.6,1
2025091406040405,ホールドミーワンス,2,502.0,0.0,0.0,菊沢一樹,3,7,18.3,0
2025091406040406,ダブルメッセージ,3,492.0,6.0,1.0,石川裕紀,1,7,15.7,0
2025091406040407,シャンソンドール,3,478.0,18.0,1.0,戸崎圭太,1,1,3.5,1
2025091406040408,フジレイメイ,3,490.0,4.0,1.0,松岡正海,1,5,9.2,0
2025091406040409,ケイデンシーマーク,5,446.0,2.0,-1.0,津村明秀,2,1,16.2,1
2025091406040410,ホウオウムサシ,5,458.0,4.0,1.0,菅原明良,2,8,4.4,0
2025091406040411,ポッドベイダー,3,488.0,4.0,1.0,荻野極　,1,1,13.1,1
2025091406040412,レイククレセント,4,422.0,6.0,1.0,横山和生,2,2,8.9,0
2025091409040401,アンジュプロミス,2,444.0,0.0,0.0,古川奈穂,1,5,5.6,0
2025091409040402,プレセピオ,2,472.0,8.0,1.0,浜中俊　,1,5,37.7,0
2025091409040403,ミライエイゴウ,3,448.0,10.0,-1.0,田山旺佑,1,1,36.4,1
2025091409040404,ヴィヴァシャス,3,450.0,0.0,0.0,高杉吏麒,1,1,7.7,1
2025091409040405,ブルースカイブルー,2,534.0,0.0,0.0,和田竜二,1,1,3.8,1
2025091409040406,メイショウシンガン,2,460.0,0.0,0.0,岩田望来,2,3,18.4,0
2025091409040407,オリバナム,3,486.0,4.0,1.0,西村淳也,1,2,13.0,0
2025091409040408,ヴァリージア,5,528.0,20.0,1.0,池添謙一,1,7,42.0,0
2025091409040409,アレナリア,6,434.0,0.0,0.0,国分恭介,1,1,25.1,1
2025091409040410,ハワイアンティアレ,4,434.0,2.0,-1.0,川田将雅,1,6,4.6,0
2025091409040411,マトラコーニッシュ,3,432.0,2.0,-1.0,池添謙一,1,7,81.5,0
2025091409040412,ロードヴァルカン,3,464.0,4.0,1.0,渡辺竜也,3,3,27.0,0
2025091506040501,ベアアッコチャン,2,474.0,4.0,-1.0,松岡正海,1,4,14.5,0
2025091506040502,ユメシルベ,2,418.0,6.0,1.0,柴田大知,1,1,3.4,1
2025091506040503,ディーズゴールド,3,496.0,4.0,-1.0,三浦皇成,1,1,3.5,1
2025091506040504,グレゴリオ,3,504.0,6.0,-1.0,戸崎圭太,2,4,11.8,0
2025091506040505,ノーウェアマン,2,486.0,0.0,0.0,三浦皇成,1,5,95.2,0
2025091506040506,カリヨンアヴォン,2,440.0,0.0,0.0,モレイラ,1,1,4.0,1
2025091506040507,ゲンパチルーナ,3,440.0,0.0,0.0,横山和生,1,1,4.3,1
2025091506040508,キングズトゥルー,3,442.0,10.0,-1.0,佐々木大,1,1,7.8,1
2025091506040509,タイセイアディクト,4,488.0,8.0,-1.0,戸崎圭太,1,5,6.7,0
2025091506040510,フレミングフープ,4,494.0,0.0,0.0,モレイラ,1,1,3.6,1
2025091506040511,ジーティーアダマン,3,492.0,4.0,-1.0,岩田望来,1,11,6.8,0
2025091506040512,トゥインクルアップ,3,486.0,12.0,1.0,小林美駒,4,2,5.7,0
2025091509040501,ヴィンテージボンド,6,496.0,6.0,-1.0,難波剛健,1,1,10.7,1
2025091509040502,エスティヴァリス,2,476.0,2.0,-1.0,永島まな,1,1,6.7,1
2025091509040503,ジーモンスター,2,514.0,4.0,1.0,岩田康誠,3,3,14.6,0
2025091509040504,アメリカンバー,3,502.0,8.0,-1.0,富田暁　,2,1,3.3,1
2025091509040505,アイガーリー,2,440.0,0.0,0.0,菱田裕二,1,1,33.3,1
2025091509040506,ペプチドモガミ,3,460.0,0.0,0.0,富田暁　,3,2,14.3,0
2025091509040507,レイバックスピン,3,486.0,2.0,-1.0,西村淳也,2,1,3.3,1
2025091509040508,アレンテージョ,5,474.0,4.0,1.0,松山弘平,2,2,5.9,0
2025091509040509,クロドラバール,4,518.0,2.0,1.0,鮫島克駿,1,8,30.4,0
2025091509040510,トーアライデン,5,504.0,4.0,-1.0,菱田裕二,1,6,11.7,0
2025091509040511,バスタードサフラン,4,484.0,16.0,1.0,酒井学　,1,1,11.1,1
2025091509040512,タマモティーカップ,3,460.0,22.0,1.0,永島まな,1,1,5.8,1
2025092006040601,ラフレードピエル,2,438.0,0.0,0.0,菊沢一樹,1,1,6.0,1
2025092006040602,キンググローリー,2,466.0,10.0,1.0,菅原明良,1,4,6.6,0
2025092006040603,エスシーレベッカ,3,466.0,12.0,1.0,佐々木大,1,12,9.1,0
2025092006040604,ヴェンデボヌール,2,464.0,0.0,0.0,戸崎圭太,3,3,3.9,0
2025092006040605,サンブライト,2,462.0,0.0,0.0,横山武史,1,1,7.0,1
2025092006040606,ステイアンビシャス,3,482.0,0.0,0.0,松岡正海,3,3,5.5,0
2025092006040607,サクラアドリア,3,484.0,10.0,-1.0,横山典弘,2,7,23.6,0
2025092006040608,アルデショワ,3,444.0,2.0,-1.0,三浦皇成,1,1,3.9,1
2025092006040609,クリエープキー,2,444.0,4.0,1.0,木幡巧也,1,9,8.3,0
2025092006040610,エコロレイズ,4,502.0,2.0,1.0,菅原明良,1,3,5.1,0
2025092006040611,アピーリングルック,4,478.0,4.0,-1.0,佐々木大,1,8,22.9,0
2025092006040612,エコロエイト,4,508.0,2.0,1.0,丹内祐次,1,1,29.7,1
2025092009040601,レッドラージャ,2,506.0,0.0,0.0,岩田望来,1,6,4.0,0
2025092009040602,ライツェントライゼ,2,462.0,2.0,1.0,和田竜二,3,3,20.2,0
2025092009040603,ライトオブヌカタ,2,498.0,0.0,0.0,岩田康誠,1,5,3.7,0
2025092009040604,テイエムマジック,7,528.0,12.0,1.0,難波剛健,1,4,53.1,0
2025092009040605,メイプルハッピー,2,496.0,0.0,0.0,亀田温心,1,2,8.4,0
2025092009040606,ハナウマビーチ,3,516.0,0.0,0.0,松山弘平,1,1,3.0,1
2025092009040607,マイエレメント,3,488.0,4.0,-1.0,岩田望来,1,3,3.2,0
2025092009040608,アルスマグナ,2,454.0,2.0,1.0,西村淳也,4,4,6.4,0
2025092009040609,モズタチアガレ,3,488.0,14.0,1.0,西塚洸二,1,4,5.7,0
2025092009040610,ウィルサヴァイブ,3,436.0,0.0,0.0,川田将雅,2,2,4.2,0
2025092009040611,プルートマスター,6,504.0,4.0,-1.0,松山弘平,2,5,7.1,0
2025092009040612,カミノレアル,3,514.0,2.0,1.0,田口貫太,1,1,8.3,1
2025092106040701,タヤスロレンヌ,2,454.0,4.0,-1.0,石田拓郎,1,10,25.6,0
2025092106040702,マーシャルアン,2,456.0,12.0,1.0,上里直汰,1,1,22.7,1
2025092106040703,ラストスマイル,2,500.0,2.0,-1.0,杉原誠人,1,2,86.5,0
2025092106040704,ナリノシャーウッド,2,472.0,0.0,0.0,岩田望来,1,1,16.3,1
2025092106040705,シーギリヤロック,2,442.0,0.0,0.0,モレイラ,1,2,3.8,0
2025092106040706,ホウオウブースター,3,434.0,4.0,-1.0,鮫島克駿,1,13,19.2,0
2025092106040707,メリークリスマス,3,496.0,10.0,1.0,菊沢一樹,1,1,4.5,1
2025092106040708,セイウンデセオ,4,494.0,6.0,1.0,今村聖奈,1,10,5.1,0
2025092106040709,メタルスピード,5,516.0,0.0,0.0,丹内祐次,2,2,6.7,0
2025092106040710,ハギノサステナブル,5,484.0,2.0,-1.0,モレイラ,1,1,4.0,1
2025092106040711,フェアエールング,5,464.0,2.0,1.0,津村明秀,1,4,33.3,0
2025092106040712,モズカトレア,3,492.0,0.0,0.0,岩田望来,1,2,3.6,0
2025092109040701,コパノニコルソン,6,524.0,4.0,-1.0,小牧加矢,1,1,4.3,1
2025092109040702,メイクワンズデイ,2,462.0,6.0,1.0,武豊　　,1,8,6.3,0
2025092109040703,タガノアバンドーネ,2,474.0,4.0,-1.0,吉村誠之,1,1,5.8,1
2025092109040704,モンサンゴールデン,2,472.0,6.0,1.0,池添謙一,2,3,4.2,0
2025092109040705,バークシャーシチー,2,454.0,0.0,0.0,松若風馬,1,1,36.7,1
2025092109040706,サリカリーフォリア,2,514.0,0.0,0.0,松山弘平,1,2,26.9,0
2025092109040707,キーパフォーマー,4,468.0,8.0,1.0,西村淳也,1,1,6.0,1
2025092109040708,フクキタテーラー,3,440.0,18.0,1.0,菱田裕二,1,1,18.9,1
2025092109040709,ヒーローインチーフ,4,448.0,2.0,1.0,富田暁　,3,5,8.3,0
2025092109040710,ファミリータイム,4,476.0,0.0,0.0,松山弘平,1,1,4.0,1
2025092109040711,ジョイボーイ,3,484.0,10.0,1.0,藤岡佑介,1,8,18.9,0
2025092109040712,ダノンフィーゴ,3,470.0,4.0,1.0,川田将雅,1,1,3.2,1
2025092706040801,ユイノコキュウ,4,486.0,10.0,1.0,大江原圭,1,7,13.4,0
2025092706040802,ロミオ,2,498.0,8.0,1.0,石橋脩　,1,14,14.5,0
2025092706040803,レディサン,2,450.0,4.0,1.0,戸崎圭太,1,2,20.3,0
2025092706040804,ケントン,2,482.0,0.0,0.0,佐々木大,1,1,30.6,1
2025092706040805,リラ,2,424.0,0.0,0.0,三浦皇成,2,2,5.6,0
2025092706040806,キョウエイフロイデ,4,496.0,8.0,1.0,宮崎北斗,1,7,17.2,0
2025092706040807,ビップチェイス,4,466.0,4.0,1.0,江田照男,1,2,38.1,0
2025092706040808,ショウナンハクウン,5,504.0,0.0,0.0,ルメール,1,1,8.3,1
2025092706040809,ウイナーズナイン,2,508.0,12.0,1.0,横山武史,1,1,8.9,1
2025092706040810,モジャーリオ,3,458.0,6.0,-1.0,横山和生,1,2,4.1,0
2025092706040811,トワイライトシティ,3,460.0,2.0,1.0,荻野極　,1,9,90.5,0
2025092706040812,ワンダラー,3,526.0,2.0,1.0,内田博幸,2,1,3.1,1
2025092709040801,ワイズギャング,2,442.0,2.0,1.0,古川吉洋,1,2,5.8,0
2025092709040802,アーサーバローズ,2,486.0,6.0,-1.0,高杉吏麒,2,2,15.8,0
2025092709040803,メテオロイド,2,450.0,0.0,0.0,松若風馬,2,4,10.5,0
2025092709040804,ホワイトオーキッド,2,422.0,0.0,0.0,西塚洸二,1,1,10.1,1
2025092709040805,クラウンインジエア,2,488.0,0.0,0.0,高杉吏麒,1,7,7.5,0
2025092709040806,マナエトレ,3,470.0,2.0,-1.0,吉村誠之,1,7,10.7,0
2025092709040807,アロンディ,3,452.0,0.0,0.0,モレイラ,1,1,4.9,1
2025092709040808,テラメリタ,4,478.0,0.0,0.0,川田将雅,1,3,3.1,0
2025092709040809,ローズカリス,2,438.0,4.0,1.0,田口貫太,1,2,13.5,0
2025092709040810,シュタールヴィント,5,446.0,12.0,1.0,西村淳也,1,1,5.2,1
2025092709040811,メイプルリッジ,6,468.0,10.0,-1.0,モレイラ,1,11,12.7,0
2025092709040812,タカネノハナコサン,5,498.0,4.0,-1.0,高杉吏麒,1,1,4.8,1
2025092806040901,ハイライトニング,2,472.0,10.0,-1.0,戸崎圭太,1,1,6.1,1
2025092806040902,トラスコンガーデン,2,438.0,2.0,-1.0,吉田豊　,1,1,11.2,1
2025092806040903,エーデルゼーレ,2,462.0,4.0,-1.0,モレイラ,1,2,3.4,0
2025092806040904,ルクスレイモンド,2,476.0,0.0,0.0,津村明秀,1,2,5.5,0
2025092806040905,ヒズマスターピース,2,514.0,0.0,0.0,菅原明良,1,6,3.8,0
2025092806040906,ヤコブセン,3,506.0,12.0,1.0,横山武史,1,11,5.4,0
2025092806040907,インパクトシー,3,526.0,0.0,0.0,横山武史,2,2,6.4,0
2025092806040908,タイセイミッション,4,528.0,0.0,0.0,坂井瑠星,1,8,3.6,0
2025092806040909,アルバンヌ,2,480.0,0.0,0.0,ルメール,1,1,4.5,1
2025092806040910,ドゥカート,3,474.0,4.0,-1.0,津村明秀,1,2,16.1,0
2025092806040911,ウインカーネリアン,8,514.0,2.0,1.0,三浦皇成,1,1,50.0,1
2025092806040912,アマルナ,5,476.0,16.0,1.0,松山弘平,1,7,9.6,0
2025092809040901,ホウオウプレシャス,5,490.0,12.0,-1.0,水沼元輝,1,2,29.8,0
2025092809040902,アンジュプロミス,2,456.0,12.0,1.0,古川奈穂,1,2,14.3,0
2025092809040903,ブラックコーラル,2,518.0,4.0,-1.0,西村淳也,2,8,10.3,0
2025092809040904,クイーンズドリーム,2,518.0,0.0,0.0,高杉吏麒,1,6,7.2,0
2025092809040905,セイウンバジリスク,2,514.0,0.0,0.0,秋山稔樹,1,6,60.4,0
2025092809040906,ハヤテノツバサ,3,498.0,2.0,-1.0,吉村誠之,1,9,6.8,0
2025092809040907,プレゼンティーア,4,494.0,6.0,1.0,藤岡佑介,1,3,7.7,0
2025092809040908,マテンロウギフト,3,466.0,6.0,1.0,吉村誠之,1,8,33.2,0
2025092809040909,カエルム,4,478.0,0.0,0.0,鮫島克駿,1,3,10.6,0
2025092809040910,シュラザック,3,482.0,6.0,-1.0,古川吉洋,1,1,3.6,1
2025092809040911,ミッキーゴージャス,5,458.0,6.0,1.0,浜中俊　,1,3,10.8,0
2025092809040912,ポルポラジール,4,518.0,10.0,1.0,田山旺佑,1,3,8.5,0
2025100405040101,リアライズタキオン,2,464.0,6.0,1.0,津村明秀,1,4,8.1,0
2025100405040102,ミッキーマーメイド,2,456.0,4.0,-1.0,松山弘平,1,1,4.2,1
2025100405040103,ファインサマーデイ,2,458.0,0.0,0.0,菅原明良,1,1,5.7,1
2025100405040104,ジオフロント,7,476.0,4.0,-1.0,鷲頭虎太,1,1,7.4,1
2025100405040105,カレントゥルーシー,2,494.0,0.0,0.0,松山弘平,1,1,4.1,1
2025100405040106,ポッドベル,3,468.0,6.0,1.0,横山武史,1,3,12.7,0
2025100405040107,サラスヴァティー,3,470.0,20.0,-1.0,横山武史,1,1,12.8,1
2025100405040108,ソニックライン,4,490.0,6.0,1.0,荻野極　,2,6,7.7,0
2025100405040109,ドリームクルーズ,4,494.0,8.0,1.0,吉田豊　,2,8,12.0,0
2025100405040110,レッドシュヴェルト,5,468.0,10.0,-1.0,佐々木大,1,1,12.7,1
2025100405040111,レディントン,4,484.0,6.0,-1.0,横山武史,1,11,5.9,0
2025100405040112,クインズデネブ,4,438.0,8.0,1.0,菅原明良,1,7,6.1,0
2025100408030101,イサギ,2,456.0,2.0,1.0,斎藤新　,1,4,40.1,0
2025100408030102,ウィズクィーン,2,424.0,2.0,-1.0,岩田望来,1,1,7.2,1
2025100408030103,エイシンビリオン,2,462.0,0.0,0.0,小沢大仁,1,5,11.8,0
2025100408030104,マジックブルー,4,496.0,10.0,1.0,団野大成,2,2,19.7,0
2025100408030105,ダークマルス,2,472.0,0.0,0.0,川田将雅,1,1,5.1,1
2025100408030106,サンダーロード,3,538.0,2.0,-1.0,松若風馬,1,1,29.6,1
2025100408030107,ジャスパーディビネ,3,516.0,2.0,-1.0,和田陽希,1,1,8.4,1
2025100408030108,マトラコーニッシュ,3,430.0,2.0,-1.0,団野大成,1,2,11.0,0
2025100408030109,ラスティングスノー,2,464.0,0.0,0.0,西村淳也,1,1,18.8,1
2025100408030110,メイショウホウレン,4,506.0,4.0,-1.0,浜中俊　,1,1,9.0,1
2025100408030111,メイショウソラフネ,6,454.0,2.0,1.0,高杉吏麒,1,1,5.7,1
2025100408030112,モックモック,5,500.0,2.0,1.0,今村聖奈,1,2,7.1,0
2025100505040201,アンプイットアップ,2,488.0,0.0,0.0,丹内祐次,1,12,3.1,0
2025100505040202,セキテイリノ,2,468.0,6.0,1.0,江田照男,2,2,9.5,0
2025100505040203,フェーダーローター,2,444.0,4.0,1.0,原優介　,1,1,257.4,1
2025100505040204,タイセイジャスパー,6,498.0,6.0,1.0,上野翔　,1,2,13.2,0
2025100505040205,ミスターライト,2,494.0,0.0,0.0,三浦皇成,1,2,8.2,0
2025100505040206,マーガレットクレア,2,438.0,0.0,0.0,原優介　,1,6,17.7,0
2025100505040207,バンブルビー,3,464.0,0.0,0.0,石田拓郎,2,2,5.1,0
2025100505040208,ベストシーン,3,470.0,2.0,-1.0,津村明秀,2,6,3.5,0
2025100505040209,ポッドロワール,3,504.0,10.0,1.0,荻野極　,1,6,9.7,0
2025100505040210,アルゴナヴィス,4,484.0,2.0,-1.0,岩田望来,2,4,8.8,0
2025100505040211,レーベンスティール,5,484.0,0.0,0.0,津村明秀,1,1,7.7,1
2025100505040212,ベルダイナフェロー,4,474.0,0.0,0.0,石川裕紀,1,4,80.8,0
2025100508030201,ハードシングス,2,456.0,4.0,-1.0,団野大成,1,5,4.7,0
2025100508030202,プレセピオ,2,472.0,0.0,0.0,浜中俊　,1,1,5.1,1
2025100508030203,パイロマンサー,2,504.0,0.0,0.0,横山武史,1,1,3.4,1
2025100508030204,ハンザキ,2,450.0,0.0,0.0,藤懸貴志,1,7,11.5,0
2025100508030205,ストームゲイル,2,462.0,0.0,0.0,藤岡佑介,1,4,23.2,0
2025100508030206,チムニートップス,3,490.0,2.0,1.0,吉村誠之,1,6,6.0,0
2025100508030207,ダノンジャイアン,3,450.0,12.0,1.0,横山武史,1,4,7.0,0
2025100508030208,フラーハ,4,492.0,4.0,1.0,松山弘平,1,9,10.2,0
2025100508030209,アイスグリーン,5,482.0,2.0,-1.0,吉村誠之,2,2,9.7,0
2025100508030210,キタノズエッジ,4,546.0,4.0,1.0,池添謙一,1,8,16.1,0
2025100508030211,アドマイヤテラ,4,496.0,2.0,1.0,川田将雅,1,4,3.1,0
2025100508030212,ソングオブライフ,4,500.0,6.0,1.0,鮫島克駿,1,10,8.0,0
2025101105040301,ルージュブリッツ,2,436.0,2.0,1.0,横山和生,1,1,9.6,1
2025101105040302,マジッククッキー,2,486.0,4.0,1.0,上里直汰,1,1,11.9,1
2025101105040303,ラストスマイル,2,506.0,6.0,1.0,杉原誠人,1,1,3.9,1
2025101105040304,ウィッキドピケット,2,498.0,0.0,0.0,津村明秀,1,1,3.2,1
2025101105040305,シュペルリング,2,434.0,0.0,0.0,津村明秀,1,1,5.3,1
2025101105040306,ロードストラダーレ,2,484.0,0.0,0.0,横山琉人,1,12,15.8,0
2025101105040307,ボウウィンドウ,3,470.0,4.0,1.0,ルメール,1,1,3.0,1
2025101105040308,カーラデマドレ,3,482.0,8.0,1.0,ルメール,1,3,7.6,0
2025101105040309,ダノンホイットニー,4,438.0,0.0,0.0,佐々木大,1,1,6.5,1
2025101105040310,タイセイアディクト,4,492.0,4.0,1.0,坂井瑠星,1,8,10.2,0
2025101105040311,エコロアルバ,2,472.0,8.0,1.0,坂井瑠星,1,1,3.6,1
2025101105040312,アンクエンチャブル,4,520.0,6.0,-1.0,三浦皇成,1,2,5.2,0
2025101108030301,グラスゴー,2,440.0,4.0,1.0,高杉吏麒,1,3,9.2,0
2025101108030302,ヴォーカライズ,2,478.0,10.0,-1.0,吉村誠之,1,3,4.6,0
2025101108030303,シーミハットク,2,488.0,4.0,1.0,岩田望来,1,1,3.1,1
2025101108030304,テイエムマジック,7,532.0,4.0,1.0,難波剛健,1,6,5.7,0
2025101108030305,マーゴットラヴミー,2,432.0,0.0,0.0,池添謙一,1,1,13.7,1
2025101108030306,テルヴィセクス,2,474.0,0.0,0.0,団野大成,1,4,3.2,0
2025101108030307,アラベラ,3,428.0,6.0,-1.0,松山弘平,1,1,5.8,1
2025101108030308,サトノアイボリー,2,486.0,6.0,1.0,団野大成,2,2,4.4,0
2025101108030309,スマートカイロス,3,518.0,6.0,1.0,古川奈穂,1,1,3.6,1
2025101108030310,エールトゥヘヴン,6,464.0,2.0,1.0,池添謙一,1,7,16.7,0
2025101108030311,メイショウズイウン,3,496.0,0.0,0.0,武豊　　,1,4,3.5,0
2025101108030312,レーティッシュ,3,512.0,0.0,0.0,岩田望来,1,7,7.9,0
2025101205040401,サンダーヴィント,2,450.0,2.0,-1.0,菅原明良,1,1,5.1,1
2025101205040402,キンググローリー,2,466.0,0.0,0.0,菅原明良,1,4,5.7,0
2025101205040403,チャリングクロス,2,488.0,20.0,1.0,内田博幸,1,1,5.1,1
2025101205040404,ゴールデンスラム,2,488.0,0.0,0.0,武豊　　,1,6,5.9,0
2025101205040405,ベンティガオルサ,2,500.0,0.0,0.0,武豊　　,3,4,10.1,0
2025101205040406,ウエヲムイテゴラン,4,460.0,10.0,1.0,ルメール,1,4,13.4,0
2025101205040407,アデランテ,4,508.0,2.0,-1.0,佐々木大,1,1,6.8,1
2025101205040408,レッドヴァリアート,3,452.0,0.0,0.0,横山武史,1,4,10.9,0
2025101205040409,メタルスピード,5,520.0,4.0,1.0,丹内祐次,1,11,28.1,0
2025101205040410,ワイワイレジェンド,4,488.0,4.0,1.0,松山弘平,1,1,4.5,1
2025101205040411,アドマイヤマツリ,4,470.0,16.0,1.0,武豊　　,1,7,4.4,0
2025101205040412,マーズオデッセイ,3,508.0,0.0,0.0,三浦皇成,1,1,6.5,1
2025101208030401,フィアーブル,2,460.0,0.0,0.0,西村淳也,1,2,4.0,0
2025101208030402,サイン,2,516.0,4.0,-1.0,西村淳也,1,1,4.2,1
2025101208030403,ラージアンサンブル,2,474.0,6.0,1.0,高杉吏麒,1,4,30.3,0
2025101208030404,オステリア,6,522.0,2.0,-1.0,高田潤　,1,3,8.4,0
2025101208030405,ヴィサージュ,2,498.0,0.0,0.0,藤岡佑介,1,1,14.0,1
2025101208030406,タマモフリージア,2,494.0,0.0,0.0,田口貫太,1,1,25.9,1
2025101208030407,ランツフート,3,462.0,8.0,1.0,松本大輝,1,1,23.9,1
2025101208030408,ルージュミラージュ,3,446.0,2.0,-1.0,森田誠也,1,1,10.9,1
2025101208030409,ランウインディ,4,460.0,0.0,0.0,国分優作,1,4,26.4,0
2025101208030410,ブエナオンダ,4,456.0,4.0,1.0,川田将雅,1,1,6.9,1
2025101208030411,サーマルソアリング,5,506.0,16.0,1.0,北村友一,2,5,16.0,0
2025101208030412,ミッキースターダム,4,458.0,2.0,-1.0,高杉吏麒,2,2,23.3,0
2025101305040501,ウィングブルー,2,502.0,2.0,1.0,斎藤新　,2,2,3.2,0
2025101305040502,ベアアッコチャン,2,476.0,2.0,1.0,松岡正海,1,10,8.9,0
2025101305040503,ミスターマーボー,2,436.0,0.0,0.0,原優介　,3,4,4.4,0
2025101305040504,ジーティーオウジャ,4,526.0,10.0,1.0,水沼元輝,1,1,4.5,1
2025101305040505,スタニングレディ,2,456.0,0.0,0.0,津村明秀,1,1,30.6,1
2025101305040506,ピエドゥラパン,2,460.0,0.0,0.0,荻野極　,1,2,7.3,0
2025101305040507,ヤコブセン,3,510.0,4.0,1.0,斎藤新　,1,13,29.6,0
2025101305040508,テイエムキハク,2,468.0,2.0,1.0,丹内祐次,1,1,5.4,1
2025101305040509,ダノンエンブレム,3,444.0,4.0,1.0,荻野極　,1,3,42.3,0
2025101305040510,ロードオールライト,4,526.0,6.0,-1.0,内田博幸,1,6,10.5,0
2025101305040511,オクタヴィアヌス,5,518.0,4.0,-1.0,横山武史,2,11,7.0,0
2025101305040512,ラストシャリナ,3,496.0,8.0,1.0,石川裕紀,1,1,6.1,1
2025101308030501,ライトオブヌカタ,2,496.0,2.0,-1.0,岩田康誠,1,1,8.7,1
2025101308030502,メイプルハッピー,2,498.0,2.0,1.0,亀田温心,1,1,4.2,1
2025101308030503,トモジャプレジール,2,440.0,22.0,1.0,国分優作,1,14,9.2,0
2025101308030504,プリンセッサ,3,510.0,4.0,-1.0,松若風馬,1,1,4.9,1
2025101308030505,ジャスティンビスタ,2,512.0,0.0,0.0,北村友一,1,1,7.2,1
2025101308030506,バルセシート,2,466.0,0.0,0.0,北村友一,1,1,4.7,1
2025101308030507,プレゼンティーア,4,490.0,4.0,-1.0,坂井瑠星,1,9,4.9,0
2025101308030508,ハッピーダンチャン,3,468.0,4.0,1.0,西塚洸二,1,1,4.2,1
2025101308030509,ハナウマビーチ,3,518.0,2.0,1.0,松山弘平,1,1,6.4,1
2025101308030510,ジェットマグナム,3,494.0,8.0,-1.0,戸崎圭太,1,7,7.5,0
2025101308030511,ウインマーベル,6,482.0,2.0,-1.0,松山弘平,1,4,5.9,0
2025101308030512,セールヴォラン,4,452.0,2.0,1.0,松若風馬,1,1,10.2,1
2025101804040101,ルージュリリック,2,470.0,8.0,1.0,丹内祐次,1,4,3.7,0
2025101804040102,オトシダマ,2,472.0,2.0,-1.0,伊藤工真,1,3,66.2,0
2025101804040103,カシノリアーナ,2,438.0,6.0,-1.0,和田陽希,1,12,334.4,0
2025101804040104,シンボリノエル,4,508.0,2.0,-1.0,菊沢一樹,1,1,27.5,1
2025101804040105,ジェイエルキャリア,2,466.0,0.0,0.0,丸山元気,1,1,8.0,1
2025101804040106,レイワサンサン,4,490.0,8.0,-1.0,亀田温心,1,5,10.8,0
2025101804040107,ソルトブリーズ,4,456.0,0.0,0.0,横山琉人,1,1,8.0,1
2025101804040108,ディニトーソ,3,468.0,0.0,0.0,今村聖奈,1,9,3.5,0
2025101804040109,ビップチェイス,4,466.0,0.0,0.0,江田照男,1,5,9.9,0
2025101804040110,サンディブロンド,4,488.0,2.0,1.0,荻野極　,1,6,41.4,0
2025101804040111,ルーフ,5,506.0,4.0,1.0,丹内祐次,2,3,19.1,0
2025101804040112,シュラフ,3,442.0,8.0,1.0,嶋田純次,1,1,4.8,1
2025101805040601,サンデーパーティー,2,482.0,2.0,1.0,津村明秀,1,1,5.7,1
2025101805040602,カセノアステリア,2,490.0,0.0,0.0,津村明秀,1,2,4.0,0
2025101805040603,ラグアイリータ,2,436.0,2.0,-1.0,津村明秀,3,2,9.5,0
2025101805040604,イヌボウノウタゴエ,2,480.0,0.0,0.0,石川裕紀,1,4,14.6,0
2025101805040605,ダンデノン,2,480.0,0.0,0.0,北村友一,1,6,14.9,0
2025101805040606,ソナタン,3,470.0,18.0,1.0,戸崎圭太,2,2,5.4,0
2025101805040607,クインズスピカ,4,492.0,22.0,1.0,横山典弘,1,16,38.6,0
2025101805040608,エラン,4,466.0,8.0,-1.0,横山武史,1,1,8.2,1
2025101805040609,マイネルシンベリン,2,448.0,0.0,0.0,津村明秀,2,5,20.5,0
2025101805040610,レッドプロフェシー,5,484.0,0.0,0.0,原優介　,1,3,6.0,0
2025101805040611,ガイアフォース,6,496.0,2.0,1.0,横山武史,1,1,7.1,1
2025101805040612,ロサンゼルス,4,528.0,2.0,1.0,三浦皇成,1,10,12.4,0
2025101808030601,エシェックオロワ,2,474.0,10.0,-1.0,岩田望来,1,1,3.7,1
2025101808030602,ブームバップビート,2,544.0,4.0,-1.0,西村淳也,2,3,6.0,0
2025101808030603,イージーライダー,2,456.0,2.0,-1.0,西村淳也,1,2,10.5,0
2025101808030604,ホウオウプレシャス,5,490.0,0.0,0.0,水沼元輝,1,1,16.0,1
2025101808030605,スウィートハピネス,2,446.0,0.0,0.0,高杉吏麒,1,1,17.9,1
2025101808030606,ムーランオランジュ,2,482.0,0.0,0.0,和田竜二,1,4,16.7,0
2025101808030607,ニホンピロホリデー,4,410.0,14.0,1.0,高杉吏麒,1,5,9.4,0
2025101808030608,ローズカリス,2,434.0,4.0,-1.0,田口貫太,1,1,5.2,1
2025101808030609,アンズアメ,3,476.0,6.0,1.0,鮫島克駿,2,3,3.1,0
2025101808030610,シュバルツマサムネ,3,470.0,8.0,1.0,藤岡佑介,1,2,3.5,0
2025101808030611,ルージュアベリア,4,486.0,2.0,-1.0,高杉吏麒,1,3,8.2,0
2025101808030612,サーナーティオン,4,488.0,6.0,-1.0,高杉吏麒,1,6,3.5,0
2025101904040201,ステラスペース,2,482.0,8.0,-1.0,武藤雅　,1,1,3.6,1
2025101904040202,ムテキシャチョウ,2,496.0,2.0,1.0,丸山元気,1,3,5.4,0
2025101904040203,バンディート,5,516.0,2.0,-1.0,荻野極　,1,13,4.1,0
2025101904040204,エスシーレベッカ,3,470.0,4.0,1.0,上里直汰,1,1,6.4,1
2025101904040205,ウォーターデライト,2,444.0,0.0,0.0,鮫島克駿,1,2,4.6,0
2025101904040206,ケーヴァラ,4,492.0,4.0,1.0,柴田裕一,1,1,6.8,1
2025101904040207,ネーブルオレンジ,3,472.0,4.0,-1.0,森田誠也,1,1,9.6,1
2025101904040208,リエータメンテ,4,474.0,10.0,-1.0,鮫島克駿,1,1,3.3,1
2025101904040209,キャピタルリッチ,3,466.0,8.0,1.0,横山琉人,1,6,4.4,0
2025101904040210,イスラコラソン,3,438.0,6.0,-1.0,今村聖奈,1,11,10.5,0
2025101904040211,フレミングフープ,4,494.0,0.0,0.0,荻野極　,1,2,9.1,0
2025101904040212,ベンダバール,4,488.0,24.0,1.0,国分恭介,1,8,11.6,0
2025101905040701,ランニングビーチ,2,470.0,4.0,-1.0,木幡巧也,1,4,14.9,0
2025101905040702,テルケンレンスキー,2,480.0,2.0,1.0,木幡初也,2,2,10.2,0
2025101905040703,ザバルガド,2,436.0,4.0,-1.0,長浜鴻緒,1,1,23.4,1
2025101905040704,ラッキーキッド,2,490.0,0.0,0.0,北村宏司,1,1,4.4,1
2025101905040705,ブラウンバナナ,2,488.0,0.0,0.0,津村明秀,1,1,5.1,1
2025101905040706,トラスコンガーデン,2,442.0,4.0,1.0,吉田豊　,1,7,22.8,0
2025101905040707,ミッキーソルジャー,3,512.0,4.0,1.0,横山典弘,1,1,4.6,1
2025101905040708,ロードフロイデ,3,458.0,6.0,1.0,横山和生,1,4,16.6,0
2025101905040709,プラチナドリーム,6,484.0,2.0,-1.0,石神深一,1,5,15.0,0
2025101905040710,クールブロン,5,544.0,6.0,-1.0,内田博幸,1,1,57.5,1
2025101905040711,カゼノランナー,4,536.0,2.0,1.0,横山和生,1,10,4.8,0
2025101905040712,ニシノティアモ,4,440.0,2.0,1.0,津村明秀,1,1,12.7,1
2025101908030701,パドゼフィール,2,466.0,14.0,1.0,田山旺佑,1,5,25.9,0
2025101908030702,ダンツウルス,2,468.0,6.0,-1.0,田口貫太,3,3,8.5,0
2025101908030703,メイショウゴールド,3,460.0,20.0,1.0,丹内祐次,1,8,9.5,0
2025101908030704,ミルトベスト,2,470.0,0.0,0.0,岩田望来,1,1,21.6,1
2025101908030705,ヴァロンブローサ,2,462.0,0.0,0.0,北村友一,1,1,9.7,1
2025101908030706,ミッションルース,4,440.0,14.0,-1.0,田口貫太,2,1,170.4,1
2025101908030707,イリフィ,3,430.0,8.0,1.0,西村淳也,1,1,17.5,1
2025101908030708,ヴィスマール,4,450.0,2.0,-1.0,西村淳也,2,3,17.4,0
2025101908030709,ファニーバニー,2,446.0,12.0,1.0,横山武史,2,3,18.2,0
2025101908030710,エストレヤデベレン,4,536.0,10.0,-1.0,ルメール,1,2,12.1,0
2025101908030711,インヴォーグ,3,502.0,6.0,1.0,団野大成,1,9,56.0,0
2025101908030712,テスティモーネ,3,520.0,2.0,1.0,古川吉洋,1,1,3.3,1
2025102504040301,マーゴットミスト,2,524.0,12.0,1.0,鮫島克駿,1,6,3.3,0
2025102504040302,ダブルチャレンジ,2,438.0,12.0,1.0,今村聖奈,1,14,9.2,0
2025102504040303,ホノボノ,2,450.0,14.0,1.0,永島まな,1,7,45.0,0
2025102504040304,カロローザ,3,474.0,6.0,-1.0,鮫島克駿,1,14,5.2,0
2025102504040305,ユイノコキュウ,4,480.0,6.0,-1.0,今村聖奈,1,5,53.7,0
2025102504040306,コンフォルツァ,3,498.0,4.0,1.0,永島まな,1,1,8.1,1
2025102504040307,サンライズプルート,5,480.0,2.0,1.0,舟山瑠泉,1,1,3.9,1
2025102504040308,サンカルミア,4,486.0,10.0,1.0,上里直汰,1,1,4.1,1
2025102504040309,マグネシアブリック,3,466.0,8.0,1.0,丹内祐次,2,3,4.0,0
2025102504040310,タマモキャリコ,4,424.0,8.0,1.0,鮫島克駿,1,5,7.2,0
2025102504040311,シンハナーダ,4,460.0,6.0,1.0,鮫島克駿,1,1,5.6,1
2025102504040312,ワタシマツワ,3,414.0,12.0,-1.0,丹内祐次,1,1,16.6,1
2025102505040801,マーガレットクレア,2,440.0,2.0,1.0,原優介　,1,9,99.5,0
2025102505040802,ヒズマスターピース,2,512.0,2.0,-1.0,菅原明良,1,1,5.4,1
2025102505040803,ノーウェアマン,2,490.0,6.0,-1.0,木幡巧也,1,1,29.5,1
2025102505040804,マカイゾウ,2,474.0,0.0,0.0,内田博幸,1,2,30.5,0
2025102505040805,マテンロウゼロ,2,466.0,0.0,0.0,横山典弘,1,6,18.5,0
2025102505040806,ホウオウルクソール,2,474.0,0.0,0.0,横山和生,1,1,6.0,1
2025102505040807,ホウオウゴールド,3,476.0,4.0,1.0,横山和生,1,4,8.6,0
2025102505040808,プルミエソルティ,3,472.0,4.0,-1.0,武豊　　,1,3,10.9,0
2025102505040809,マテンロウサン,3,506.0,6.0,1.0,横山典弘,1,7,4.4,0
2025102505040810,ヴァンドーム,4,498.0,4.0,-1.0,ルメール,2,2,5.0,0
2025102505040811,フィロステファニ,2,460.0,12.0,1.0,川田将雅,1,1,3.9,1
2025102505040812,オセアエクスプレス,4,488.0,4.0,1.0,佐々木大,2,3,16.6,0
2025102508030801,ホールオブミラーズ,2,464.0,4.0,1.0,北村友一,1,1,4.5,1
2025102508030802,ゴールデンスラム,2,484.0,4.0,-1.0,坂井瑠星,1,1,3.3,1
2025102508030803,フロムレイブン,2,472.0,0.0,0.0,松山弘平,1,1,4.6,1
2025102508030804,ヴィンテージボンド,6,492.0,4.0,-1.0,難波剛健,2,2,9.0,0
2025102508030805,トミーバローズ,2,474.0,0.0,0.0,松若風馬,1,2,3.5,0
2025102508030806,フレグレイ,2,492.0,0.0,0.0,北村友一,1,1,3.1,1
2025102508030807,サンダーユニバンス,4,474.0,2.0,-1.0,城戸義政,2,11,138.6,0
2025102508030808,キングスコール,3,498.0,6.0,1.0,藤岡佑介,1,4,3.5,0
2025102508030809,ジョータルマエ,5,498.0,0.0,0.0,鮫島良太,2,2,10.3,0
2025102508030810,レディマリオン,4,450.0,2.0,-1.0,吉村誠之,1,6,3.7,0
2025102508030811,オーロラエックス,4,488.0,2.0,-1.0,松山弘平,1,1,3.9,1
2025102508030812,イガッチ,3,470.0,2.0,-1.0,浜中俊　,1,4,10.2,0
2025102604040401,ガーネットテソーロ,2,478.0,4.0,1.0,西塚洸二,1,1,6.3,1
2025102604040402,アンジュプロミス,2,462.0,6.0,1.0,古川奈穂,1,3,4.1,0
2025102604040403,マッドゲイル,2,448.0,0.0,0.0,鮫島克駿,2,2,4.5,0
2025102604040404,ラブリーリディア,3,450.0,6.0,1.0,小沢大仁,1,1,6.3,1
2025102604040405,オーライカモン,2,518.0,0.0,0.0,亀田温心,1,1,12.0,1
2025102604040406,ノビル,4,436.0,2.0,-1.0,川端海翼,1,3,23.0,0
2025102604040407,ホウオウレイヴン,3,452.0,4.0,-1.0,鮫島克駿,1,9,5.2,0
2025102604040408,シャンハイナイト,3,488.0,6.0,1.0,江田照男,3,6,12.7,0
2025102604040409,ジャズ,4,482.0,6.0,1.0,吉田隼人,1,1,6.3,1
2025102604040410,ディーガレジェンド,4,470.0,4.0,1.0,西塚洸二,1,4,9.0,0
2025102604040411,イコサン,5,498.0,4.0,1.0,斎藤新　,1,1,3.4,1
2025102604040412,シルフズミスチーフ,3,458.0,4.0,1.0,丹内祐次,1,3,8.9,0
2025102605040901,エスシーレイジュ,2,446.0,0.0,0.0,大野拓弥,1,1,8.5,1
2025102605040902,パッセージピーク,2,496.0,10.0,1.0,内田博幸,1,6,5.5,0
2025102605040903,ロット,2,424.0,8.0,1.0,内田博幸,3,3,23.1,0
2025102605040904,マルベリーシチー,5,500.0,0.0,0.0,上野翔　,1,3,5.3,0
2025102605040905,テイクオンミー,2,496.0,0.0,0.0,柴田善臣,1,8,15.8,0
2025102605040906,アグネスクレスト,2,500.0,0.0,0.0,柴田善臣,1,5,5.9,0
2025102605040907,ミュークチェルシー,3,468.0,6.0,1.0,吉田豊　,2,10,7.8,0
2025102605040908,テンミラクルスター,3,458.0,14.0,1.0,津村明秀,1,3,10.8,0
2025102605040909,ベルダイナフェロー,4,472.0,2.0,-1.0,石川裕紀,1,1,6.0,1
2025102605040910,イトカワサクラ,5,454.0,6.0,-1.0,菅原明良,3,2,8.8,0
2025102605040911,ジャスティンアース,4,478.0,0.0,0.0,菅原明良,1,2,4.2,0
2025102605040912,セブンマイスター,4,536.0,4.0,-1.0,横山武史,2,2,4.5,0
2025102608030901,サリカリーフォリア,2,520.0,6.0,1.0,松山弘平,1,1,4.3,1
2025102608030902,ミトノリン,2,476.0,2.0,1.0,西村淳也,1,7,19.3,0
2025102608030903,メイショウソラリス,2,460.0,0.0,0.0,武豊　　,1,1,6.7,1
2025102608030904,ダノンバーボン,2,500.0,0.0,0.0,松山弘平,1,1,5.4,1
2025102608030905,テルヒコウ,2,486.0,0.0,0.0,坂井瑠星,1,1,7.0,1
2025102608030906,アンビシャスヨシノ,3,468.0,0.0,0.0,角田大和,1,1,91.9,1
2025102608030907,ステアハート,3,468.0,6.0,-1.0,田山旺佑,1,1,3.6,1
2025102608030908,モジャーリオ,3,462.0,4.0,1.0,横山和生,1,1,3.7,1
2025102608030909,バドリナート,2,488.0,2.0,-1.0,坂井瑠星,1,1,4.0,1
2025102608030910,ジューンアヲニヨシ,5,494.0,0.0,0.0,西村淳也,1,2,4.0,0
2025102608030911,エネルジコ,3,456.0,12.0,-1.0,ルメール,1,1,3.8,1
2025102608030912,ジェネラーレ,4,488.0,6.0,-1.0,岩田望来,1,14,23.8,0
2025110105041001,リアライズタキオン,2,464.0,0.0,0.0,津村明秀,1,2,12.8,0
2025110105041002,ドルマバフチェ,2,418.0,10.0,1.0,原優介　,3,3,11.1,0
2025110105041003,ポッドクロス,2,448.0,6.0,-1.0,レーン　,1,3,3.1,0
2025110105041004,タイキプレジール,2,490.0,0.0,0.0,石橋脩　,1,5,3.8,0
2025110105041005,ヒナノムサシ,2,520.0,0.0,0.0,柴田善臣,1,5,53.5,0
2025110105041006,ウエヲムイテゴラン,4,460.0,0.0,0.0,ルメール,1,4,8.2,0
2025110105041007,ロングウェイホーム,3,524.0,4.0,-1.0,荻野極　,1,1,16.1,1
2025110105041008,ルークススペイ,3,490.0,6.0,1.0,三浦皇成,1,11,3.4,0
2025110105041009,ホウオウアートマン,3,466.0,10.0,-1.0,横山武史,1,5,3.4,0
2025110105041010,パワーホール,4,496.0,6.0,1.0,横山和生,2,4,11.1,0
2025110105041011,ユティタム,5,516.0,4.0,1.0,横山和生,1,16,9.6,0
2025110105041012,ジーティーダーリン,3,502.0,2.0,-1.0,プーシャ,1,6,7.6,0
2025110108031001,メイショウテリオス,2,492.0,6.0,-1.0,吉村誠之,1,1,20.5,1
2025110108031002,トモジャプレジール,2,436.0,4.0,-1.0,国分優作,1,1,21.2,1
2025110108031003,メイショウソウテン,2,560.0,2.0,1.0,和田竜二,1,5,15.8,0
2025110108031004,メイショウウネビ,6,510.0,8.0,1.0,森一馬　,1,1,15.8,1
2025110108031005,シャドウマスター,2,488.0,0.0,0.0,北村友一,1,1,4.5,1
2025110108031006,テイエムサンレーヴ,2,512.0,0.0,0.0,団野大成,1,1,5.2,1
2025110108031007,ヴリトラハン,3,486.0,6.0,1.0,岩田望来,1,1,7.2,1
2025110108031008,アーロンイメル,4,498.0,2.0,-1.0,西村淳也,1,1,6.9,1
2025110108031009,キタサンハナビラ,3,460.0,10.0,1.0,団野大成,2,11,3.3,0
2025110108031010,テーオーグランビル,5,504.0,10.0,1.0,岩田望来,1,1,5.3,1
2025110108031011,マーブルパレス,2,418.0,0.0,0.0,酒井学　,1,9,24.8,0
2025110108031012,オリバナム,3,476.0,10.0,-1.0,団野大成,1,1,21.0,1
2025110205041101,サザンテイオー,2,444.0,8.0,1.0,戸崎圭太,2,2,4.3,0
2025110205041102,ランニングビーチ,2,472.0,2.0,1.0,木幡巧也,1,2,54.3,0
2025110205041103,ルンベーラ,2,460.0,2.0,1.0,吉田隼人,3,2,25.5,0
2025110205041104,シヴィータス,2,450.0,0.0,0.0,横山和生,1,5,22.3,0
2025110205041105,アドマイヤフク,2,428.0,0.0,0.0,プーシャ,3,3,15.1,0
2025110205041106,メッエフアパラ,4,456.0,4.0,1.0,大野拓弥,1,5,26.1,0
2025110205041107,ヘインズポイント,4,556.0,8.0,1.0,ルメール,2,4,6.6,0
2025110205041108,アッカン,2,460.0,4.0,1.0,池添謙一,1,1,11.8,1
2025110205041109,ストレイトトーカー,3,474.0,0.0,0.0,大野拓弥,1,5,10.9,0
2025110205041110,マーズオデッセイ,3,510.0,2.0,1.0,三浦皇成,1,5,3.8,0
2025110205041111,タスティエーラ,5,508.0,10.0,1.0,レーン　,1,8,6.6,0
2025110205041112,ダンツファイター,3,556.0,0.0,0.0,三浦皇成,1,3,7.5,0
2025110208031101,テイエムゴッホ,2,516.0,4.0,1.0,和田竜二,1,1,3.7,1
2025110208031102,タガノアルトゥーラ,2,484.0,4.0,-1.0,吉村誠之,2,2,15.0,0
2025110208031103,メイショウカクウチ,2,478.0,0.0,0.0,菱田裕二,1,1,5.3,1
2025110208031104,オステリア,6,524.0,2.0,1.0,高田潤　,1,2,3.7,0
2025110208031105,ジューンアゲイン,2,440.0,0.0,0.0,富田暁　,2,2,12.4,0
2025110208031106,ゴールドダイアー,3,490.0,2.0,1.0,和田竜二,1,1,3.0,1
2025110208031107,オメガナビゲーター,4,496.0,12.0,1.0,鮫島克駿,1,6,15.0,0
2025110208031108,ゲッティヴィラ,3,452.0,8.0,1.0,吉村誠之,1,1,5.1,1
2025110208031109,パイロマンサー,2,512.0,8.0,1.0,岩田望来,1,1,3.0,1
2025110208031110,ヴォランテ,5,454.0,8.0,-1.0,吉村誠之,1,1,9.4,1
2025110208031111,ラケマーダ,5,512.0,2.0,1.0,藤岡佑介,1,14,14.9,0
2025110208031112,マテンロウブラボー,4,502.0,4.0,-1.0,吉村誠之,1,9,7.2,0
2025110803030101,オトシダマ,2,482.0,10.0,1.0,伊藤工真,1,1,6.6,1
2025110803030102,テルケンレンスキー,2,482.0,2.0,1.0,木幡初也,1,2,6.1,0
2025110803030103,アトモス,2,474.0,10.0,1.0,角田大和,1,1,5.1,1
2025110803030104,アイドル,3,488.0,0.0,0.0,荻野極　,2,2,5.3,0
2025110803030105,ディヴァインスカイ,2,480.0,0.0,0.0,丸山元気,1,1,6.9,1
2025110803030106,バセリーナ,3,464.0,20.0,1.0,舟山瑠泉,1,1,72.3,1
2025110803030107,バシレイア,3,448.0,2.0,1.0,武藤雅　,1,1,17.1,1
2025110803030108,ゲーベル,4,522.0,6.0,-1.0,小沢大仁,1,14,9.2,0
2025110803030109,スイートオレンジ,3,458.0,0.0,0.0,横山琉人,2,2,6.0,0
2025110803030110,イツモニコニコ,4,500.0,6.0,1.0,田中健　,1,1,35.4,1
2025110803030111,エスペシャリー,3,442.0,6.0,-1.0,丹内祐次,1,9,7.3,0
2025110803030112,タイセイマンボ,5,566.0,16.0,1.0,石川裕紀,1,1,15.1,1
2025110805050101,プルメリアリノ,2,430.0,4.0,-1.0,プーシャ,1,1,4.0,1
2025110805050102,ルミテュット,2,506.0,0.0,0.0,内田博幸,3,3,20.5,0
2025110805050103,グランアルト,2,514.0,2.0,1.0,横山武史,1,4,22.9,0
2025110805050104,トモジャオーリー,2,440.0,0.0,0.0,津村明秀,2,2,22.8,0
2025110805050105,イサチルシーキング,2,536.0,0.0,0.0,プーシャ,1,8,35.7,0
2025110805050106,レオアジャイル,2,478.0,0.0,0.0,岩田康誠,1,1,25.6,1
2025110805050107,レグザゴン,4,462.0,2.0,-1.0,岩田康誠,1,5,102.1,0
2025110805050108,クロシェットノエル,4,454.0,2.0,-1.0,横山武史,1,4,9.3,0
2025110805050109,トゥーザムーン,3,488.0,0.0,0.0,菅原明良,1,3,7.6,0
2025110805050110,ナイトアクアリウム,5,492.0,6.0,-1.0,長岡禎仁,1,1,16.6,1
2025110805050111,シーミハットク,2,486.0,2.0,-1.0,三浦皇成,1,13,31.4,0
2025110805050112,エルマーゴ,3,476.0,2.0,1.0,横山武史,1,5,7.2,0
2025110808040101,ジーティービキニ,2,496.0,0.0,0.0,北村友一,2,2,7.2,0
2025110808040102,トミーバローズ,2,470.0,4.0,-1.0,吉村誠之,1,3,5.0,0
2025110808040103,ネッタイヤライ,2,448.0,14.0,1.0,松山弘平,1,1,3.5,1
2025110808040104,ファイアスピリット,2,536.0,8.0,1.0,松若風馬,3,2,3.6,0
2025110808040105,サウンドムーブ,2,458.0,0.0,0.0,団野大成,1,4,3.2,0
2025110808040106,コスモレッド,2,452.0,0.0,0.0,高杉吏麒,1,1,7.9,1
2025110808040107,ランスオブセヘル,4,492.0,10.0,1.0,団野大成,2,1,5.2,1
2025110808040108,レッドバロッサ,6,516.0,6.0,1.0,小牧加矢,1,4,3.8,0
2025110808040109,トゥロン,3,516.0,8.0,-1.0,西村淳也,1,4,11.2,0
2025110808040110,フロムダスク,5,514.0,2.0,1.0,西村淳也,1,1,70.2,1
2025110808040111,キタノズエッジ,4,546.0,0.0,0.0,古川吉洋,1,3,6.4,0
2025110808040112,ニュークレド,3,436.0,4.0,1.0,坂井瑠星,1,4,5.0,0
2025110903030201,アルサック,2,486.0,8.0,1.0,丸山元気,2,2,4.1,0
2025110903030202,アンジュプロミス,2,452.0,10.0,-1.0,古川奈穂,1,1,3.5,1
2025110903030203,ストーンズ,4,506.0,4.0,1.0,永島まな,1,2,3.6,0
2025110903030204,ローンウルフ,4,490.0,14.0,1.0,大江原圭,2,1,5.6,1
2025110903030205,イルディヴィーノ,5,482.0,2.0,1.0,坂口智康,1,1,3.8,1
2025110903030206,ブリッジエフェクト,2,530.0,0.0,0.0,斎藤新　,1,2,7.9,0
2025110903030207,ホウオウブースター,3,438.0,4.0,1.0,杉原誠人,1,1,30.7,1
2025110903030208,リアルファインド,4,508.0,8.0,-1.0,吉田隼人,1,5,93.0,0
2025110903030209,デイジー,4,472.0,8.0,-1.0,江田照男,2,3,7.8,0
2025110903030210,アレナパラシオ,4,480.0,2.0,1.0,富田暁　,1,1,65.6,1
2025110903030211,クファシル,5,496.0,6.0,1.0,斎藤新　,1,6,18.8,0
2025110903030212,バンディート,5,508.0,8.0,-1.0,角田大和,1,1,8.6,1
2025110905050201,リアライズリバティ,2,448.0,4.0,1.0,荻野極　,1,2,16.1,0
2025110905050202,ジャックナダル,2,526.0,4.0,1.0,荻野極　,1,9,9.1,0
2025110905050203,シャルトル,2,450.0,10.0,1.0,岩田望来,1,1,7.5,1
2025110905050204,ラディアントスター,2,518.0,12.0,1.0,戸崎圭太,1,1,4.0,1
2025110905050205,ヴォートセレスト,2,496.0,0.0,0.0,プーシャ,1,1,4.1,1
2025110905050206,ピースサイン,2,454.0,0.0,0.0,横山武史,1,1,11.7,1
2025110905050207,ツーネサーン,4,510.0,0.0,0.0,菅原明良,1,5,7.3,0
2025110905050208,ラストシャリナ,3,490.0,6.0,-1.0,北村宏司,1,15,23.6,0
2025110905050209,マジッククッキー,2,500.0,14.0,1.0,戸崎圭太,1,2,22.8,0
2025110905050210,エセルフリーダ,4,488.0,24.0,1.0,武藤雅　,1,4,8.0,0
2025110905050211,ミステリーウェイ,7,500.0,2.0,-1.0,松本大輝,1,1,27.7,1
2025110905050212,ポッドロワール,3,504.0,0.0,0.0,荻野極　,1,2,6.9,0
2025110908040201,セイウンバジリスク,2,520.0,6.0,1.0,秋山稔樹,1,5,24.0,0
2025110908040202,コマチチャン,2,454.0,6.0,-1.0,松若風馬,1,5,20.5,0
2025110908040203,チェリヴェント,2,500.0,2.0,-1.0,松山弘平,1,7,35.1,0
2025110908040204,シャープインサイト,2,426.0,0.0,0.0,松若風馬,1,5,94.9,0
2025110908040205,エイシンイグニース,2,496.0,0.0,0.0,佐々木大,1,3,18.2,0
2025110908040206,ヴァリージア,5,520.0,6.0,-1.0,Ｃ．デム,1,4,7.1,0
2025110908040207,サークルオブジョイ,4,498.0,8.0,1.0,Ｃ．デム,1,1,4.5,1
2025110908040208,モズカトレア,3,488.0,4.0,-1.0,松若風馬,1,2,3.3,0
2025110908040209,ゼンダンハヤブサ,3,454.0,2.0,1.0,団野大成,1,4,8.6,0
2025110908040210,アガシ,4,490.0,2.0,1.0,田口貫太,1,1,35.0,1
2025110908040211,シゲルショウグン,5,526.0,6.0,1.0,幸英明　,1,9,11.6,0
2025110908040212,サーナーティオン,4,488.0,0.0,0.0,高杉吏麒,1,6,13.0,0
2025111503030301,ロミオ,2,504.0,6.0,1.0,荻野極　,1,1,5.5,1
2025111503030302,プレゼンティーア,4,490.0,0.0,0.0,松本大輝,1,1,4.5,1
2025111503030303,アストリル,2,458.0,2.0,-1.0,横山琉人,2,2,10.6,0
2025111503030304,ロンドンオービタル,2,440.0,2.0,-1.0,石川裕紀,1,1,5.1,1
2025111503030305,ショウグンマサムネ,2,472.0,0.0,0.0,荻野極　,1,1,4.6,1
2025111503030306,キャストロププ,3,494.0,0.0,0.0,丹内祐次,1,2,6.6,0
2025111503030307,セイウンデセオ,4,500.0,6.0,1.0,今村聖奈,1,6,5.0,0
2025111503030308,ブリヤディアマンテ,3,472.0,4.0,-1.0,吉田豊　,1,1,19.5,1
2025111503030309,マテンロウギフト,3,464.0,2.0,-1.0,斎藤新　,1,1,16.1,1
2025111503030310,タイセイミッション,4,528.0,0.0,0.0,黛弘人　,1,2,4.6,0
2025111503030311,ブレーザー,4,522.0,0.0,0.0,荻野極　,1,3,6.3,0
2025111503030312,クイーンズデイ,3,444.0,2.0,-1.0,国分恭介,1,3,9.9,0
2025111505050301,ブーケドリス,2,456.0,16.0,1.0,マーカン,1,4,5.1,0
2025111505050302,サンデースマッシュ,2,460.0,10.0,1.0,マーカン,1,2,7.0,0
2025111505050303,ムーランオランジュ,2,488.0,6.0,1.0,小崎綾也,1,1,7.9,1
2025111505050304,ヨカオウ,2,464.0,6.0,-1.0,岩田康誠,1,2,35.2,0
2025111505050305,コレオシークエンス,2,444.0,0.0,0.0,戸崎圭太,1,1,3.2,1
2025111505050306,マスターソアラ,2,478.0,0.0,0.0,横山武史,1,1,9.5,1
2025111505050307,マクミランテソーロ,4,482.0,2.0,1.0,横山武史,2,2,5.2,0
2025111505050308,プラチナトレジャー,7,490.0,2.0,-1.0,伴啓太　,1,1,5.3,1
2025111505050309,シャパリュ,4,530.0,8.0,1.0,三浦皇成,1,2,14.8,0
2025111505050310,キタサンダムール,5,496.0,4.0,-1.0,ルメール,2,9,3.8,0
2025111505050311,ペプチドナイル,7,530.0,2.0,-1.0,藤岡佑介,1,9,11.8,0
2025111505050312,エフォートレス,4,476.0,2.0,-1.0,横山和生,2,5,39.0,0
2025111508040301,ケンタッキーホーム,2,514.0,6.0,1.0,Ｃ．デム,1,1,3.3,1
2025111508040302,アイカンアズーラ,2,444.0,4.0,-1.0,酒井学　,2,2,18.8,0
2025111508040303,サンライズケヴィン,2,480.0,14.0,-1.0,池添謙一,1,2,5.8,0
2025111508040304,ソルパッサーレ,2,452.0,2.0,1.0,浜中俊　,1,1,7.2,1
2025111508040305,グレースジェンヌ,2,444.0,0.0,0.0,北村友一,1,1,3.1,1
2025111508040306,カレンココナ,2,436.0,0.0,0.0,古川吉洋,2,7,152.8,0
2025111508040307,アートレスマインド,3,480.0,6.0,1.0,Ｃ．デム,1,1,4.2,1
2025111508040308,キーパフォーマー,4,464.0,4.0,-1.0,西村淳也,1,1,3.7,1
2025111508040309,ジェネラーレ,4,490.0,2.0,1.0,岩田望来,1,1,7.8,1
2025111508040310,アイスグリーン,5,484.0,2.0,1.0,Ｃ．デム,1,8,6.8,0
2025111508040311,キャンディード,2,490.0,10.0,1.0,北村友一,1,8,3.8,0
2025111508040312,カウンティフェア,3,454.0,2.0,1.0,田口貫太,1,14,142.7,0
2025111603030401,ウーマンズパワー,2,460.0,4.0,1.0,横山琉人,1,2,3.5,0
2025111603030402,シェリルファミーユ,3,446.0,10.0,1.0,荻野極　,1,1,7.3,1
2025111603030403,レーヴドレフォン,4,478.0,8.0,-1.0,古川奈穂,1,6,12.7,0
2025111603030404,ウォーターリーダー,5,450.0,4.0,-1.0,高田潤　,1,1,9.0,1
2025111603030405,アスクオンディープ,6,490.0,16.0,-1.0,小牧加矢,1,2,6.1,0
2025111603030406,ブラックレジェンド,2,464.0,0.0,0.0,今村聖奈,1,3,4.3,0
2025111603030407,モーデン,7,488.0,10.0,1.0,荻野琢真,1,1,27.3,1
2025111603030408,ディニトーソ,3,466.0,2.0,-1.0,今村聖奈,1,1,7.3,1
2025111603030409,クリエープキー,2,448.0,4.0,1.0,富田暁　,1,3,37.2,0
2025111603030410,ローザサンリヴァル,4,506.0,0.0,0.0,亀田温心,1,1,4.5,1
2025111603030411,ポッドロゴ,4,474.0,4.0,1.0,長岡禎仁,1,1,9.6,1
2025111603030412,ファイナルヒート,5,506.0,8.0,-1.0,舟山瑠泉,1,1,13.5,1
2025111605050401,ランニングビーチ,2,472.0,0.0,0.0,木幡巧也,1,1,3.3,1
2025111605050402,ランズダウンロード,2,474.0,4.0,1.0,プーシャ,1,1,3.4,1
2025111605050403,エバイダンス,2,462.0,0.0,0.0,吉村誠之,3,7,6.0,0
2025111605050404,アジアントレジャー,2,512.0,0.0,0.0,酒井学　,1,1,22.6,1
2025111605050405,マテンロウネイビー,2,464.0,0.0,0.0,横山典弘,1,1,14.5,1
2025111605050406,キョウエイカンセ,4,500.0,0.0,0.0,松岡正海,1,11,8.7,0
2025111605050407,メイショウハチロー,3,496.0,2.0,-1.0,団野大成,1,1,4.7,1
2025111605050408,マカナ,3,468.0,4.0,1.0,菅原明良,1,1,3.6,1
2025111605050409,トクシーカイザー,5,482.0,2.0,-1.0,吉村誠之,2,8,8.3,0
2025111605050410,フレミングフープ,4,494.0,0.0,0.0,杉原誠人,1,1,5.6,1
2025111605050411,レイベリング,5,484.0,0.0,0.0,三浦皇成,1,5,28.3,0
2025111605050412,キャピタルリッチ,3,464.0,2.0,-1.0,菅原明良,1,2,14.5,0
2025111608040401,ミスヘンリー,2,438.0,2.0,1.0,幸英明　,1,8,91.9,0
2025111608040402,カネコメブライト,2,476.0,4.0,-1.0,和田竜二,1,1,10.6,1
2025111608040403,エイシンティザー,2,484.0,12.0,-1.0,ルメール,1,1,5.8,1
2025111608040404,アンコールアゲイン,2,486.0,0.0,0.0,松山弘平,1,4,7.6,0
2025111608040405,ジュンプリメーロ,2,494.0,0.0,0.0,レーン　,1,3,13.3,0
2025111608040406,ボディブロー,4,536.0,8.0,1.0,武豊　　,1,2,15.7,0
2025111608040407,ジョータルマエ,5,500.0,2.0,1.0,鮫島良太,2,8,6.6,0
2025111608040408,ブルクトーア,3,496.0,6.0,1.0,Ｃ．デム,1,12,6.8,0
2025111608040409,サンダーストラック,2,520.0,0.0,0.0,ルメール,1,5,5.3,0
2025111608040410,アスクデビューモア,4,466.0,4.0,1.0,戸崎圭太,1,7,58.4,0
2025111608040411,カナテープ,6,468.0,0.0,0.0,レーン　,1,15,26.5,0
2025111608040412,ワイドアラジン,5,484.0,6.0,1.0,川田将雅,2,6,10.3,0
2025112203030501,セレーノ,2,442.0,0.0,0.0,永島まな,1,2,55.4,0
2025112203030502,ビーアイフォルテ,3,438.0,8.0,-1.0,鮫島克駿,1,1,63.5,1
2025112203030503,セイウンバジリスク,2,518.0,2.0,-1.0,菅原明良,1,14,9.5,0
2025112203030504,ビジューブリランテ,7,494.0,0.0,0.0,坂口智康,3,2,15.6,0
2025112203030505,スコラーリ,6,480.0,6.0,-1.0,伴啓太　,1,4,8.7,0
2025112203030506,モリノアミーゴ,3,466.0,4.0,1.0,横山武史,1,4,13.0,0
2025112203030507,アロンソア,2,430.0,12.0,-1.0,川又賢治,1,1,7.3,1
2025112203030508,ヨヒーン,3,458.0,4.0,-1.0,鮫島克駿,1,1,4.5,1
2025112203030509,クリフハンガー,4,456.0,2.0,-1.0,荻野極　,1,6,25.2,0
2025112203030510,ルージュアズライト,5,456.0,8.0,1.0,荻野極　,1,1,5.7,1
2025112203030511,アラタ,8,484.0,12.0,1.0,横山典弘,1,4,23.6,0
2025112203030512,レイユール,3,410.0,0.0,0.0,丹内祐次,1,10,5.9,0
2025112208040501,ガーネットフレア,2,448.0,2.0,-1.0,Ｃ．デム,2,3,3.2,0
2025112208040502,ブラックコーラル,2,524.0,6.0,1.0,Ｃ．デム,2,2,7.5,0
2025112208040503,マーゴットミスト,2,532.0,8.0,1.0,古川奈穂,1,2,10.5,0
2025112208040504,ストームゲイル,2,468.0,6.0,1.0,吉村誠之,1,2,11.7,0
2025112208040505,アンジュラフィーユ,2,438.0,0.0,0.0,ルメール,2,2,4.5,0
2025112208040506,バトルアックス,2,508.0,0.0,0.0,坂井瑠星,1,2,7.8,0
2025112208040507,マハナ,4,458.0,10.0,1.0,坂井瑠星,1,4,7.4,0
2025112208040508,ソリスクラヴィス,3,522.0,8.0,1.0,Ｃ．デム,1,2,4.0,0
2025112208040509,タガノアラリア,2,444.0,2.0,-1.0,松山弘平,1,1,3.9,1
2025112208040510,ギャンブルルーム,4,504.0,2.0,1.0,Ｃ．デム,1,10,11.1,0
2025112208040511,ミッキーヌチバナ,7,518.0,4.0,-1.0,レーン　,1,8,17.2,0
2025112208040512,ラブリーリディア,3,446.0,4.0,-1.0,西村淳也,1,5,17.4,0
2025112305050501,ドナソール,2,468.0,4.0,-1.0,荻野極　,1,7,49.9,0
2025112305050502,エコロセレナ,2,470.0,4.0,-1.0,斎藤新　,2,5,321.7,0
2025112305050503,スミッコディスコ,2,454.0,20.0,1.0,横山和生,1,5,11.6,0
2025112305050504,クラシオン,2,466.0,0.0,0.0,菊沢一樹,1,5,9.3,0
2025112305050505,ノーブルサヴェージ,2,548.0,0.0,0.0,プーシャ,1,1,3.9,1
2025112305050506,ウエヲムイテゴラン,4,458.0,2.0,-1.0,北村宏司,1,3,14.7,0
2025112305050507,タイキインドラ,3,500.0,2.0,-1.0,丹内祐次,1,1,8.6,1
2025112305050508,レディーフランシス,3,448.0,2.0,1.0,横山和生,1,7,22.3,0
2025112305050509,ヒズマスターピース,2,496.0,16.0,-1.0,荻野極　,1,1,8.8,1
2025112305050510,エンペラーズソード,3,496.0,0.0,0.0,荻野極　,1,1,3.3,1
2025112305050511,ユキマル,5,504.0,6.0,1.0,丹内祐次,1,4,18.0,0
2025112305050512,ピコローズ,3,440.0,6.0,1.0,三浦皇成,1,2,10.6,0
2025112308040601,シャープインサイト,2,434.0,8.0,1.0,高杉吏麒,1,12,40.0,0
2025112308040602,ルファーダ,2,512.0,8.0,1.0,国分優作,1,2,7.0,0
2025112308040603,エアビーアゲイル,2,462.0,6.0,-1.0,岩田望来,1,1,3.4,1
2025112308040604,シュネルアンジュ,2,486.0,0.0,0.0,武豊　　,1,1,3.2,1
2025112308040605,サトノアグード,2,472.0,0.0,0.0,松山弘平,2,2,10.0,0
2025112308040606,ポッドドンナー,3,478.0,2.0,1.0,吉村誠之,1,1,9.0,1
2025112308040607,ウインデイジー,4,454.0,4.0,-1.0,マーカン,1,1,12.7,1
2025112308040608,モックモック,5,498.0,2.0,-1.0,武豊　　,1,1,4.3,1
2025112308040609,メイショウセイロウ,3,416.0,2.0,-1.0,菅原明良,1,8,13.0,0
2025112308040610,ヒルノドゴール,4,528.0,4.0,1.0,松山弘平,1,4,7.7,0
2025112308040611,ソウルラッシュ,7,514.0,0.0,0.0,Ｃ．デム,1,6,5.2,0
2025112308040612,アンクルクロス,4,474.0,6.0,1.0,レーン　,1,1,9.9,1
2025112403030601,シェイプオブユー,2,480.0,2.0,-1.0,川又賢治,2,5,16.4,0
2025112403030602,ステラスプレンダー,4,452.0,2.0,-1.0,小沢大仁,1,1,111.7,1
2025112403030603,マナエトレ,3,476.0,6.0,1.0,吉村誠之,1,1,6.1,1
2025112403030604,ヴァランセカズマ,8,498.0,6.0,-1.0,大江原圭,3,5,31.2,0
2025112403030605,ファンクション,2,438.0,0.0,0.0,斎藤新　,1,1,30.5,1
2025112403030606,メローネ,2,406.0,2.0,1.0,国分恭介,1,8,9.0,0
2025112403030607,レグザゴン,4,462.0,0.0,0.0,吉村誠之,1,1,41.3,1
2025112403030608,ワインクーラー,3,458.0,2.0,1.0,小沢大仁,1,2,11.1,0
2025112403030609,オメガナビゲーター,4,484.0,12.0,-1.0,松本大輝,1,13,6.8,0
2025112403030610,ノーランサンライズ,3,494.0,2.0,1.0,小崎綾也,1,1,13.8,1
2025112403030611,シェットランド,5,554.0,10.0,-1.0,吉田隼人,1,1,50.7,1
2025112403030612,イガッチ,3,476.0,6.0,1.0,高杉吏麒,1,1,4.0,1
2025112405050601,シューティングガイ,2,486.0,4.0,-1.0,戸崎圭太,1,4,13.4,0
2025112405050602,シェーロドラート,2,474.0,6.0,1.0,津村明秀,1,4,13.0,0
2025112405050603,ティラーノ,2,468.0,4.0,-1.0,佐々木大,1,14,22.7,0
2025112405050604,アドマイヤウルトラ,2,502.0,4.0,1.0,マーカン,3,3,15.2,0
2025112405050605,スリーピース,3,462.0,2.0,1.0,三浦皇成,1,1,8.6,1
2025112405050606,テンハートビート,2,464.0,0.0,0.0,津村明秀,2,8,42.2,0
2025112405050607,カフェラバー,2,410.0,0.0,0.0,プーシャ,1,1,5.9,1
2025112405050608,クインズデネブ,4,422.0,0.0,0.0,菅原明良,1,4,9.4,0
2025112405050609,エコロレイズ,4,506.0,4.0,1.0,菅原明良,1,4,35.6,0
2025112405050610,キョウキランブ,3,528.0,6.0,1.0,戸崎圭太,1,1,4.8,1
2025112405050611,テルヒコウ,2,486.0,0.0,0.0,坂井瑠星,1,4,18.6,0
2025112405050612,ベストシーン,3,474.0,4.0,1.0,Ｃ．デム,1,3,7.1,0
2025112905050701,ロイヤルスパイア,2,468.0,12.0,1.0,戸崎圭太,1,2,5.0,0
2025112905050702,アグネスクレスト,2,500.0,2.0,-1.0,柴田善臣,1,1,17.3,1
2025112905050703,チャチャット,2,408.0,2.0,-1.0,柴田善臣,3,2,9.4,0
2025112905050704,オクトーバーナイン,2,494.0,0.0,0.0,バルザロ,1,1,20.7,1
2025112905050705,エクリュ,2,442.0,0.0,0.0,戸崎圭太,2,5,16.0,0
2025112905050706,コーカサスゴールド,4,574.0,2.0,-1.0,バルザロ,1,1,6.9,1
2025112905050707,エンジェルマーク,3,466.0,0.0,0.0,横山武史,1,6,14.7,0
2025112905050708,ヴァナルガンド,5,472.0,2.0,-1.0,ルメール,1,1,3.7,1
2025112905050709,プールナバドラ,2,520.0,2.0,1.0,バルザロ,1,12,88.0,0
2025112905050710,エストレヤデベレン,4,542.0,6.0,1.0,ルメール,1,3,4.5,0
2025112905050711,ミッキーゴージャス,5,462.0,4.0,1.0,レーン　,1,1,6.5,1
2025112905050712,ジャサルディア,3,466.0,2.0,1.0,戸崎圭太,1,2,5.5,0
2025112908040701,ブラックレジェンド,2,460.0,4.0,-1.0,坂井瑠星,1,8,8.0,0
2025112908040702,システマソラー,2,512.0,0.0,0.0,国分恭介,1,1,6.8,1
2025112908040703,イージーライダー,2,464.0,8.0,1.0,西村淳也,1,3,6.0,0
2025112908040704,ビーアイオラクル,6,510.0,6.0,1.0,黒岩悠　,2,6,3.6,0
2025112908040705,レッドリガーレ,2,470.0,0.0,0.0,プーシャ,1,1,3.0,1
2025112908040706,ソルチェリア,2,498.0,0.0,0.0,古川吉洋,1,2,38.3,0
2025112908040707,ニュークレド,3,438.0,2.0,1.0,高杉吏麒,1,7,10.0,0
2025112908040708,トリリオンボーイ,3,482.0,0.0,0.0,岩田康誠,1,1,14.1,1
2025112908040709,カペルブリュッケ,3,472.0,4.0,1.0,斎藤新　,1,1,5.1,1
2025112908040710,ヤブサメ,4,490.0,4.0,-1.0,武豊　　,1,1,5.6,1
2025112908040711,ジャスティンビスタ,2,516.0,4.0,1.0,北村友一,1,1,25.0,1
2025112908040712,ソングオブライフ,4,506.0,6.0,1.0,松山弘平,1,8,9.5,0
2025113005050801,タイセイモノリス,2,480.0,10.0,1.0,マーカン,1,9,8.6,0
2025113005050802,ゴバド,2,434.0,4.0,-1.0,マーカン,1,1,7.4,1
2025113005050803,エコロガノン,2,452.0,2.0,-1.0,菅原明良,2,4,5.1,0
2025113005050804,ファムクラジューズ,2,416.0,2.0,-1.0,横山武史,1,1,8.0,1
2025113005050805,エジプシャンマウ,2,476.0,0.0,0.0,マーカン,1,1,3.7,1
2025113005050806,ゴーラッキー,2,484.0,0.0,0.0,ルメール,1,1,3.6,1
2025113005050807,メッエフアパラ,4,462.0,6.0,1.0,坂井瑠星,1,3,10.3,0
2025113005050808,グロリアスマーチ,2,504.0,8.0,1.0,佐々木大,3,3,17.9,0
2025113005050809,クロシェットノエル,4,458.0,4.0,1.0,横山武史,1,4,15.0,0
2025113005050810,サトノアルペジオ,5,488.0,14.0,1.0,バルザロ,1,13,43.1,0
2025113005050811,エセルフリーダ,4,486.0,2.0,-1.0,武藤雅　,1,4,13.6,0
2025113005050812,ダノンデサイル,4,508.0,999.0,0.0,戸崎圭太,1,3,5.0,0
2025113008040801,アーディアイリ,2,436.0,2.0,1.0,田山旺佑,1,2,3.3,0
2025113008040802,ルージュビバーチェ,2,456.0,6.0,1.0,菱田裕二,1,5,29.0,0
2025113008040803,オンザマーチ,2,446.0,0.0,0.0,小沢大仁,1,1,12.4,1
2025113008040804,アンビシャスヨシノ,3,470.0,2.0,1.0,内田博幸,1,1,5.0,1
2025113008040805,シーク,3,532.0,8.0,1.0,小牧加矢,1,1,8.3,1
2025113008040806,スパルタンエックス,2,476.0,0.0,0.0,松若風馬,3,2,5.2,0
2025113008040807,ドゥラエテルノ,3,470.0,2.0,1.0,武豊　　,1,1,6.3,1
2025113008040808,サクソンジェンヌ,4,468.0,4.0,-1.0,吉村誠之,1,1,18.9,1
2025113008040809,プレセピオ,2,470.0,2.0,-1.0,鮫島克駿,1,7,25.8,0
2025113008040810,ロードラビリンス,3,498.0,11.0,1.0,鮫島克駿,1,1,8.0,1
2025113008040811,ジャスティンアース,4,482.0,4.0,1.0,武豊　　,1,5,4.3,0
2025113008040812,ルガル,5,532.0,10.0,1.0,西村淳也,1,2,4.3,0
2025120606050101,アンバサダネージュ,2,498.0,8.0,1.0,佐藤翔馬,3,2,9.0,0
2025120606050102,ハニーオーケストラ,2,442.0,4.0,-1.0,横山和生,1,1,8.1,1
2025120606050103,スミッコディスコ,2,448.0,6.0,-1.0,横山和生,1,1,5.9,1
2025120606050104,オルブライト,2,472.0,6.0,-1.0,木幡巧也,1,5,65.8,0
2025120606050105,ドッグウッド,2,458.0,0.0,0.0,マーカン,2,5,91.7,0
2025120606050106,トワイライトサイト,2,424.0,0.0,0.0,横山和生,1,1,3.8,1
2025120606050107,タイセイピューマ,4,492.0,2.0,-1.0,石田拓郎,1,1,15.2,1
2025120606050108,ピーターサイト,5,480.0,2.0,-1.0,上野翔　,1,1,17.9,1
2025120606050109,サノノグレーター,2,468.0,4.0,1.0,横山武史,1,1,6.9,1
2025120606050110,プルナチャンドラ,4,506.0,4.0,1.0,横山和生,1,2,4.6,0
2025120606050111,ホーエリート,4,476.0,6.0,-1.0,戸崎圭太,1,1,4.4,1
2025120606050112,マリノトニトゥルス,3,476.0,6.0,1.0,石橋脩　,1,6,28.2,0
2025120607050101,スーパーガール,2,492.0,4.0,-1.0,黛弘人　,1,3,34.7,0
2025120607050102,ハヤテノツバサ,3,510.0,2.0,1.0,斎藤新　,1,4,5.6,0
2025120607050103,キャットテイル,3,430.0,8.0,1.0,西塚洸二,1,4,133.3,0
2025120607050104,ハッピーラッキー,2,456.0,2.0,1.0,石神深道,1,1,3.8,1
2025120607050105,アクロフェイズ,2,474.0,2.0,-1.0,亀田温心,1,1,6.5,1
2025120607050106,スマートシーカー,3,476.0,2.0,-1.0,西塚洸二,1,1,23.8,1
2025120607050107,ジュンビクトワール,3,500.0,10.0,-1.0,石神深道,2,8,7.1,0
2025120607050108,アオイタケル,3,490.0,12.0,1.0,藤岡佑介,1,1,4.2,1
2025120607050109,クールデイトナ,2,478.0,4.0,1.0,吉村誠之,1,1,5.5,1
2025120607050110,アメリカンチケット,4,504.0,0.0,0.0,西塚洸二,1,4,23.6,0
2025120607050111,レディマリオン,4,448.0,2.0,-1.0,吉村誠之,1,1,3.6,1
2025120607050112,フェルシナ,3,460.0,8.0,1.0,斎藤新　,3,3,22.6,0
2025120609050101,オンザノアール,2,486.0,0.0,0.0,岩田望来,1,3,4.9,0
2025120609050102,ミッキージャンプ,2,458.0,4.0,1.0,岩田望来,1,6,45.9,0
2025120609050103,グランドオーパス,2,450.0,4.0,-1.0,川田将雅,1,1,8.9,1
2025120609050104,サイモンシャリオ,2,496.0,0.0,0.0,松山弘平,1,4,11.2,0
2025120609050105,エルハーベン,2,488.0,0.0,0.0,高杉吏麒,1,1,3.9,1
2025120609050106,エルル,2,484.0,0.0,0.0,菱田裕二,1,1,3.2,1
2025120609050107,サンライズシュガー,3,518.0,4.0,1.0,加藤祥太,1,1,76.5,1
2025120609050108,メイショウツヨキ,3,480.0,4.0,1.0,武豊　　,1,1,36.4,1
2025120609050109,ルージュサウダージ,2,480.0,6.0,1.0,横山典弘,1,4,7.6,0
2025120609050110,ドラゴンウェルズ,3,480.0,6.0,1.0,北村友一,1,8,3.3,0
2025120609050111,デビットバローズ,6,514.0,10.0,1.0,岩田望来,1,1,4.3,1
2025120609050112,ザカリナン,3,456.0,6.0,1.0,岩田康誠,1,9,32.3,0
2025120706050201,ドナソール,2,470.0,2.0,1.0,荻野極　,1,1,11.8,1
2025120706050202,テルケンレンスキー,2,480.0,2.0,-1.0,木幡初也,1,1,5.2,1
2025120706050203,ユアフェリシティ,2,480.0,0.0,0.0,原田和真,1,1,4.1,1
2025120706050204,アスクオンディープ,6,492.0,2.0,1.0,小牧加矢,1,2,3.5,0
2025120706050205,サムハラ,2,448.0,0.0,0.0,石田拓郎,1,1,5.9,1
2025120706050206,ランスオブキング,2,476.0,8.0,1.0,石橋脩　,2,2,9.1,0
2025120706050207,プルミエソルティ,3,484.0,0.0,0.0,横山武史,2,6,5.8,0
2025120706050208,ロサンゼルス,4,530.0,2.0,1.0,丹内祐次,1,4,7.7,0
2025120706050209,シンバーシア,4,460.0,10.0,1.0,マーカン,1,1,10.7,1
2025120706050210,チュウワクリスエス,3,494.0,0.0,0.0,原田和真,1,3,14.5,0
2025120706050211,フィオライア,4,472.0,8.0,1.0,石橋脩　,1,13,15.3,0
2025120706050212,ニシノブレイゼスト,3,504.0,8.0,1.0,菅原明良,1,3,13.8,0
2025120707050201,レイサンソク,2,524.0,14.0,1.0,ジェルー,2,2,33.8,0
2025120707050202,アクアマリーナ,3,460.0,4.0,-1.0,岩田望来,1,3,7.2,0
2025120707050203,マンオブザマッチ,3,490.0,6.0,1.0,川田将雅,1,6,13.0,0
2025120707050204,リピ,2,442.0,2.0,1.0,松山弘平,1,7,4.5,0
2025120707050205,ゴーゴーリチャード,2,502.0,0.0,0.0,武豊　　,1,1,7.5,1
2025120707050206,ボディブロー,4,534.0,2.0,-1.0,武豊　　,1,9,7.7,0
2025120707050207,エメラヴィ,3,452.0,2.0,1.0,西村淳也,1,4,3.9,0
2025120707050208,レーヴジーニアル,4,488.0,2.0,1.0,吉田隼人,1,1,22.6,1
2025120707050209,エイシンナデシコ,3,442.0,0.0,0.0,原優介　,1,1,25.5,1
2025120707050210,テラメリタ,4,480.0,2.0,1.0,川田将雅,1,3,3.7,0
2025120707050211,ハギノアレグリアス,8,494.0,0.0,0.0,岩田康誠,1,6,114.8,0
2025120707050212,メイショウアイル,3,470.0,6.0,-1.0,武豊　　,1,3,6.8,0
2025120709050201,オラヴィンリンナ,2,490.0,4.0,1.0,北村友一,1,1,5.9,1
2025120709050202,ハードシングス,2,460.0,0.0,0.0,松若風馬,1,2,9.6,0
2025120709050203,メイクワンズデイ,2,466.0,4.0,1.0,松若風馬,1,1,6.2,1
2025120709050204,マテンロウゼロ,2,462.0,2.0,-1.0,横山典弘,1,1,7.7,1
2025120709050205,アンソニー,2,502.0,0.0,0.0,Ｍ．デム,1,1,4.4,1
2025120709050206,シャフメラン,2,438.0,0.0,0.0,鮫島克駿,1,3,5.1,0
2025120709050207,イチトゼロノアイダ,3,490.0,8.0,-1.0,田山旺佑,2,9,20.7,0
2025120709050208,ジーティームソウ,4,500.0,2.0,1.0,団野大成,1,1,8.0,1
2025120709050209,タマモキャリコ,4,424.0,4.0,-1.0,鮫島克駿,1,1,4.6,1
2025120709050210,ベラジオボンド,4,494.0,0.0,0.0,吉村誠之,1,9,4.5,0
2025120709050211,キタノズエッジ,4,552.0,6.0,1.0,古川吉洋,1,6,5.4,0
2025120709050212,チューラワンサ,3,432.0,4.0,-1.0,吉村誠之,1,1,4.0,1
2025121306050301,マメーアップル,2,428.0,6.0,-1.0,小林美駒,2,2,9.9,0
2025121306050302,ユニゾン,2,452.0,4.0,1.0,横山武史,2,5,3.2,0
2025121306050303,ラプランセス,2,466.0,10.0,1.0,横山武史,1,3,23.6,0
2025121306050304,ガンダ,2,490.0,0.0,0.0,横山武史,1,1,3.7,1
2025121306050305,ベンヴェヌータ,2,462.0,0.0,0.0,石橋脩　,1,1,17.0,1
2025121306050306,タイセイエムロード,2,452.0,0.0,0.0,石田拓郎,1,1,205.7,1
2025121306050307,フェスタリア,3,454.0,2.0,1.0,荻野極　,1,9,3.8,0
2025121306050308,ゲンパチルーナ,3,436.0,4.0,-1.0,横山琉人,1,11,27.1,0
2025121306050309,クリエープキー,2,444.0,4.0,-1.0,木幡巧也,1,8,9.4,0
2025121306050310,モンドプリューム,5,510.0,0.0,0.0,横山典弘,1,1,20.3,1
2025121306050311,マイネルオーシャン,4,480.0,4.0,1.0,佐々木大,1,1,29.0,1
2025121306050312,ラストシャリナ,3,492.0,2.0,1.0,石川裕紀,1,5,35.3,0
2025121307050301,キタノシャカール,2,442.0,6.0,1.0,池添謙一,1,2,4.9,0
2025121307050302,ノビル,4,440.0,4.0,1.0,川端海翼,1,1,20.5,1
2025121307050303,ブレードサクセス,4,506.0,6.0,1.0,丹内祐次,1,5,4.1,0
2025121307050304,オプティモ,2,488.0,2.0,1.0,菅原明良,1,5,7.9,0
2025121307050305,レイクラシック,2,488.0,0.0,0.0,鮫島克駿,1,2,5.6,0
2025121307050306,フォンデネージュ,3,516.0,6.0,-1.0,今村聖奈,2,10,8.1,0
2025121307050307,ビップチェイス,4,454.0,12.0,-1.0,丸山元気,1,12,16.7,0
2025121307050308,マジックローズ,3,440.0,12.0,-1.0,西村淳也,1,1,5.7,1
2025121307050309,プレセピオ,2,474.0,4.0,1.0,富田暁　,1,1,51.5,1
2025121307050310,タイセイミッション,4,534.0,6.0,1.0,黛弘人　,1,7,11.7,0
2025121307050311,シンハナーダ,4,470.0,10.0,1.0,鮫島克駿,1,4,5.0,0
2025121307050312,クイーンズデイ,3,446.0,2.0,1.0,国分恭介,1,1,14.0,1
2025121309050301,パドゼフィール,2,466.0,0.0,0.0,田山旺佑,1,6,34.1,0
2025121309050302,ピエナオルカ,2,484.0,4.0,-1.0,河原田菜,3,3,5.4,0
2025121309050303,ミヤフロント,2,444.0,4.0,-1.0,森田誠也,1,11,34.4,0
2025121309050304,ロードリベラシオン,3,502.0,4.0,1.0,坂口智康,1,1,21.1,1
2025121309050305,ダノンハドソン,2,484.0,0.0,0.0,Ｃ．デム,1,1,3.0,1
2025121309050306,メイショウリュウシ,2,442.0,0.0,0.0,岩田康誠,1,1,7.0,1
2025121309050307,ヨカオウ,2,466.0,2.0,1.0,岩田康誠,1,1,8.2,1
2025121309050308,ジェミート,3,490.0,0.0,0.0,坂井瑠星,1,3,4.9,0
2025121309050309,コロナドブリッジ,2,516.0,6.0,1.0,Ｃ．デム,1,1,7.5,1
2025121309050310,ポルポラジール,4,524.0,6.0,1.0,田山旺佑,1,1,40.1,1
2025121309050311,ブルーミンデザイン,4,504.0,10.0,1.0,坂井瑠星,1,8,11.1,0
2025121309050312,アラベラ,3,448.0,20.0,1.0,北村友一,1,1,7.4,1
2025121406050401,ガルディーノ,2,484.0,0.0,0.0,佐々木大,1,10,201.5,0
2025121406050402,ジャスフォール,2,496.0,6.0,1.0,佐々木大,1,14,4.8,0
2025121406050403,ラージアンサンブル,2,472.0,2.0,-1.0,岩田望来,1,1,5.1,1
2025121406050404,タガノバルコス,6,482.0,0.0,0.0,高田潤　,1,4,9.0,0
2025121406050405,コスモシグルン,2,478.0,0.0,0.0,柴田大知,3,3,56.8,0
2025121406050406,コウジハラ,2,426.0,0.0,0.0,長岡禎仁,1,2,43.8,0
2025121406050407,ケイアイアギト,2,518.0,6.0,1.0,佐々木大,1,1,40.8,1
2025121406050408,キャストロププ,3,498.0,4.0,1.0,丹内祐次,1,2,4.5,0
2025121406050409,フナデ,4,466.0,8.0,1.0,丹内祐次,1,12,17.1,0
2025121406050410,ブライアンセンス,5,520.0,4.0,-1.0,岩田望来,1,1,4.5,1
2025121406050411,サンライズアムール,6,520.0,0.0,0.0,北村宏司,1,6,19.9,0
2025121406050412,ウィンターベル,3,496.0,14.0,1.0,舟山瑠泉,1,1,30.5,1
2025121407050401,ブルーメサンライズ,2,462.0,10.0,-1.0,富田暁　,1,1,3.8,1
2025121407050402,ロイヤルスパイア,2,462.0,6.0,-1.0,松本大輝,1,5,3.5,0
2025121407050403,シルフズミスチーフ,3,464.0,6.0,1.0,今村聖奈,1,2,4.5,0
2025121407050404,グレーヌドジョワ,2,456.0,0.0,0.0,富田暁　,1,1,3.9,1
2025121407050405,トーセンブリラーレ,2,506.0,0.0,0.0,長浜鴻緒,1,5,20.5,0
2025121407050406,テンミラクルスター,3,450.0,8.0,-1.0,今村聖奈,1,1,3.3,1
2025121407050407,ヒサエノオモカゲ,3,480.0,10.0,1.0,長浜鴻緒,2,14,3.1,0
2025121407050408,キョウエイカンセ,4,498.0,6.0,-1.0,長浜鴻緒,1,1,5.0,1
2025121407050409,ケイアイアルタイル,4,530.0,2.0,-1.0,藤懸貴志,1,3,53.8,0
2025121407050410,バルナバ,3,504.0,2.0,1.0,斎藤新　,1,1,4.7,1
2025121407050411,エコロマーズ,4,498.0,10.0,1.0,小沢大仁,2,8,5.7,0
2025121407050412,カウンティフェア,3,458.0,4.0,1.0,永島まな,1,3,25.7,0
2025121409050401,クレマチス,2,496.0,2.0,-1.0,高杉吏麒,1,5,12.1,0
2025121409050402,カナタコナタ,2,486.0,2.0,-1.0,松山弘平,1,1,5.4,1
2025121409050403,ブライトエアリー,2,458.0,8.0,-1.0,津村明秀,3,2,6.9,0
2025121409050404,テイエムスティール,2,426.0,0.0,0.0,田山旺佑,1,1,4.6,1
2025121409050405,ブラックシャリマー,2,506.0,0.0,0.0,西村淳也,1,3,4.0,0
2025121409050406,カネコメブライト,2,470.0,6.0,-1.0,和田竜二,1,3,22.6,0
2025121409050407,アロマフェリス,3,396.0,6.0,1.0,横山武史,1,2,7.8,0
2025121409050408,ゼンノツキヨミ,4,452.0,0.0,0.0,高杉吏麒,1,3,46.5,0
2025121409050409,エコロディノス,3,482.0,4.0,-1.0,池添謙一,1,1,3.3,1
2025121409050410,ロードプレジール,7,504.0,2.0,-1.0,高杉吏麒,1,1,30.1,1
2025121409050411,マーゴットラヴミー,2,428.0,6.0,-1.0,武豊　　,1,8,8.2,0
2025121409050412,ネーヴェフレスカ,3,444.0,4.0,1.0,北村友一,2,1,5.5,1
2025122006050501,シュピラー,2,458.0,0.0,0.0,菅原明良,1,1,3.3,1
2025122006050502,ケイツーリーブル,2,452.0,4.0,-1.0,津村明秀,1,1,8.0,1
2025122006050503,ドッグウッド,2,452.0,6.0,-1.0,マーカン,1,3,62.1,0
2025122006050504,ゴールドブレイズ,2,434.0,0.0,0.0,荻野極　,1,1,7.3,1
2025122006050505,ニシノモリミチ,2,488.0,0.0,0.0,菅原明良,2,6,7.4,0
2025122006050506,ピエスユニーク,2,486.0,0.0,0.0,戸崎圭太,1,7,8.3,0
2025122006050507,エコロガノン,2,448.0,4.0,-1.0,菅原明良,1,1,4.0,1
2025122006050508,ダンケルド,3,506.0,2.0,1.0,杉原誠人,2,1,4.2,1
2025122006050509,ヒシアイラ,2,458.0,4.0,1.0,荻野極　,1,5,3.9,0
2025122006050510,タイセイアディクト,4,500.0,6.0,1.0,ルメール,1,6,3.9,0
2025122006050511,ウンブライル,5,486.0,6.0,-1.0,ルメール,1,12,3.6,0
2025122006050512,ショウナンハクウン,5,508.0,2.0,1.0,荻野極　,1,3,12.2,0
2025122007050501,スイーヴル,2,456.0,2.0,1.0,長岡禎仁,3,11,136.2,0
2025122007050502,ハヤブサオヒメサマ,3,452.0,2.0,1.0,河原田菜,3,3,20.5,0
2025122007050503,スルーザナイト,3,490.0,4.0,-1.0,亀田温心,1,1,6.8,1
2025122007050504,テイエムアイラン,2,402.0,6.0,-1.0,亀田温心,2,2,3.4,0
2025122007050505,サイモンシャリオ,2,488.0,8.0,-1.0,吉田隼人,1,4,8.3,0
2025122007050506,タガノヘラクレス,4,518.0,12.0,1.0,高杉吏麒,1,1,4.3,1
2025122007050507,ペイドラロワール,3,468.0,10.0,1.0,高杉吏麒,1,1,18.6,1
2025122007050508,モアリジット,4,510.0,10.0,1.0,古川奈穂,1,1,9.1,1
2025122007050509,コラルリーフ,2,460.0,4.0,1.0,鮫島克駿,1,1,9.2,1
2025122007050510,トルーマンテソーロ,6,530.0,2.0,-1.0,塩津璃菜,1,1,33.9,1
2025122007050511,アルゴナヴィス,4,486.0,8.0,1.0,高杉吏麒,2,11,5.6,0
2025122007050512,ガンマジーティーピ,3,464.0,0.0,0.0,丸山元気,1,1,5.0,1
2025122009050501,ゴールデンバランス,2,516.0,6.0,1.0,松山弘平,1,1,13.8,1
2025122009050502,カフジエメンタール,2,522.0,6.0,1.0,坂井瑠星,1,3,3.3,0
2025122009050503,サトノセプター,2,452.0,4.0,-1.0,岩田望来,1,1,3.5,1
2025122009050504,ルドヴィクス,7,518.0,0.0,0.0,上野翔　,2,2,8.0,0
2025122009050505,ペイシャシス,2,400.0,0.0,0.0,酒井学　,1,3,7.7,0
2025122009050506,メイショウコマチ,2,474.0,0.0,0.0,太宰啓介,1,1,17.0,1
2025122009050507,マンオブザマッチ,3,490.0,0.0,0.0,川田将雅,1,2,23.5,0
2025122009050508,メイショウドライブ,3,448.0,10.0,-1.0,松山弘平,1,1,6.1,1
2025122009050509,テイエムサンレーヴ,2,514.0,2.0,1.0,団野大成,1,5,6.0,0
2025122009050510,シュバルツマサムネ,3,476.0,6.0,1.0,藤岡佑介,1,1,3.3,1
2025122009050511,デュガ,6,500.0,12.0,1.0,坂井瑠星,1,1,10.6,1
2025122009050512,ブルーアイドガール,4,452.0,12.0,-1.0,北村友一,1,1,3.6,1
2025122106050601,フュルスティン,2,466.0,4.0,-1.0,横山武史,1,2,7.1,0
2025122106050602,ヘルメスギャング,2,466.0,10.0,-1.0,今村聖奈,1,1,71.9,1
2025122106050603,スターサンサルー,2,420.0,6.0,-1.0,内田博幸,1,8,63.3,0
2025122106050604,ダノンロッキー,4,500.0,0.0,0.0,五十嵐雄,1,1,3.8,1
2025122106050605,ロデオドライブ,2,464.0,0.0,0.0,北村宏司,1,1,8.4,1
2025122106050606,ファンシーズ,2,442.0,0.0,0.0,丹内祐次,1,1,5.0,1
2025122106050607,ジッピーチューン,2,430.0,4.0,-1.0,戸崎圭太,1,1,3.7,1
2025122106050608,ミラクルキャッツ,5,472.0,2.0,1.0,佐々木大,1,5,30.1,0
2025122106050609,コンドゥイア,3,486.0,4.0,-1.0,マーカン,1,3,6.0,0
2025122106050610,ベルギューン,3,482.0,0.0,0.0,マーカン,1,12,23.2,0
2025122106050611,ドラゴンブースト,3,486.0,16.0,1.0,丹内祐次,1,1,7.3,1
2025122106050612,ピコローズ,3,442.0,2.0,1.0,マーカン,1,2,4.3,0
2025122107050601,ウェルム,2,500.0,2.0,-1.0,亀田温心,2,15,4.9,0
2025122107050602,スプランドゥール,4,478.0,8.0,1.0,石神深道,1,1,3.4,1
2025122107050603,オリーブグリーン,3,530.0,2.0,-1.0,古川奈穂,1,2,7.4,0
2025122107050604,ペアレンツギフト,2,434.0,2.0,1.0,小沢大仁,1,10,3.0,0
2025122107050605,ペルセポネ,2,478.0,0.0,0.0,河原田菜,1,1,6.8,1
2025122107050606,ノクナレア,3,452.0,18.0,1.0,荻野極　,1,1,3.1,1
2025122107050607,エメラヴィ,3,448.0,4.0,-1.0,斎藤新　,1,1,5.3,1
2025122107050608,ミトノオルフェ,3,516.0,6.0,-1.0,菅原明良,1,1,12.8,1
2025122107050609,マジッククッキー,2,502.0,2.0,1.0,鮫島克駿,1,6,4.2,0
2025122107050610,ディヴァインスター,3,496.0,12.0,1.0,菅原明良,1,1,5.5,1
2025122107050611,ワイワイレジェンド,4,498.0,10.0,1.0,高杉吏麒,1,16,7.2,0
2025122107050612,ララマセラシオン,4,526.0,8.0,1.0,中井裕二,1,12,21.1,0
2025122109050601,ソルチェリア,2,498.0,0.0,0.0,古川吉洋,1,1,5.3,1
2025122109050602,ブルーマッキンジー,2,494.0,2.0,1.0,川又賢治,1,2,9.2,0
2025122109050603,ラコンチャビエン,2,430.0,12.0,-1.0,ルメール,1,2,10.7,0
2025122109050604,ケイアイアマゾン,2,474.0,8.0,-1.0,藤懸貴志,1,1,119.2,1
2025122109050605,トリニティ,2,438.0,0.0,0.0,ルメール,1,1,9.0,1
2025122109050606,ビスケットアソート,2,468.0,0.0,0.0,岩田望来,2,4,7.8,0
2025122109050607,ヴァリージア,5,510.0,10.0,-1.0,ルメール,1,1,5.4,1
2025122109050608,トゥーザムーン,3,488.0,0.0,0.0,ルメール,1,9,5.7,0
2025122109050609,ヒルノドゴール,4,528.0,0.0,0.0,武豊　　,1,6,9.6,0
2025122109050610,クールミラボー,5,502.0,4.0,1.0,Ｃ．デム,1,5,8.7,0
2025122109050611,エコロアルバ,2,474.0,2.0,1.0,松山弘平,1,4,4.9,0
2025122109050612,ウイントワイライト,3,446.0,0.0,0.0,武豊　　,1,12,4.5,0
2025122706050701,スーパーガール,2,496.0,4.0,1.0,丹内祐次,1,7,5.3,0
2025122706050702,テイクオンミー,2,498.0,2.0,1.0,柴田善臣,1,4,22.4,0
2025122706050703,マーガレットクレア,2,438.0,2.0,-1.0,原優介　,1,4,63.4,0
2025122706050704,ポッドクロス,2,452.0,4.0,1.0,荻野極　,1,1,7.0,1
2025122706050705,ルールザウェイヴ,2,426.0,0.0,0.0,マーカン,1,1,4.6,1
2025122706050706,ジェラートキティ,2,430.0,0.0,0.0,舟山瑠泉,1,1,3.7,1
2025122706050707,ヤコブセン,3,514.0,2.0,1.0,斎藤新　,1,9,92.4,0
2025122706050708,ミダース,4,520.0,2.0,1.0,マーカン,1,1,3.6,1
2025122706050709,ミニョンマルーン,3,474.0,2.0,-1.0,丹内祐次,2,8,7.7,0
2025122706050710,ジューンベロシティ,7,470.0,2.0,-1.0,高田潤　,1,4,5.3,0
2025122706050711,メイショウハチコウ,2,506.0,10.0,1.0,三浦皇成,1,16,133.0,0
2025122706050712,アマキヒ,3,498.0,6.0,1.0,戸崎圭太,1,2,4.6,0
2025122709050701,ファイブタンゴ,2,508.0,6.0,1.0,Ｃ．デム,1,1,8.8,1
2025122709050702,アビラーシャ,2,470.0,8.0,-1.0,団野大成,1,3,7.1,0
2025122709050703,ゴディアンフィンチ,2,528.0,6.0,1.0,横山和生,1,4,8.8,0
2025122709050704,フレイムスター,2,526.0,2.0,-1.0,和田竜二,1,1,51.8,1
2025122709050705,ミランド,2,448.0,0.0,0.0,小沢大仁,1,6,112.7,0
2025122709050706,アメリカンコール,2,520.0,0.0,0.0,Ｃ．デム,1,1,3.7,1
2025122709050707,ブラーヴイストワル,4,508.0,2.0,1.0,武豊　　,2,4,4.7,0
2025122709050708,ゲイルライダー,3,516.0,4.0,1.0,高杉吏麒,1,9,4.8,0
2025122709050709,アスミル,2,488.0,2.0,1.0,団野大成,1,1,7.3,1
2025122709050710,ダブルジョーク,5,578.0,4.0,1.0,小沢大仁,1,8,14.7,0
2025122709050711,ルガル,5,532.0,0.0,0.0,鮫島克駿,1,1,7.1,1
2025122709050712,ショウナンバルドル,3,496.0,2.0,1.0,団野大成,1,9,6.5,0
2025122806050801,ピュール,2,406.0,6.0,1.0,木幡巧也,1,1,96.7,1
2025122806050802,タイセツナヒ,2,480.0,2.0,1.0,マーカン,1,1,6.7,1
2025122806050803,ツルノマイハシ,2,460.0,2.0,1.0,戸崎圭太,1,6,9.6,0
2025122806050804,コパノトーマス,2,482.0,4.0,1.0,原優介　,3,9,15.0,0
2025122806050805,ジオストラテジー,2,504.0,0.0,0.0,戸崎圭太,1,4,10.0,0
2025122806050806,デルマホダカ,2,484.0,0.0,0.0,菊沢一樹,1,8,266.8,0
2025122806050807,クインズシフォン,3,456.0,0.0,0.0,石神深道,1,5,9.2,0
2025122806050808,プルナチャンドラ,4,504.0,2.0,-1.0,石橋脩　,1,2,7.8,0
2025122806050809,エコロレイズ,4,504.0,0.0,0.0,菅原明良,1,6,36.3,0
2025122806050810,ワークソング,4,482.0,4.0,-1.0,マーカン,1,13,8.3,0
2025122806050811,ミステリーウェイ,7,500.0,0.0,0.0,松本大輝,1,16,53.5,0
2025122806050812,ケイデンシーマーク,5,444.0,4.0,-1.0,津村明秀,2,7,45.8,0
2025122809050801,ジューンセクレタ,2,518.0,2.0,1.0,富田暁　,2,2,3.5,0
2025122809050802,メランコリニスタ,2,458.0,2.0,1.0,岩田康誠,1,4,8.8,0
2025122809050803,ナリタエスペランサ,2,482.0,8.0,1.0,ジェルー,3,3,15.0,0
2025122809050804,マリリンバローズ,2,468.0,0.0,0.0,吉村誠之,2,2,3.1,0
2025122809050805,ナックエルドラド,3,500.0,4.0,-1.0,水沼元輝,1,1,18.5,1
2025122809050806,ララファキュルテ,2,480.0,0.0,0.0,和田竜二,1,2,4.5,0
2025122809050807,ニューオーリンズ,3,520.0,2.0,-1.0,和田陽希,1,1,5.9,1
2025122809050808,ゴールドダイアー,3,492.0,2.0,1.0,和田竜二,1,1,4.6,1
2025122809050809,テラメリタ,4,482.0,2.0,1.0,岩田康誠,1,5,3.7,0
2025122809050810,キーパフォーマー,4,462.0,2.0,-1.0,岩田望来,1,5,3.8,0
2025122809050811,ロードフロンティア,4,464.0,2.0,-1.0,岩田康誠,1,11,21.0,0
2025122809050812,イツモニコニコ,4,500.0,0.0,0.0,田中健　,1,1,4.0,1
